807049 788963 805252 774407 764263 807852 830993 753301 807965 807242 793262 833512 795343 808407 784120 788732 784156 785724 746336 813948 747055 791007 793626 768982 818127 841634 801901 789200 762963 767421 762881 732036 789030 794279 795973 844405 833628 833775 773596 740339 800426 773027 771809 797036 828659 829823 778910 741845 788064 749191 828325 797008 814252 816929 801951 792344 769936 860910 842964 766236 744138 749468 809601 804722 783082 810842 806715 836850 827486 761910 818121 769814 808233 832304 783488 803836 828421 742217 827402 821466 769105 792908 766051 771884 781472 880992 787425 816941 852271 776819 786257 772433 818171 787511 849484 752277 757148 777841 789462 801367 805078 848345 777650 885183 786849 845667 829949 782967 785453 785563 751619 810574 784429 805638 768990 816145 846751 819769 799801 812316 761869 791796 795769 823355 773507 818541 808365 813911 805432 821136 829888 805780 766299 787169 854060 790104 796676 833881 814777 762494 811600 835502 779694 782377 790548 780704 809326 761509 839206 795427 801502 826700 789548 793529 783919 794134 816571 818554 747811 731145 808429 811342 758880 800172 824450 806521 776898 777740 782643 740458 880520 799442 824452 813900 841231 822723 750098 790253 793783 858156 774522 834458 877141 824331 804663 804906 784964 786320 752458 838073 800375 755106 780751 779075 745231 744496 808203 805114 811073 791081 772366 834650 779805 771827 795306 785347 786456 839455 775823 780505 750742 796651 740911 826321 840809 796875 794841 788951 815925 837996 779405 758822 771663 811944 815283 764030 796822 809894 816174 770176 859574 780928 809480 788257 808101 763467 796538 759206 777174 778197 827832 810404 734502 796952 806366 828082 793811 804349 825884 806284 737406 812599 779259 794170 816614 804907 789210 806065 818108 777489 791750 831161 779604 788675 783298 813198 825372 777375 777033 783276 770845 775765 794681 795264 773392 817411 823637 801971 808785 842207 796756 789417 815057 791840 750079 820591 776395 750753 771115 824744 799530 818473 791714 804915 794459 843724 801992 827272 767548 741886 772043 750320 856309 810659 777332 799161 820261 776564 793179 798940 775377 823617 836501 786039 806481 766044 823392 828867 784291 820656 795354 801559 811448 823404 783450 758471 832065 754574 774974 764631 819543 776160 836262 775055 779719 857646 815949 805100 793650 781711 762556 825708 762478 776572 772665 751815 790153 739941 750756 784268 817669 839938 865931 805781 820966 806654 864819 810597 795393 804577 828150 781230 746417 794693 809864 805921 799596 761627 775078 841486 765257 792232 770316 801242 784110 830649 
805118 817813 814631 780720 802258 791759 829745 734114 801928 808458 816317 838620 780472 792950 799913 776996 798031 773498 755734 848749 743518 754425 749480 765026 808752 818292 781187 792167 753881 797685 774585 757820 793294 776966 800212 801060 824881 834205 764187 713074 764567 764046 760682 777243 799490 799803 773545 774470 807720 774895 805874 786620 820487 812756 786471 790430 755966 829435 876193 762375 717034 775506 812500 798081 780451 784229 787759 835707 788510 793741 815441 753152 767778 821657 775504 828690 809004 778554 825260 832542 792977 798914 813339 767058 774489 856658 766299 835539 812281 760754 806215 770657 770401 797038 804529 723234 791253 760354 800635 777549 814696 851725 797916 844047 778783 813114 809424 792923 785826 799743 749347 822461 802029 793767 739000 830589 825715 837269 784574 862310 794634 807105 763721 834520 772384 827530 811306 760360 800191 809808 821486 791263 788084 777642 831847 778154 812039 833982 818022 806688 793802 802231 783470 802243 751585 780983 793298 782683 828420 811852 772135 792344 769750 785704 805256 799126 801737 815660 747873 723674 823751 804354 758358 810973 860909 811730 797157 792968 788726 786639 838463 771403 819401 845181 846330 811869 774575 783652 842183 839055 784515 807019 843090 777767 769967 798929 787714 789203 756768 840896 796898 740584 772812 754626 738161 756437 832026 798438 829316 792860 737434 831615 756390 739692 787134 804064 792609 816142 774950 778544 721552 803053 728671 819676 827568 794226 744043 781314 795218 861999 759511 749712 763773 832560 830479 763160 815856 753192 826354 764520 831150 791269 823199 770006 811005 779213 783263 763076 758703 807309 813761 796970 721034 827170 781601 794416 776609 782005 839302 804097 760588 820643 752592 822032 796260 767522 819908 804905 813097 753945 776752 824907 785020 757967 798598 820550 830013 768406 787155 801172 751194 774940 790599 837828 766112 795972 808634 805075 832668 797184 758848 820715 823241 807981 728206 773047 759207 763618 761837 805832 787779 795612 787344 820986 784877 779770 803175 832065 771174 758771 776126 752082 831633 810204 770605 797786 775455 770744 814427 779499 751385 822630 840222 798699 787053 773780 803164 782741 783578 780924 789690 794771 801749 805564 723170 746287 798028 767937 773342 773523 783055 800292 810554 778887 769002 826368 822136 778070 767137 775913 747734 788999 809777 801261 773004 770519 820622 745272 745547 790006 835341 830561 871979 788224 841381 799545 823614 807111 819338 809933 809697 807652 738984 782174 765292 826110 778802 785627 775653 820152 800068 772958 756185 798567 784899 842630 
769909 766632 774121 715834 748297 784413 789555 741003 773349 797383 799405 797607 736604 789536 730003 752726 730770 734188 705274 762559 751477 729242 725918 714286 789498 772481 726330 759584 719213 731962 730729 722930 744317 721765 745722 787049 775104 768085 704885 713332 744972 722521 719739 715903 786383 785000 738915 710469 779574 753867 769765 758495 821080 773035 764068 738447 733924 774752 808249 721352 708431 738077 752593 764145 743083 760289 767601 790186 740399 761327 790336 729591 747204 796256 763333 775977 759915 692299 799770 755997 733745 763634 736835 748078 760127 839358 732136 794873 785881 764634 758292 719222 737614 752434 777987 679695 784341 698535 747835 727995 748000 781300 757998 808226 726558 800860 796442 763805 710933 727280 714774 781104 723888 758926 706281 794673 810487 804476 736293 790068 767387 774350 754861 800684 757097 766620 762397 754031 757330 802095 810867 775759 720035 740185 786709 766939 757767 825806 757876 773653 762419 783345 754040 743293 692434 722425 779679 717568 808412 753672 764502 739748 756734 762128 786631 753979 748097 787310 722795 744578 756861 730792 760292 724466 791291 749782 760268 751830 744147 703941 748747 745307 784094 783486 813047 803059 735452 788546 759045 795741 738947 764589 797522 765442 746581 732464 753991 757110 708720 804905 744750 736444 769267 734264 728432 689901 777251 774874 810741 784066 762102 801857 717215 747004 754550 740372 734842 788959 718598 765555 745324 772338 685488 757940 805884 791365 764633 730197 751928 801566 724707 703885 741756 745405 796646 725040 768658 737246 779181 757073 767842 724787 756458 748637 777500 735338 760228 744672 717130 704842 789864 744475 708866 763067 787110 764032 767192 749075 798508 736722 741628 818310 717282 784297 726785 754854 788366 741498 767718 725301 741496 799999 762554 743507 781049 763821 771284 712547 727300 742132 757550 715584 726744 759592 731897 730109 773750 744781 790355 771539 763271 766244 804766 784557 683541 763311 723948 720890 730605 763079 722059 725231 765104 783005 716314 742974 775252 766621 724722 734384 743458 682621 771444 777682 730912 753770 767482 733199 790287 764823 733799 780683 778268 765241 768776 759672 790899 750943 744556 754702 742471 755243 765112 768349 698507 696545 766580 748038 715622 738225 774417 751807 778698 753240 737331 812207 784462 760026 792792 744974 736623 721103 770082 787122 778109 761622 762051 704020 701454 759078 759692 748246 811693 757391 763565 792396 783529 740622 730900 743667 775975 775331 694457 713765 755986 792718 755051 741444 779857 757452 752710 749319 744674 772543 738245 805354 
762593 784492 770507 761859 765775 781764 851059 728655 778111 751850 788283 809605 757793 776394 759529 801012 786517 777198 753277 796528 757603 743252 743966 761857 815697 808515 784428 766259 735425 731238 750272 739286 758456 789418 797332 788430 810983 799168 745268 720052 754475 770448 744341 748687 802801 789773 776863 750611 767430 742108 818565 766831 795710 787222 797742 809965 754887 837810 831816 740263 728064 794728 797387 791703 769594 779288 784716 807327 800189 743404 833206 725630 765709 810760 755186 787030 807424 740826 836658 786620 750357 774384 771372 735867 748311 844471 757962 811989 827854 770717 765958 755900 727138 811011 786533 732935 750560 735210 807340 782515 762468 838268 775936 822463 753746 814035 797924 777438 759971 758431 742642 815263 794599 757366 728043 814437 801363 839973 778778 822891 762467 771262 763749 810214 733340 785439 809730 759170 801879 815413 811936 780405 747250 758974 812370 745755 801079 819791 804625 775580 772348 820394 778610 797596 737438 776081 810184 748995 820396 781066 788018 791846 786265 770887 812356 783498 784248 800639 721530 730674 794508 757038 745209 749656 837283 787640 747752 776165 784726 726005 829590 772022 808138 801480 822741 783789 767888 765178 794201 800933 754763 791214 823112 772620 765432 801229 806250 804362 729786 813605 766248 747280 782750 733718 760182 715539 798662 756173 796902 802152 742831 829383 757893 765627 759320 764954 746707 838922 754958 776489 750165 747525 735866 772147 820713 782793 775739 766455 763025 821351 762955 734970 757823 767817 788649 760984 803018 764267 791759 741742 827401 766769 795837 771049 803572 765163 771843 762714 760386 787109 844827 741431 731770 757874 802811 780867 779691 770459 827738 773201 752332 803970 759227 816304 754674 773840 770443 785891 807399 772566 772170 798735 787302 769582 775521 794667 808763 746484 786557 791693 759546 760558 727988 811394 763911 790924 786299 777501 811398 788955 764808 766910 779743 782341 717884 757328 754237 702930 745596 780449 790981 773590 780294 771739 780816 787566 777272 816861 775980 744962 734357 743383 820378 797869 765323 816877 772463 772563 795620 796448 751023 788543 815561 774527 782671 771682 764965 817865 774822 782128 753006 793402 800064 790078 728179 709178 810466 767676 730490 760264 806115 747144 817745 774244 748200 829254 805865 783540 764058 750960 755174 768665 780967 798267 749618 764467 777763 699149 736277 762772 791262 827849 797288 768323 808108 760083 809748 758609 790326 780934 783081 782580 707828 711111 763773 787614 773358 766509 777909 817931 742315 740870 741450 805604 781316 820624 
815327 819193 823733 783215 813511 842002 849613 797031 853594 853471 844897 859705 810254 839739 784998 842574 816966 775715 770639 876832 803024 804796 820669 788456 833549 822714 826789 786864 783428 805094 795697 786346 794418 780429 826535 848367 840167 845945 799497 783880 793875 810412 781509 806063 859248 832439 829606 806760 827346 788111 848763 839586 824115 862219 827505 831842 784954 840955 876649 781554 751093 826842 829107 828429 780541 838535 836263 868155 844303 810583 857840 785320 788686 867592 830440 856832 815031 784783 869352 821335 797388 787384 817226 790719 816220 912183 805364 893219 861594 796937 813390 807979 815781 833435 844520 771881 833097 786381 812787 816495 840119 857432 820603 899737 796214 868100 850704 834473 792503 798972 786971 869790 830486 829181 786238 870676 869673 857386 809095 853279 818859 832492 802810 875695 807941 840110 839193 836728 826374 871098 832063 816612 802918 813913 864515 808723 849141 896464 851554 841559 832535 860797 813124 819165 786485 786136 863125 770708 876099 807648 810037 829332 823879 837815 853918 823182 835544 847353 778734 745444 835001 816360 803651 800121 860132 864513 795940 831395 823575 754645 855207 827696 873103 850759 919280 808095 812256 825969 823192 882631 792448 876004 893217 821099 837788 784528 837525 838740 803673 884356 803300 769381 815276 839794 813211 746392 839103 822756 866469 822045 782576 819596 791082 775408 806804 836522 779702 849307 801438 821009 789173 818951 795875 813154 866043 851189 794121 811401 823276 862250 795202 767678 812040 834434 872936 798936 848591 839451 892808 817420 855855 809316 849689 818580 851474 805942 799239 806378 769808 803655 886540 798802 745319 839989 838431 877553 816254 780772 875583 824740 802036 863208 805247 843059 844743 822672 823123 834902 844213 815630 838609 877339 810782 826686 861694 815381 850776 788051 824143 836178 783237 781753 831850 850009 826461 846858 835983 797258 875011 822797 830708 840343 839001 811913 753703 813938 739776 800892 841514 853573 829099 813979 856258 869710 806483 852819 806470 889574 814676 788222 816055 765771 827568 855838 770645 844229 852760 820210 849676 833441 787162 859011 842493 810311 821008 841305 827413 809399 814576 815715 810158 824437 817584 840287 773755 756357 850353 813144 788558 818278 825750 830508 897462 836610 815208 874893 856737 827162 799075 792880 771833 863739 815840 838728 856408 813968 841085 750572 748173 858398 866423 859250 859273 822375 847714 838267 891332 827636 801834 830801 841624 826309 764469 781312 783782 860803 820844 769673 807215 852743 826076 811937 790396 836224 820487 856493 
767192 774798 791294 754301 757087 801653 793195 712753 793257 798340 786226 826997 750555 803729 775784 727304 772066 755353 720189 774794 742235 721118 748781 739108 757089 815611 788306 758124 747390 735009 726407 732501 741759 753093 767857 773936 833895 803054 749522 727115 778015 761363 746244 737063 810008 783910 745862 779200 771392 732049 830322 805215 789427 776370 782546 768521 771329 791113 803750 755963 719944 753400 754895 785752 744170 814238 785014 781024 805859 760057 786765 741445 759055 806301 755706 821444 798601 715681 791203 795305 741526 803990 740205 757001 770485 833266 784154 820082 797508 753042 769711 786260 763619 805830 804155 697643 775733 761284 745098 771675 797765 773999 769086 854727 732043 795122 830885 799048 761092 750956 729557 767078 740565 751422 726462 803867 821504 792200 763456 786072 748936 794979 741365 810628 754099 773562 798931 760955 759219 803666 813384 800715 713842 773073 802362 725449 770650 806865 746603 768845 774930 795657 775397 754653 738114 765872 773703 735555 793740 778912 773247 764519 746269 763879 775271 754174 766322 781329 704063 711202 747768 754713 755051 725169 799442 796350 759414 782268 777110 774747 780840 768272 786355 776264 837973 775126 743953 759733 786649 819607 757069 774973 854071 756916 766157 760759 762638 772011 732816 811790 744076 743582 737935 763400 794662 753578 778102 777211 813379 754617 745399 797558 747519 717408 773328 765165 744477 792013 751314 795034 752503 773147 752346 744775 827670 748411 799717 772186 759623 806902 750890 728082 749872 762917 795044 759289 788980 762182 809596 740276 792097 772254 802068 771503 796112 749984 748359 754507 754832 800465 826672 763520 694882 757646 740865 770476 762951 731665 811190 808964 724736 793002 717598 772140 786040 767788 772365 806988 775341 747913 723646 831537 760623 710326 769808 804351 790869 741467 762590 771327 753529 731546 750946 787618 725595 760551 763738 768145 804189 826608 743093 742389 814047 799519 714266 737730 712944 749435 757509 781170 778365 792290 755301 741040 784135 789960 774393 808309 751689 747648 784767 717949 769038 802705 744964 754335 769970 757954 768408 794672 728526 833753 775495 767274 775296 782742 791173 794095 789163 763872 756552 765235 802902 790450 689198 725047 785848 768196 727421 768827 784431 758860 824904 738703 752406 797648 764834 772708 725771 739032 750432 770377 746485 779497 768277 762000 783693 734171 724834 759119 794802 789670 832177 748321 768451 766601 799425 789495 769327 782604 781753 767786 715062 760018 772009 807655 767880 743621 770475 775267 758823 745206 757475 782754 790799 808602 
819449 816744 818575 819520 789456 807266 840560 743164 861728 824856 807386 849489 774240 811815 784327 778620 801041 776514 745659 828669 769851 785731 785819 796194 773947 823993 778606 808460 794218 785001 774840 789536 752317 804297 811801 824233 819246 830752 776985 762083 782553 797929 814307 817824 831793 788472 785830 803837 781708 765919 844934 797199 799129 847813 795175 813573 796017 838373 852299 762183 767242 800965 786990 806654 771731 824030 790925 809445 817848 806160 840918 773215 802989 877758 812107 836500 833179 790054 849986 831649 761996 789572 833705 775424 776104 873552 803118 837465 832711 821012 801960 810679 816134 832834 840144 753276 826799 770403 823290 808358 796103 823882 818500 877831 812309 845267 851513 801497 787087 785572 757367 865770 807315 810298 736122 847846 836309 843270 808100 877292 800137 812866 818517 882734 769922 817418 844482 799554 791143 844189 844110 815440 800643 803372 853745 814906 836477 864624 855855 813170 822553 855146 806890 801469 748628 805971 838239 751711 851648 805668 811417 819603 785970 794123 816798 789482 784306 805411 804602 738946 826958 770484 782235 799511 837491 827316 806373 825292 807472 763446 837308 824455 842679 853083 908533 836277 772931 791113 799115 870066 804410 830222 868974 810114 793848 801650 833978 807547 797736 836695 809142 765932 802074 803847 811346 731416 834559 789079 880240 807136 769244 845596 798338 765730 809012 847982 722330 837028 798250 833082 756006 790425 792330 827834 867227 807778 769120 829215 810600 816943 776259 769362 791463 804050 825953 798292 822229 789666 843292 757976 854986 828777 824106 808857 804829 812634 806681 815086 769977 816365 873844 810174 779006 811108 809343 819784 796017 788078 849873 823471 804317 859368 766654 788551 793922 822690 815727 818860 833598 786981 833399 852810 779755 775791 792809 862736 834767 777400 798240 825022 793661 766909 809733 814627 799028 820534 813998 815183 806631 823730 801938 802771 849776 811387 744778 810117 742244 765509 781652 808776 822321 798904 812626 830011 809785 813565 777113 841361 806588 786779 793174 778088 828914 816127 769406 810821 814131 775217 792867 826978 769722 848381 843025 816527 814149 793769 830808 779173 824808 760631 809181 816254 845761 823728 727995 733892 865845 768085 786473 788593 791833 804432 872709 795459 794878 863015 826210 813902 791972 764944 777273 785186 812729 832885 782795 800062 806287 750377 754035 811964 849671 828750 869559 798979 831541 813124 854723 781367 808484 807096 833684 816512 758263 799885 806241 844034 814199 772039 815367 833902 806595 796498 812705 804939 805207 846050 
777238 770887 773173 753096 764750 776125 824199 729637 796292 783472 806798 790129 741255 764101 755372 741444 778729 760108 736151 796373 755344 736750 746526 737430 776456 787909 758497 743275 775218 746580 746023 748868 735326 745782 765970 798762 801033 809471 714572 743956 766397 738774 733049 728410 806938 793042 744011 762370 756915 780860 806668 753536 776923 785209 782547 791478 771561 805155 807327 752820 735814 752721 752357 757937 756615 739754 792501 770668 768519 762545 836819 741055 763562 806250 755877 782475 814251 757960 837846 796914 741461 769806 764373 740478 768139 836868 738456 794193 802531 763726 748157 762623 729552 789039 764103 706381 792232 735619 756255 767863 783388 788917 779566 836410 740328 780820 799679 777970 742697 725179 733165 796244 791548 774066 726438 822474 829763 793747 758113 827379 776049 763119 782778 819495 736205 791720 755530 762225 794010 778366 796336 787494 769341 775692 799762 761529 789890 784997 796853 776985 784115 832833 782415 768572 707760 778971 766425 754473 832084 776043 789935 777635 771351 768966 772224 729728 775103 785408 733184 700575 765355 760240 725435 752333 788166 765856 738308 769861 748067 761925 801925 764470 821692 798608 843506 781183 742672 778904 765773 797106 762267 788319 791010 787986 764542 757151 779744 767421 753467 832925 777053 738870 762677 777761 743611 717595 767887 780928 809960 758673 732198 814786 746770 731629 791466 766851 708754 794428 761807 759433 771726 775387 721975 803331 832683 776130 757301 751425 769780 809091 778921 716800 750893 770946 765482 748194 778823 759047 825699 754001 809513 762200 766938 743973 808301 767966 772997 775448 742416 766063 842656 761438 690597 793219 770152 775448 772844 770257 772346 792025 750523 793570 744283 781799 752641 761680 791919 751316 797699 772730 759958 844443 766681 756571 788088 788189 786038 763530 777374 805648 746864 763638 749589 780077 750939 771417 780490 758284 797655 827771 763819 757333 811594 772196 711929 768961 697154 730480 766289 763846 779934 771032 765911 779938 726808 776386 766320 785257 748890 760449 749513 737417 793642 779156 733727 773281 766471 745414 786183 779905 732271 808471 798983 788519 773432 776725 806289 793855 754656 753024 767713 791743 811505 779422 753143 740641 798353 774378 732748 743077 782361 768441 789490 758054 769875 795223 783200 780965 778114 722691 749084 760915 776087 794796 746563 773893 783146 728556 730855 780394 787836 786321 849432 786937 774377 773247 806576 773352 753774 759974 804934 769251 724354 744261 768661 772803 751427 765865 787873 769297 755376 774549 753209 774558 780772 832564 
850286 809914 819393 776759 802622 846363 824357 747362 793304 803554 842229 810055 777936 836515 793120 797493 809342 812934 746995 842369 782359 798795 784285 799850 812990 826472 791775 785383 797748 762046 779763 754067 792968 759480 803986 828956 846889 814184 780408 758803 826393 762111 742174 791152 824458 823494 767438 791065 787220 781468 818947 810071 836025 828754 799918 837229 805396 840452 871928 763532 739784 823556 793151 791777 769063 787224 772381 806074 820662 801954 863155 759728 824030 858038 802585 807549 837800 769815 872278 811682 778947 791058 778131 762128 798322 885019 813063 836969 801202 807126 805556 794897 782554 825861 807089 770315 815171 777687 843382 762611 815852 846826 785460 860934 757900 794093 841255 763754 765554 773556 734295 842239 830285 784352 762607 863996 829370 841497 788687 844835 785436 797352 797435 842321 783873 817544 816048 799464 799385 816409 831991 804387 790895 790561 830622 797844 808696 820421 824702 807695 818630 856331 808107 800061 740950 812842 816231 757920 853182 783456 816222 832585 808476 820833 817421 800794 806312 827032 786718 773335 791563 789548 786923 805333 871808 782910 809706 788623 784352 787868 830527 806602 827690 834242 885279 824216 804669 798521 819916 825722 775152 833327 887751 801846 800412 783614 792803 803075 779425 833395 820098 783124 779849 808863 812157 738117 834117 801277 826188 816387 791324 862914 747426 778715 790968 832128 758911 853809 793444 810394 776651 813350 743719 803243 840509 815882 797092 783154 803433 859501 811744 754866 796101 802288 806467 789563 796212 787668 841869 757441 838097 795020 833989 767881 839272 764273 809338 782579 770320 804502 859082 786455 734981 809889 809677 788190 795645 783642 831635 825701 739508 850440 792210 826209 767730 793671 800663 811410 849352 758480 823959 835211 786404 792386 804299 834507 800177 758157 766658 823333 799450 759175 781105 800550 779609 824879 788494 807062 809199 832706 779074 798306 815754 807933 724580 773192 751390 763912 749908 793820 773937 774613 799415 800928 818515 798790 802385 871612 764812 774459 810739 757037 856792 818709 798301 820813 806865 788880 780106 814437 782604 818003 835918 800039 826627 780727 823311 812834 766096 803871 802364 802218 826370 846963 761407 736099 833186 763060 795401 784144 802300 796501 851637 777426 793614 844547 809536 815624 797558 772574 769062 782076 803047 803225 751043 787219 789914 729204 748650 801640 836364 815371 848568 808914 790875 778829 846822 802499 803036 799750 823839 830048 744747 771420 780067 829487 777817 742908 820612 812973 783470 773659 775453 790613 766141 847091 
842766 812213 826470 771342 802948 814269 858254 760193 835306 837900 845013 864934 780980 804847 792151 790984 804156 781929 765710 842166 797364 802246 780789 798197 840010 824149 783367 813236 767296 805442 803535 774881 766055 794397 821343 843841 834404 848948 800033 781854 813318 803230 800664 790854 839384 832768 786698 794784 820652 771447 867400 804424 831775 823005 808795 837208 785190 872135 878606 784927 760431 807132 817171 832682 794970 816643 832241 830586 848931 826854 835680 762608 805950 851930 798737 849906 829931 767024 862627 846164 804562 813780 824874 797454 796612 885924 824779 863356 830407 794962 807207 806594 798402 836384 833104 806989 809395 750942 827403 799780 816604 831494 801045 868389 776151 858711 828810 809740 763049 785634 784276 836225 829998 828639 754936 881568 834164 857020 816729 875011 839396 820620 840179 855766 793856 860555 850852 793437 824586 843539 865153 831789 789509 791129 864989 800062 827522 866864 873159 830679 830724 881197 821187 829009 777988 808598 850370 751090 877978 819964 811742 834199 809839 796814 831537 809920 840524 821834 761828 756585 832208 792911 788979 774492 877920 826992 807202 777558 824800 768117 853011 807474 847906 859782 865582 826891 781754 815228 791679 862638 780167 827700 878097 815301 823612 799353 841051 802266 794017 850702 832606 796137 803422 776143 786534 772869 815676 821534 854957 822375 781383 862342 783740 767229 787474 806815 796807 845400 772146 835618 775335 830742 771457 828619 860860 820539 785852 830872 834675 854979 813059 772586 801228 823709 835529 795044 838124 803906 859614 793565 850768 809411 825982 820113 821017 782226 784775 813919 815284 802971 839015 788125 733989 804418 848910 828635 851551 809028 879493 840532 778690 838337 793557 816096 788511 836631 830403 836698 841576 794229 809618 847399 818581 806958 819561 832552 840257 787877 815104 828693 793856 796570 795746 816722 799081 810434 829218 806779 833213 845951 802533 801324 868138 831582 790365 827831 763619 779125 779005 834780 824197 796390 820773 855526 816074 828847 824208 841520 796281 804736 758812 756728 832628 851229 795322 824276 806644 803626 829111 842987 770514 827480 864718 825111 838038 812107 835064 806602 780560 803465 794013 817730 831198 826954 739106 776777 854956 797434 800053 798733 838016 807917 875264 819015 788427 853908 827146 813681 811528 799422 802692 806032 797695 829322 818725 795700 795947 746561 765138 810009 846198 827447 869738 815180 829827 837337 841151 829540 809174 806192 845468 822503 763191 796913 770691 829472 801682 798984 823829 840110 810746 815432 786798 848154 845744 857533 
802287 802644 789221 753051 760292 801725 821146 765527 806482 826138 788211 817186 765158 814508 802869 788637 783255 757960 736573 820856 753554 753303 754932 748495 808123 848671 778530 796180 783016 762200 776112 736514 730292 772125 776439 791427 824968 833724 772245 733027 772573 747154 780715 769114 811424 804408 758731 773142 780201 767924 827140 778929 790842 830203 797277 814581 774601 831083 837727 773786 728001 772399 778549 773567 761346 816433 830515 799584 830834 772463 825580 748011 786009 791897 773285 828348 820377 781192 849444 795399 792125 789642 747871 759730 807310 891374 776548 839327 803416 773129 774727 787227 803935 801629 806965 728022 788849 750751 787151 807764 791698 847696 786510 895474 790821 820800 844754 768888 770997 769752 771540 802291 774430 789082 738197 830374 854294 841322 787103 858507 772983 806333 788875 839589 794012 814853 769598 772010 816089 830480 840266 807909 762184 777053 848131 802588 767810 833691 800828 794707 818140 806882 778473 790870 767122 773853 812827 775541 846072 796517 756012 815893 775337 804619 817017 788369 806535 819660 760260 729262 825728 789236 778308 788481 850332 796713 757081 807505 783809 789600 829139 755174 852391 822356 833475 849710 783203 787142 818368 847589 793052 787840 845075 792239 773929 769262 783492 813197 766876 837600 746073 734456 766603 756574 798488 724319 806602 791149 822636 810433 761057 819113 796672 746217 812033 802462 753329 847066 782914 779093 753455 772892 751470 815986 860066 800713 764615 777966 794548 848041 767470 753052 771667 803430 810809 758924 785298 768919 810004 770290 834194 836383 793429 785450 838818 800182 777710 787639 731028 789246 854810 767204 739825 813623 818829 835849 788891 780744 826073 786020 740664 832769 730065 788321 786234 783246 785307 811182 797804 782667 808241 847920 780336 765687 791444 817986 806100 750477 785008 794342 754021 775332 777346 784559 789994 830970 836945 773777 858734 827451 797180 802993 813195 803458 731071 775606 746547 764261 732286 793153 757126 781959 805151 787301 796217 803955 771495 832596 781501 747197 774355 717297 844294 843441 786543 794517 762360 796698 795083 779810 777868 832204 813712 789055 800940 827669 797253 801166 799218 783883 782301 798858 820380 840938 758247 720166 806061 786086 793559 803129 790744 758655 847970 795243 798521 843751 801855 787522 798120 754268 755747 780231 767267 816283 775409 761909 803384 733340 743066 807884 827877 830610 845064 799744 813419 803393 815241 799265 792227 800752 802772 816226 759209 766136 759529 815842 730335 775092 798887 809461 792673 804244 766138 795765 773518 814333 
810972 794514 824651 751311 771044 795539 853808 771407 784537 804553 809193 830305 762161 793610 798108 785265 786463 767147 749871 846843 769568 780049 794117 773081 821387 803160 796691 806317 760905 752043 763096 758748 775710 786132 774886 827345 843367 852203 770102 769674 784187 766657 783410 800746 830368 802525 773691 770322 806563 754450 809188 784211 832204 811697 801471 802120 761936 839453 847653 780073 715420 799009 778269 815003 795726 792710 810016 835499 795297 779457 834388 755881 776825 845204 776220 805222 806524 758857 849890 804249 769904 801518 791572 771212 785072 858249 805054 837741 813521 803241 776908 795835 785306 818877 820566 715956 769044 756704 771102 812972 771569 834427 806617 870463 773439 830178 855958 806684 765159 775370 748066 811964 809495 799271 752118 837079 822109 818754 758071 849284 816326 802014 801587 829791 783534 776208 761601 790999 811682 835157 849346 798924 782426 774283 830003 786718 795884 837073 832806 854799 798440 840714 824608 793262 753888 814694 823130 760849 841663 802866 792516 824691 785014 809925 821652 768615 801165 834376 751851 742375 814805 796067 808608 772359 829411 804284 815908 767388 814702 751196 830706 782828 833672 832177 843009 835040 777046 788206 771595 839429 775298 822407 873025 835905 788722 803076 826950 814731 778182 862309 787493 793467 793683 771416 775567 728409 810356 792504 832671 808706 759128 828762 744230 783772 770212 802808 744880 818233 779312 828343 759193 804970 775258 789229 821690 808554 775688 786613 795243 834866 770544 755241 767914 787002 804582 795371 792873 785988 844215 769122 836609 781678 826317 788303 837491 778608 771566 803828 776873 806916 832427 786791 733995 768056 799240 798911 809311 776779 831377 814446 774368 849485 761419 814597 801825 793168 804618 848525 818208 773741 786114 853623 796078 777113 853027 804762 816407 786187 791007 794873 760884 765996 763409 817195 790570 828041 794114 792152 804805 822183 801776 765879 817153 791218 744895 807869 732859 740397 762552 817580 825803 777024 782272 805037 787634 800771 782356 795403 754608 779244 780958 719404 841170 826090 758040 804286 815725 797815 797865 784665 786142 815649 858781 773428 817342 777223 837386 801397 808179 786333 808559 822306 807313 825923 747458 752523 819595 776604 772202 809226 785555 800086 843837 805392 790995 832848 830188 827714 807305 762900 768352 790792 786374 803477 761139 773493 801792 731464 764668 803875 821736 837878 858498 797498 824828 793054 813508 809470 798819 781179 810154 785281 750229 785685 778076 832007 792947 772079 843638 815254 774592 815085 772828 786217 771620 849150 
827679 823801 825629 832459 837532 827706 863856 796559 852765 805033 861258 852210 793526 818188 795574 814645 839497 794009 763460 841099 836147 800704 790993 774416 836541 844600 828001 811953 816643 804627 808262 747345 798560 773193 801254 824745 857524 867032 774872 786835 788091 824031 796718 782352 838549 828362 812432 822275 802492 811265 828523 798447 834367 856933 825822 847675 802742 856807 847794 794177 759913 808912 793537 833670 816418 834665 807804 812611 829840 820389 866376 772297 804193 845249 815132 859998 819548 775828 868114 833125 782825 819375 807642 788850 798070 874103 800545 859336 863691 807508 823630 803294 820773 834030 857912 774173 825640 781205 804116 799158 837683 825955 820185 907431 802907 853700 853755 807387 822179 810529 770221 842615 820684 825115 774215 859357 884549 856041 825204 852894 821638 816532 823608 864652 807900 810888 823009 795153 831173 861953 862668 831286 787950 801850 884890 816994 831697 875214 830372 834839 870839 870705 812352 795069 776481 790425 842283 771573 824691 807776 817844 813540 783130 792089 835807 811156 840290 842268 747707 738444 795050 817251 799302 816858 847041 801095 798326 831133 811675 775234 866988 796802 854329 833813 887902 849411 785578 849003 846847 848787 776902 839798 861635 840399 804626 817614 796132 864872 767093 841329 813172 788417 798962 801061 802425 769996 827575 827448 847251 822300 811390 849314 794791 782185 803305 831669 773063 884421 814392 831011 783718 798921 768611 816347 866536 813941 795191 802453 814470 863112 800709 764869 801688 805674 847765 800730 823684 785632 828310 789265 833280 792305 820571 803732 871389 815934 826842 794648 797455 818985 887883 781485 765115 825662 845457 820326 800853 786390 880714 819592 788093 867929 786451 855738 817986 808391 822317 825575 825768 815991 788914 892585 831265 806009 827256 858282 825005 795125 818211 825484 790924 787421 809214 846383 812975 823327 867737 812180 868348 849834 796467 804841 868433 813548 747065 805662 779899 785884 783469 832774 806230 826560 812056 815985 823321 845781 820938 867408 791438 770146 814601 751612 841114 881369 775813 810660 814754 794526 829272 817179 762916 858803 856501 817211 822400 844928 844016 817718 831527 833426 799473 805361 856768 860330 770287 783770 844748 816265 752421 837536 853777 811835 862203 779001 823679 857701 840976 839589 802680 791261 818757 829583 818417 850808 790535 801512 828376 752735 765204 817255 851331 861104 895033 801461 830099 829559 848106 831057 817083 841643 878621 843421 772814 790869 819397 847925 820550 765216 831206 804198 805396 818248 783964 824584 814497 851314 
814640 801806 839580 759296 805134 833599 853709 744846 820010 843199 826393 838737 769529 791825 800472 790887 829553 804927 758434 816051 770608 763048 801887 787830 842052 833078 790257 775483 782115 792357 803730 780434 792736 786414 808762 825699 820294 842820 779304 780094 791399 792415 800117 744008 862296 820161 773618 774829 824066 812400 842129 794849 805297 842021 829629 810020 811576 834005 854292 750804 706321 810128 792955 817400 792586 810592 812303 840348 804053 787322 854902 765796 785438 854550 788305 823129 850029 787657 850194 806318 775747 811730 784749 789722 778473 855395 791214 830887 792918 797555 779557 790728 798775 814473 833656 762419 783973 762570 810347 792915 780465 844057 837274 866870 756534 858615 840639 776785 781883 801127 763216 795559 788880 782977 735608 853375 857979 858002 817025 851042 815684 839394 800738 834081 813494 796941 801962 801993 815744 848644 883747 810858 772707 774868 826223 818280 803914 829005 821598 805122 803000 837762 811844 792800 745549 799078 812463 751128 820566 826106 799417 819766 780165 802650 821242 790898 835119 836968 772312 748305 798553 785197 758810 794869 881171 815396 791978 814900 776078 776817 824130 777988 847339 854611 854708 831872 802924 802726 824052 851627 761271 840062 876527 805728 762843 787958 821600 815130 787445 869958 784868 790937 792720 775896 788898 729922 784647 803138 845744 782028 787815 855924 778167 757436 771089 800434 774479 851715 801598 781640 807432 812832 767364 850263 872107 784121 802900 815557 822768 853228 801961 756536 782195 844434 816001 801535 803233 805401 849554 794694 840433 782465 849218 805182 835607 784519 818530 809539 785473 830858 865155 789698 743883 821067 791503 797758 791327 792784 855649 811387 776333 833075 774569 854688 817234 826569 784044 814480 833206 791833 798174 859915 788687 785424 825589 850551 813081 764411 778216 775911 820027 768944 765520 809656 807544 828066 818034 819266 818088 843497 795837 809324 838946 812334 774125 812026 767106 746750 776725 814218 792791 818179 788436 831866 774720 799217 810590 827567 813808 756686 783538 761401 852296 834388 762950 793942 788919 817973 804731 833363 737155 863960 839050 784372 804241 788609 807554 795343 791271 812323 792847 807764 825990 819604 727619 767559 825631 775149 770316 801071 812688 796429 822199 806377 823156 831501 844500 848569 775641 785982 769587 778155 796422 842543 793053 769688 808989 760678 757964 820249 823469 811372 878523 809513 817027 819710 840835 807840 817754 780954 823269 819562 786248 779619 813601 821651 800618 789402 821107 826694 809949 778558 777501 792126 801539 848811 
848344 836428 851202 823755 837144 847630 901724 786356 866540 856587 873627 884722 831333 866789 846295 806454 846319 830944 786469 894917 814096 801793 815035 829913 853283 860134 857330 838187 794090 824763 843198 799983 827814 826573 841667 821802 887419 846423 823784 793987 828462 811177 807837 819927 882984 855680 833725 808660 838504 837796 882837 839197 886162 874100 863426 868735 815521 865645 875444 811192 768482 807508 849488 821314 812991 857507 838520 850436 838390 830091 881286 820310 812280 855874 806037 877987 885859 820894 894364 856183 825349 850507 846552 800726 825753 912185 844202 890016 874924 857642 875632 843547 848554 856031 893911 780986 823990 830181 836203 858616 849092 882293 838254 914032 847267 906357 864691 842465 850239 826199 809637 870572 837586 831248 827223 878323 864330 858436 832001 887468 833569 855322 839861 879730 836154 833195 855339 854332 827597 870237 828173 843702 822924 835191 886606 818199 834366 909965 859584 878687 848257 886378 832600 837154 828102 820946 814722 810682 905071 833772 838578 853637 839305 823394 876945 833601 861635 883280 789120 787165 853536 852915 807614 817365 895779 869334 858965 840665 838666 816682 881187 858629 872446 872857 908863 870192 846027 844257 862996 891466 817091 880358 900123 874561 846423 838028 864302 854416 825645 902403 816406 792823 826102 810616 833918 774013 869080 858380 862826 830840 813641 884230 791524 800428 811446 850548 826711 901850 810234 853177 812632 859904 790905 844489 913605 846927 815519 846348 843610 858943 842512 812148 842092 872822 839283 811409 864462 838809 878169 819827 886488 823285 866867 852430 857212 834315 820586 848918 795683 843976 878973 837135 784689 850318 827576 857454 843147 812067 874967 863423 800830 876565 829368 857890 848246 853498 865403 842899 868484 838648 850400 908210 811237 812898 815864 881256 873237 785234 821817 837388 821943 779671 826491 879087 824989 855083 840319 841628 871779 879247 799733 850221 897109 879956 773678 825366 757720 794849 832271 852823 854059 817473 835160 860114 822503 857737 825501 887202 830105 841127 832462 783903 894616 857997 813864 815808 868413 823926 850625 836175 807915 883609 885994 834738 863176 811755 872362 821098 829898 835064 848390 821871 863030 864501 757994 804340 863066 807513 810749 835140 851348 843189 893504 810897 833150 892197 813818 858709 819392 835868 809285 849759 832421 868763 832792 828503 853442 797911 779513 824530 863072 886189 892985 823673 887142 829887 890086 842958 879588 829608 856753 845643 792373 804759 834406 871894 828792 798876 809760 865387 815938 808157 840932 842966 867321 905621 
774745 767701 782294 728709 735126 788904 784139 725560 771015 767871 787758 779590 739706 743680 767890 776678 754835 738591 703707 786483 737337 714987 728802 747264 774833 786740 742657 731011 734939 703144 715946 740023 699581 751773 769749 771906 789701 763938 744252 679488 717140 750820 713637 744392 764757 775698 720208 735204 771922 758229 763455 769323 770178 773509 768660 774757 762989 804731 769740 724040 737728 721615 751038 768836 729669 799547 776239 769603 772397 747923 789610 716144 745131 782426 750979 789840 782507 712949 795505 782338 688185 746048 752695 736709 747056 830466 728250 773086 768724 763300 764640 736099 728741 754960 812036 696155 739735 727775 749713 735855 770912 766524 751054 845129 720552 794908 770789 744322 742094 739225 720428 757226 759269 756911 713244 794657 771465 798651 757881 779641 755796 770605 761882 794724 739252 765839 768176 735636 775081 774579 796749 777070 732855 740864 777175 717889 756730 801331 762728 766543 760263 805091 750422 757398 725181 759595 790303 708414 800550 746937 768734 779172 738076 766641 759467 740377 769497 782843 733114 707545 758101 738188 726978 744356 816990 746002 719962 753364 754191 732888 796922 757150 812048 822254 840665 778098 723956 741005 763385 816241 719386 779793 814965 755448 764126 739446 784727 776274 715464 794244 767273 703800 758678 741582 753170 690968 787593 755807 771662 717306 737013 798902 751072 735456 747123 754120 720952 791761 718330 738673 731973 744887 732625 753630 813215 761977 738209 744867 775920 801913 723985 710052 718076 752266 776108 739632 749361 758806 794810 713225 788205 723050 777135 736463 790092 741573 744385 735225 729261 751142 823443 737149 686373 773307 765509 775195 749893 726253 790567 753265 721990 793060 717335 780126 734836 768394 771773 754644 780631 762843 740115 812228 749109 768835 752598 768102 804838 726900 733288 765034 748937 741395 738793 740128 735997 763596 764271 744665 791532 779599 739667 753613 807201 775307 678333 727074 742371 748735 705630 755826 731745 738730 766189 761675 721475 747841 754314 783465 738112 704409 738237 702982 752961 788719 716673 743289 746925 737160 763180 786297 720808 786322 814540 765769 786370 746940 752671 766018 755832 766158 758566 766492 775537 761005 731894 690975 765506 747233 731372 743339 795025 724774 802402 741267 712720 807641 782796 772296 735493 769893 735228 741772 741110 742015 738222 777307 734368 711509 711360 759215 772106 779745 815037 780698 789199 755400 827235 773286 759275 754943 777066 761606 698997 702290 750475 776504 743041 742050 748104 779800 763925 741690 730467 771449 772031 788945 
783592 740540 781697 748790 774940 784411 810909 727434 820542 812151 784609 803862 746100 775622 765831 768699 788314 735228 747077 784398 744090 741892 743520 762967 802328 784441 756112 767900 780891 759406 781469 716835 772342 737810 770662 805262 812462 801416 725765 708934 762845 778657 735594 759573 804884 758377 756251 769865 782644 777231 827429 786624 797182 774029 798704 765435 751786 825811 822774 754859 745085 760864 760294 783490 770431 776720 779316 779890 787996 773907 806558 757729 760112 797668 751596 811047 800880 739036 826308 791176 749571 785682 753535 738867 738763 822207 767465 807348 794630 791596 758028 783823 781587 776880 789743 689056 784815 745858 779510 781333 760820 853125 757765 825154 747757 804717 827031 809691 793495 778545 731131 812959 800987 788700 749354 818832 834269 805066 769298 795969 791301 778473 780612 832178 752303 781510 817349 739026 772017 783252 794845 771369 766703 781799 798699 747412 795057 824042 823443 748429 777239 802108 770601 794260 730442 762226 806721 745892 811806 761653 758948 794811 725566 764663 792926 781513 764108 815630 734024 715922 783822 779365 733947 761381 777642 747672 785167 790919 779262 753964 815596 789998 820781 796458 830051 820779 735116 749059 780253 821960 789683 798743 837562 785489 784296 788759 802337 794002 729650 816784 771762 730373 772334 750697 735595 735916 796206 767294 828017 783287 738795 843824 745490 728405 788386 769862 775411 836887 772943 771221 708770 777378 753604 767730 825908 786751 734499 785785 797108 798021 779364 732349 774171 793567 816881 768528 792363 760208 814067 778518 824385 798481 798682 768165 758510 774891 775697 773850 750043 755589 827130 772876 719911 770753 762933 798396 774820 770643 784131 792411 745162 794440 735929 779210 748167 764943 770678 788644 796711 781121 756425 847007 782912 751348 771085 798278 782672 750378 759956 763394 790128 723008 761371 797989 749960 784107 795643 779043 809952 825744 775166 760671 801886 761505 730488 765412 742951 739447 750690 782524 792616 807516 777090 789718 777380 771950 772887 822399 734002 731079 787488 738549 806144 811285 755405 790313 778058 783708 803549 799563 740294 823363 803188 771347 784228 744039 841225 785712 761473 761761 796264 759885 800539 779342 734873 719560 765119 775064 772578 773278 750019 772535 825560 769038 802894 824315 801167 781151 787403 750152 757934 739746 770670 794119 762723 747504 773307 718414 728888 754079 766294 795260 845525 760391 785096 765140 797312 798100 770145 774509 808746 785889 736100 757756 759839 783334 758918 746750 792525 818534 775147 773286 759014 786592 794393 773710 
836766 810276 841352 790019 804998 838625 868315 784265 853824 822098 849642 870276 795532 828894 832515 803175 845130 796618 772356 846963 769670 772056 791141 801026 823438 841755 813085 818854 789750 795818 793137 798354 801088 776095 827114 838387 857174 849340 824851 782402 799723 816094 809420 818050 829363 864622 814980 823250 811495 788644 876017 839779 870978 835026 837619 846589 822273 897545 868507 792375 767920 813316 811268 836151 789604 832532 811515 858494 873539 792435 844626 785600 809135 866726 817150 875202 873232 788439 861943 844093 796014 835726 815561 784405 831264 893044 831023 850134 819558 799448 828496 809114 808238 812425 844986 765027 849954 797755 808530 825156 865853 848946 815301 881490 794591 879460 852863 824118 800536 808315 782777 862856 825736 837933 763525 877622 880518 858117 818622 851759 842345 857510 843093 883356 777236 855802 860498 800022 806110 874080 853142 818669 812807 769728 840083 786785 841140 868999 835409 816541 820405 871849 813979 824238 781818 821789 844596 809900 864771 827637 809156 813552 818392 800460 835755 811636 847958 845828 786588 778202 837679 823929 784851 796707 873049 832623 770646 832072 844097 794767 849377 830400 849051 836773 871278 873736 793037 814380 838008 894290 832345 825249 910705 808405 821925 831779 841683 837300 782822 885103 858052 819373 792983 818608 837829 800942 830789 823838 889917 825762 793960 870747 815869 814930 821648 840190 814765 855492 807346 844293 795386 832325 772711 811361 877807 813330 801356 836452 842783 866238 820873 765606 799828 874589 844654 823076 844765 836762 866723 755920 846169 814327 825488 819585 847403 834854 830667 846695 807907 827784 859073 809230 723103 803837 829122 812607 832646 821982 878897 845727 801659 852895 780818 836023 810159 824610 816123 842320 858903 790059 796673 863877 815105 804206 829961 860243 856609 775216 825137 842055 787228 817667 801565 867532 807328 813547 821723 826981 863103 873034 864790 829795 840031 822440 765418 795542 758409 803508 798727 818003 823264 831403 821395 844891 851034 810835 856694 868659 806315 784561 795053 770839 836971 855688 791615 837961 810495 810735 846279 851235 776266 834863 841517 835114 837048 830859 841814 821061 839111 820922 820136 824792 841884 833199 743705 763638 844833 829621 805405 836113 798144 805791 881141 809575 829839 860698 856247 836805 802515 783153 814045 831491 826673 834839 829819 800973 825802 755224 771743 827426 856793 859161 857618 806534 823034 822996 869568 823596 832461 804644 861109 828644 785624 835499 800002 815465 848279 795693 818603 851455 832490 829110 791753 848424 843815 861775 
831558 818528 814098 801581 797259 833854 845118 764507 812504 814888 812072 834136 793751 813106 794645 764116 800790 757217 748446 830677 785178 758614 793794 780620 818845 837305 774539 786862 777903 747733 794378 767581 783013 768642 799962 825952 816867 823670 779727 759314 779382 812684 766179 745407 824209 816998 766462 791003 824306 803086 837056 801532 827703 829898 822603 831944 789255 849487 840949 762823 756379 762235 820857 815823 765273 794761 826057 815924 816157 825236 840480 747784 802867 856405 794212 819565 831750 765792 857223 832255 771836 797080 783763 788672 793836 863740 811548 850366 841526 813418 810188 778527 772100 807953 821499 725194 805219 791857 773586 819587 803057 837962 800277 849358 739098 858589 843864 821717 770936 762754 763096 860023 804695 814854 744524 846414 852959 853825 782137 834336 823512 786642 804831 846355 792386 822491 787917 818288 796901 831709 862714 789926 778912 798843 824111 791116 805136 843207 813982 810076 838487 858759 791462 783452 752392 762755 846603 748220 861346 812247 808726 833189 786992 789072 798754 800874 812274 819653 777885 732559 803872 830206 778323 787080 857394 808062 807840 771732 805698 787898 843053 798499 841050 818869 863174 839423 778247 800495 785537 844048 754184 811713 848691 815085 768156 791902 802468 808734 770239 842888 807597 777836 805492 751537 763341 746534 794945 813388 864732 803518 780220 820686 776062 738450 768573 784101 761338 853433 790938 820198 788661 798235 759197 791507 864421 833038 785775 809049 817919 843446 765682 748232 749494 779498 817956 789057 806357 793725 802662 792133 834362 783190 803962 796661 816969 796789 789395 800862 787974 788591 812488 790875 735684 810994 776464 793058 785403 782075 852054 834327 777131 831047 765845 814418 813078 792816 802549 808066 821473 755959 791746 861766 796987 780427 830517 815233 831462 757325 785795 783849 811784 758970 783508 831143 814174 783784 816220 794749 847265 806198 780583 786685 838693 822993 775115 791711 759666 751421 792961 824431 809890 831222 804465 808099 802178 803808 849251 836288 810695 763160 792759 732976 834169 819164 770386 788751 819621 789943 821316 817925 735649 820128 844609 817033 818214 767951 845788 792326 803936 814401 825500 805566 836815 810696 762991 735809 817723 760452 782812 783281 786598 802677 838612 773934 794533 856293 816636 810029 817846 777594 755848 786771 812865 818447 769816 789396 813610 773230 773161 811745 834012 827021 853762 775200 815118 797444 821445 796740 791056 762315 814276 782619 720212 757600 773939 819491 791825 760493 816292 834928 786771 774269 774953 827110 814681 838130 
849961 819229 828093 810324 848670 846966 843241 785274 886850 840013 877450 856516 805549 876320 826083 816869 830094 822467 788007 843717 805056 803700 803086 788764 835234 880032 810242 827314 800207 793297 802166 813098 786204 799240 823225 854918 876540 853023 824281 785685 777827 817803 810095 792169 856174 834504 803593 837293 852219 808892 864789 844647 870921 868921 844825 843640 828369 878501 878532 797302 775424 802552 803778 849841 789106 879786 839534 836827 846766 806728 874690 788279 798302 834705 814216 845617 886510 805655 861733 828603 804671 839254 821096 793803 827894 906444 829264 874379 838375 829778 818939 820072 816469 855754 828620 780114 845779 811379 831420 842775 839344 869184 817017 911312 844853 874826 865996 830896 814908 814492 792418 861727 823583 829446 779120 896990 846516 890843 819160 876557 826473 824040 836988 900747 810861 837718 828956 818805 844763 865434 842965 830662 805740 796894 850481 791237 853010 869274 867495 843945 836987 845464 834663 815083 766579 814814 843996 793424 865837 848435 836359 809452 835065 830271 837233 802048 818991 861744 793953 795508 845841 820527 782266 826417 891619 830632 793953 811513 829042 803727 850704 839538 852156 857935 904603 826923 841771 843447 851993 878042 822844 862107 903744 824384 818389 803361 848815 847967 817759 873349 838564 769208 831861 776320 832142 761271 874112 811563 892711 807552 784034 860420 822830 794561 814535 804808 789916 892479 827579 832826 798048 837017 774966 816419 907836 829581 823169 815631 831158 880073 803842 798186 805192 843627 837487 794558 845868 838573 862255 816549 856297 849215 855810 806986 839672 820209 836856 839410 795623 822499 885481 800009 761455 805274 826641 838704 834351 794152 857409 825720 781565 878812 797150 817955 817927 812119 842386 818545 838258 797396 852388 874160 810320 813354 850032 847477 855424 807489 825831 834460 808945 763398 815651 826185 815249 859240 823814 839378 870136 852951 801435 832804 852570 861281 770293 815346 769088 784244 822764 847604 864530 851583 834967 853092 836337 861308 831363 850972 831211 806426 825426 763009 860215 861624 804648 819466 820125 820134 819193 868063 799040 878304 849683 806216 844982 831023 881992 864296 803946 846331 819415 824944 863756 845139 781164 779288 808561 799525 823154 839751 849564 783343 880539 810100 824199 873807 866472 823101 834433 812415 793944 824417 827228 829597 816054 819497 821410 779840 759505 848990 843220 845754 885374 814788 848517 821108 889901 821646 826574 835090 834901 821117 785083 790522 795429 829806 817115 808456 845122 885265 805187 830882 819547 854561 846971 873762 
777814 773557 790082 737619 801265 782515 804414 762263 827882 807022 844876 815434 744915 790293 785175 792952 791881 771129 738401 804930 787942 769369 741449 743790 805239 828795 762617 777550 776478 784928 746517 747161 741338 760495 797344 786332 813108 823547 765171 742513 746500 769327 757834 739887 835533 785191 741334 774565 788177 771925 820829 754969 808670 796682 777927 780118 761011 815137 817754 742980 729847 767793 757838 785259 748858 769781 794915 808729 756731 793425 785040 727250 749238 841549 764428 806785 808487 744236 832685 809643 756560 816141 781122 768586 782494 847825 793083 813357 816463 773629 778018 753271 754706 811314 831603 715127 772114 768190 770911 763094 810657 837917 788594 829413 758048 831951 787240 793824 784864 750186 752922 819227 779609 779263 728507 836758 808765 808249 783224 810205 775534 799252 784411 863934 744656 793931 801942 763379 798771 802182 811578 777109 756097 777768 808762 783473 803410 805849 780239 803576 775921 840091 799783 759645 734724 749703 791435 751670 838081 806114 792536 772090 786911 789297 796420 765301 778777 827163 741126 716743 779930 786430 743674 773526 799911 804846 774678 813392 756459 754422 796923 790746 783347 818313 823038 822057 775973 812056 791432 852138 764691 781477 826400 799575 781402 723390 824908 798752 762567 847285 763645 784356 764787 759691 794847 735670 795487 807824 837047 813061 735024 831455 757454 775474 777160 761946 734584 841652 753342 810071 734432 783731 745890 777008 837905 790307 793398 792022 791099 827862 761909 759019 755944 778380 771210 771109 783723 761927 807255 744580 831869 748380 776366 777847 802605 758388 772659 787346 758494 780188 831236 777026 702854 781232 765979 797570 803667 756505 816599 773319 791567 817024 763855 797381 771111 775985 771045 820106 783288 753297 782927 845807 772194 772134 801741 824346 812705 748798 770925 770302 768573 757838 754038 818622 792184 782083 827120 773793 816300 806110 782656 781140 844517 770211 738629 778207 746844 766212 758311 785776 788002 790633 764157 815754 764314 787801 772792 791952 770857 740636 760709 748571 783756 801825 776114 781323 767685 768403 792883 783725 765901 812092 835796 820394 819706 793491 801889 761047 804875 770231 775197 785868 788758 823295 739547 711164 812851 768170 749345 761524 740001 802773 847110 754814 801451 823618 827260 802594 779271 752411 751860 742085 770264 816213 788716 774733 785983 723610 719215 798588 801663 803442 850451 774195 810532 787262 820116 768828 785871 791781 790149 797798 741958 746688 793886 793197 742141 779976 784196 811479 803347 793744 745887 780713 777651 826248 
796671 781151 810387 736918 780710 798686 826230 761826 802947 789387 804157 790994 769578 797736 762748 779591 786884 752740 710873 802865 743756 743587 745941 744089 821768 803310 785806 735899 782729 781418 738610 773218 731672 788895 765720 803289 821639 821580 758029 726496 767018 762473 770212 745334 781423 790527 744991 797936 794524 781982 806148 754325 786980 818365 793047 811759 802755 834788 798201 767004 741734 776916 774652 825501 753479 808612 803895 830420 799235 770687 826622 743696 747666 842240 797420 785330 818694 756648 817425 793323 771609 798979 785418 742800 746761 860473 816919 847559 809580 750139 780126 784010 798529 797495 815908 715137 762489 775231 781646 825019 798619 822302 781724 812562 757390 828122 819543 785423 757682 778697 747294 824414 817031 796562 727422 833349 812229 827048 777701 852481 775256 809777 773421 866006 762832 816620 762470 750396 801020 818502 792879 796728 769067 772559 836998 765558 769109 803274 801587 792135 800735 815754 783408 782581 763891 778939 801306 752655 839474 800852 786933 802343 773021 764477 807361 777715 772262 830298 766496 743248 788614 800373 759352 799740 837122 799930 758244 786528 733108 735051 802641 751075 821881 813527 830803 808444 776592 772814 820014 820151 783663 797696 855215 773289 775028 772423 754547 796193 779294 820713 798674 741382 772988 769919 770808 705221 796636 772856 835384 744898 787200 842825 760911 734289 761257 813072 738778 856891 768063 746334 766219 797328 749904 794649 843584 810378 742931 782684 798590 844914 728025 753869 774924 791348 799976 775549 800423 793185 807090 757679 817073 786124 789426 776960 836918 787153 807753 744549 787059 767841 844287 777249 724823 806168 780320 801347 797250 742720 800719 781740 749674 824682 721677 827684 772380 774611 775133 752557 806241 754843 792996 835772 774100 749774 809427 791845 804679 747544 781463 807060 755775 744899 761478 754524 804251 819221 809202 797487 803572 801222 785052 801322 822539 798808 716806 773377 716328 750873 752062 824545 796863 780335 812951 802226 780495 794851 761672 803699 804567 784647 780382 729591 821792 818279 720325 810086 764700 789158 775207 805868 748320 802936 812348 784376 805960 796225 803234 788575 744710 786637 778360 780715 829143 827005 744349 713198 820299 761879 764140 785338 763338 807748 847868 770355 784374 847519 823704 787132 784058 747850 759451 757071 821123 787405 780949 768147 782708 733826 733096 774984 824904 803995 849356 745793 796858 822040 852180 787467 772273 757568 782482 778443 714026 782290 780430 797004 770188 772570 788036 800704 754389 769496 749223 797165 793970 807783 
810998 794794 804677 767165 794199 808093 822611 763809 846311 830912 848465 851517 759898 814261 838078 771887 813850 772015 742449 819242 790534 764463 755691 766649 802316 839049 786458 793892 767966 776153 775920 803896 758439 776219 813885 803155 801709 820838 787830 756788 763416 765772 795300 783601 822914 860805 765432 780062 812496 758030 827448 795332 835154 842716 799309 810343 786091 823586 871952 803385 755914 771978 797921 812128 781131 819606 786009 804824 821240 812632 838488 723342 752300 854498 776546 833643 814097 781937 828619 799493 737650 807500 813306 770127 826646 866138 789621 855407 808176 775749 780009 814069 780616 808457 825593 737696 802447 777094 774210 801719 813005 824129 820970 853476 783179 825228 816569 786707 783786 779754 733011 838722 812042 805070 732030 860744 793206 836218 804193 804740 808748 805479 799346 849802 774339 810808 806705 777092 817130 829712 809785 834569 772330 784964 824575 781143 803815 832982 824336 792299 814957 865013 818533 781744 749988 807143 859081 771258 828060 817410 790282 833657 788566 793327 798986 802218 766364 809928 784689 752225 785457 777454 792323 795639 838837 814690 804378 780049 823626 785564 808322 801073 833340 844196 851677 825697 799672 798362 805853 851115 763464 794927 881337 796895 788632 760271 797875 803824 776771 865372 772018 741867 790644 754606 798450 713440 825658 806654 835324 807106 791175 836733 777371 758858 798212 810000 765350 863403 776395 820919 764779 811041 776903 796122 861310 798732 777357 811992 780815 855787 777032 753868 794171 798530 779768 795450 780167 768001 847033 776165 803459 809850 807417 782696 825410 804293 811147 794898 749463 810781 854426 775692 717743 799715 791405 824390 816344 799575 831276 785033 774445 827677 757893 800117 783557 814700 806562 790892 815524 805454 781295 833549 786793 777217 780448 836218 823582 793768 782643 791384 787967 758051 782709 821916 813208 787224 826315 821791 824494 819037 776997 778301 845312 797180 725843 782844 740231 762151 755698 787982 805106 824951 777614 807792 788974 793524 776022 820171 782923 742338 781350 728549 791855 831342 748842 805556 770664 778195 823583 813294 758835 808564 838680 793186 787360 806472 839442 780326 790378 787585 811365 785867 807636 839224 763057 759521 822801 784981 761485 790878 771247 796300 834378 784601 790887 858210 822198 786460 776458 766029 781394 783488 760652 812885 765583 799302 792190 736148 766289 808593 843588 834356 852397 783431 801234 825883 843020 803256 815454 806448 804378 804880 758558 751555 773075 847005 783902 810465 807772 789222 786420 815752 760882 794475 805987 847247 
816901 818801 800319 790215 767471 807233 847778 788742 834981 837282 851440 845010 779824 825631 812932 799044 799306 769417 737632 844279 783703 780384 790321 785910 832553 828848 782817 803492 798585 803568 766461 774867 753831 780404 820990 823773 833386 843550 780637 754885 769347 785125 791664 781164 830943 833005 801566 772762 809450 799899 843953 805979 819269 832025 820563 812715 816554 838739 859330 810360 747120 780688 800564 815322 791483 796308 818014 796006 808050 803463 824609 759768 791216 871749 793468 821851 815601 794475 881626 830414 818697 802503 775734 755629 818040 881842 828205 855195 844194 824153 832725 778919 789927 791257 819414 766226 819246 760101 816832 788056 849545 851179 816513 839887 807867 877665 821778 802235 799240 797699 764246 845666 809659 818548 783872 849445 845976 858061 797236 845429 794135 833776 820739 880595 782429 810096 811953 773576 803187 820757 840199 820706 811244 774687 813604 770330 788077 859003 844066 855756 828176 854064 796214 794439 780479 819481 840093 769065 859152 783330 815852 812394 802331 797436 827245 788031 800895 847353 783614 738193 824604 810478 780852 793098 863088 806131 794309 779947 803886 769173 815588 811235 835384 848730 843832 832848 798276 812161 839555 875305 780955 823250 877356 832201 825535 798747 851579 824619 767582 871873 822294 809398 801750 792259 806464 741471 835805 804528 851591 808374 819767 855025 788741 772598 835954 800696 781064 859968 785062 791244 776617 827436 729643 843034 881327 814906 785792 801162 815810 841208 807312 765531 769372 819264 848129 799576 852536 813553 854302 795284 858473 801279 824740 801837 808561 803730 796277 789670 754731 819401 860708 810536 744345 807587 824611 808887 802526 781345 836232 801792 760373 837788 797637 828555 793849 786397 827915 834673 829036 794770 811095 845397 807741 773924 831198 839521 852577 760170 828619 825731 787150 754191 777963 812188 798193 816682 813138 821268 815009 853782 779356 803325 869375 794860 766233 804334 752696 754848 790550 815793 837021 813970 819757 836254 800349 805483 796271 858880 775043 775608 808996 740677 805411 824939 779184 802663 807370 785394 832398 824464 782959 813128 867948 807941 815803 811169 813793 795393 781008 810173 784019 812935 832045 815382 755279 740167 855211 774766 788523 797955 839644 801065 829728 796927 801744 845103 826140 781273 803018 805655 784696 838239 803759 812566 784148 815110 785784 726028 740237 823604 848618 846532 886995 819922 842216 832247 855848 844273 813340 803669 831647 828639 782246 815902 793221 841101 803953 783381 839682 833304 792755 827885 762686 794909 813730 841662 
848266 845134 850588 840493 829662 851459 872022 810651 876020 863818 865614 888416 802688 852113 805050 822054 828693 856139 788177 860688 827871 833097 821472 828047 850215 874589 834418 821457 816430 798159 809794 820268 855609 824780 844153 876723 859496 866272 833242 820904 840714 818112 813007 814819 874027 856007 835650 840309 855361 817245 892379 815710 885500 879103 845708 850504 838033 888728 918377 825271 776506 835540 845905 846871 833073 845222 835431 871005 840239 825249 901027 798907 837175 883997 822841 875186 877635 781248 877466 851665 815876 844256 840020 796304 812354 929997 832627 864662 871603 853404 836664 839058 833264 844297 841078 797565 871330 811309 862268 858476 889397 884653 822699 896639 829142 878216 862191 848730 786765 842098 814912 890737 855880 855036 782778 909169 894546 868580 825724 895826 813569 869338 837202 898396 830979 858073 858230 833647 827297 872490 848482 842983 830319 832990 846032 840048 874358 894197 878360 840388 839056 885375 805815 849532 804095 844499 845521 809155 864145 855914 868008 855375 823783 818803 833433 838352 846123 878300 804763 782600 837292 805047 804136 821903 868061 867393 833269 821333 843799 765358 872294 838235 849178 868691 901794 879318 826300 841174 848006 900664 820424 879397 898360 890504 829707 814690 847046 824711 822080 909481 857205 810174 839762 811992 826735 771596 863803 853643 886441 863642 839614 882913 817639 803280 827443 846768 818366 882373 836331 856390 813009 859133 795273 859389 927974 851656 818271 855589 846208 880968 834038 809165 832462 860253 845868 838901 849655 852660 892189 831277 886087 864575 864487 836136 859575 831387 846276 835637 811139 840920 888782 815925 763692 865836 818169 869340 858448 827477 875847 853237 835638 886080 805859 862359 837381 837597 834460 855379 876377 803759 825364 889228 815384 828950 833008 851193 859607 808620 831929 834935 840937 785919 832198 848728 856511 875168 847746 874969 875984 887322 847721 836615 896780 845839 809789 839314 783792 790814 820873 839486 868866 853225 837205 859204 833262 880208 853104 874688 827192 806958 813361 791153 873502 840004 807520 842753 847746 818152 868483 860741 807727 864780 857611 837510 815082 831561 881146 825392 834904 815257 818702 830620 854994 837142 799918 794919 860079 799165 806730 861699 841991 846166 890888 846038 835579 895422 858678 856672 821944 805674 817470 856928 832890 853307 802023 826436 843971 802056 799502 844330 884193 873415 900379 835545 870830 847580 890804 843631 830217 818297 872787 830101 790997 835298 846008 861206 814287 802918 852999 890427 795270 835699 825651 844318 856375 880801 
798367 770689 808648 743119 741353 806854 829220 740765 815944 812338 787791 833152 766336 775032 764133 757605 793724 752988 731147 825030 756105 761713 754429 762308 784719 813663 771829 774796 776656 759364 771689 775723 775532 775110 781302 789614 803999 814321 777213 739258 795491 770560 764488 749083 796975 781491 755718 764723 804501 764820 814518 749044 801372 832132 766046 806703 787722 843688 837845 756811 730137 744088 774474 798152 747796 783669 785812 813501 790381 766691 821552 725991 788649 816500 738920 831802 828894 733839 832605 832853 744908 786119 768097 776911 741078 859909 771648 825463 788142 791279 779646 761053 792488 803693 798433 729359 782581 769838 785499 780414 802222 810097 774910 853164 775086 851855 786361 785175 746492 753410 760405 824350 774274 785890 712257 825353 826054 802512 756394 821887 796896 795172 781839 827810 786501 790668 815863 794237 783183 805594 786571 782816 748964 767505 827892 769503 778628 824211 790513 792112 766515 830816 794198 763604 749699 766025 787097 758878 836599 802909 790709 816969 769832 762284 796781 750688 819785 787729 746567 706900 788602 776572 753216 754745 826194 800190 766153 794037 775500 745867 833150 789668 817065 802141 845284 815402 767930 792414 802426 835356 742944 825082 834289 804861 782406 732220 786056 795052 772264 835133 789640 742003 776151 752112 788313 721732 793958 786062 809764 784612 712873 815981 769859 731168 764106 790559 746688 791433 768456 781887 756703 789821 760319 777985 839428 758121 755249 755835 792519 829098 780310 732791 785125 798142 791304 773340 820271 754048 830368 750409 826342 772404 806823 789022 811133 785662 783568 780293 762643 789139 824508 768411 725210 789148 778176 804014 763438 751726 807426 787924 740808 821017 755803 799166 788392 798319 789378 786799 797097 762385 767230 812766 776960 747246 797856 795021 794629 734868 751686 756904 760044 759119 792450 799963 799958 786811 787014 794258 796022 822542 771031 799343 829698 785234 712190 767985 702473 755139 751156 777868 793884 798026 782016 806104 787602 793445 796307 826107 776381 766779 770064 737141 840772 798158 748518 785246 813513 769182 790229 824260 762408 811674 815042 770745 802250 777287 840667 786615 762080 790528 773381 764585 810578 786528 726280 722090 806561 768851 764774 775591 777692 752345 808081 780327 791231 820199 800678 784844 775326 759345 757896 783816 779876 775469 782294 740207 768901 735377 735089 769980 824727 833024 847752 775993 794637 784666 816044 788033 796090 766262 809541 750038 730842 768820 763190 789602 761355 737215 793559 799516 775059 770626 770394 791846 778002 796272 
842579 817221 821397 785778 772413 834082 847364 754887 844023 845498 845269 845603 768960 830414 819973 790989 834534 793629 799673 845610 811808 761673 800674 770110 829613 844830 783867 810366 797784 828949 776427 766852 777508 787365 841089 845788 852504 842253 780663 777902 796602 777726 796031 806938 860058 814186 811023 806135 823799 776809 826083 826849 824289 875699 801979 824869 805246 864460 856878 806370 777004 792914 803878 828982 766414 809635 827001 829472 817636 822482 875848 763184 778145 874922 819822 843482 868540 764759 872445 858186 794459 806968 801860 785856 817561 869283 820240 863797 822847 802883 807455 828538 792938 810656 832738 748433 795686 794162 831116 801874 794770 859342 801463 878228 806821 854295 859224 830938 792131 803093 779172 838049 842653 826998 767332 890214 861196 825872 833032 859208 809798 810290 849450 880406 776976 825747 798098 783258 826789 820169 849858 837820 792402 792135 842378 802582 830457 838606 873723 802598 849656 849958 800091 831232 774115 811572 830707 803870 882153 834609 795665 815578 811575 810527 814665 809111 822880 819358 769849 749667 834891 802816 782706 779296 854490 807357 806303 818758 808932 793430 854194 803110 851753 866952 874640 845605 810666 814086 799971 883052 797690 840823 901140 808775 825296 806372 838366 825284 777627 881682 802901 769559 800669 795249 787484 746628 877232 839252 860788 823313 792685 839653 798036 784189 812899 827103 778997 840801 829511 813561 758711 843323 775155 826910 868596 810950 796914 790726 844553 827367 796937 779401 814013 845621 832099 815806 813846 796001 872704 764084 864814 822871 828066 840210 862158 803335 793166 820854 805788 805892 887342 800443 756579 830423 806651 833211 833609 809518 850432 851004 801324 837294 769165 822550 781855 835157 829678 805975 837792 797880 813681 851043 796501 788081 848427 845057 830057 785269 820058 831455 825358 787534 802253 826266 794905 854767 837825 814338 844293 857427 791983 840822 851803 805926 747089 832015 767305 774038 800050 832487 812127 814798 809963 813097 794961 806322 797289 830091 775395 786081 787745 764897 853874 879168 801409 820430 788997 807131 822399 855471 784925 866650 834054 807392 812269 824391 840754 829737 786541 800034 792967 827518 824861 833256 800551 750989 834266 800767 791454 815440 817064 815210 846670 781263 807561 826090 818714 826879 788374 811062 791581 814435 816850 838444 783908 826224 819046 767775 751996 790628 866039 853889 867370 806956 825686 844321 846379 788813 820223 821800 867606 814929 761136 778174 806145 812527 812850 802646 804209 844737 821234 831448 799767 812581 817615 842405 
828884 805638 825054 766750 781831 821117 839411 755015 834990 821527 841332 861137 790178 843108 810101 798913 812992 768435 759719 830561 772475 763013 768903 777093 820566 856474 792910 780200 750536 786854 755001 785818 789219 791853 825129 809742 853992 806481 803381 743037 784020 791407 784434 787613 849713 829662 815240 787646 832769 791824 815981 804209 808070 842341 790828 814921 777851 848243 833556 785565 764220 752203 829213 802892 791144 812899 803454 828952 824259 788606 825606 762636 804756 830537 777751 850275 841618 768919 861549 852156 800849 802110 805516 800042 780510 850332 802715 850103 829522 757523 821573 771028 792188 810825 825467 728966 808674 788500 814819 797821 800779 823492 819263 830542 773713 882590 827616 821969 814896 792067 741514 841676 814572 840236 765317 846448 849197 836552 799174 844470 806916 826441 805091 833325 771340 821539 866840 803913 820665 810858 836265 816690 776527 779070 832034 792274 835331 839445 843348 780120 812593 843715 825105 802463 767214 799438 855496 773068 856349 831251 811212 845007 785098 801914 822188 787718 785603 817818 759528 753901 795433 790194 799341 771023 862988 826281 781204 805300 792946 811447 835890 819554 793757 874344 857366 842860 764232 799853 821807 865275 773785 812361 894306 797116 810485 806218 804189 786330 755811 869978 806286 766127 793199 763654 772771 734416 845762 817551 827807 779560 794940 840102 776731 736459 789141 785976 793630 883472 799675 810804 761207 821598 745490 807712 873897 803018 786585 795789 809794 833794 777539 735615 793349 771612 852170 771267 800378 781638 839272 782591 836591 816765 827340 800484 798542 797890 800397 764091 777903 813230 856710 791822 713116 827877 822458 831138 803931 783516 838300 783748 780829 827392 788858 807351 795064 818365 813638 812775 827899 800627 794153 858740 805331 788289 822907 825866 812195 781885 790174 791392 786081 758968 820788 818755 800780 827018 816880 812993 809739 844757 792909 816003 841334 812936 745840 814605 736604 768876 778951 821078 812938 793438 811907 808313 775492 805865 793591 859292 789606 772389 792441 748480 820057 844019 770014 816424 789872 780957 824019 834337 761818 825250 816246 828043 825738 783253 841870 803346 788048 808774 815033 811637 838778 803346 763874 743746 811314 775060 759003 772805 837689 828508 859642 798433 801721 872046 818070 808479 804261 801484 778440 807808 820658 833930 790624 777827 810871 756399 771477 791989 854460 826528 853498 780634 824746 833906 825057 806606 812883 818917 832144 819392 741098 824438 803990 820438 817973 752016 795508 835546 796229 788897 797872 820257 812427 836233 
850831 828824 818545 817556 819061 828831 864480 813354 836256 830666 868689 827390 810717 830092 821806 818004 816765 766309 768602 862157 782925 778869 784623 775598 842804 869834 808422 832866 779295 795488 792990 793526 786570 821118 813079 849787 860857 849654 792116 782227 834136 831319 815669 820907 831682 828354 821918 807704 818495 800375 840962 817678 817906 853014 833006 857791 788115 840977 864337 782633 758206 810027 813466 867508 817764 818191 792796 838337 825292 835774 884954 786659 809987 857261 831753 854107 839171 791000 871772 876644 807142 832357 835260 821207 804204 886845 848739 855361 863257 815879 804233 817280 810733 837726 838897 745354 808319 785459 849333 822953 820895 841549 827708 881750 780502 845631 872231 813911 813469 785160 763292 871728 809418 839363 746506 907766 854064 853791 821867 868086 808828 832779 804511 879484 791677 832641 845898 825065 815391 827309 865966 825328 800110 809425 892561 809974 815347 840425 879824 870863 844258 845188 833673 831964 772664 817198 836004 794431 873335 861898 813479 853511 829515 815217 850094 818248 795537 881568 795858 736909 816583 827199 797540 830921 871693 785734 811993 815395 782411 816102 842010 823896 848775 877626 872939 860147 771542 822558 835630 893781 793721 843734 872063 835610 839566 788920 839426 840318 814417 852755 843452 793338 821362 816782 802601 756546 841915 831379 845147 814121 831061 874497 805074 783481 784890 841325 811130 867371 789024 854784 794399 823256 774585 827627 899747 828137 813279 815934 841574 834651 807821 771593 795815 799173 865306 826196 813266 811355 845252 807555 880206 832711 851414 805505 876289 782146 785460 814520 772960 802442 902041 817488 777220 829893 862260 815865 823116 796804 865263 819331 764682 865704 798403 853712 821758 828827 829677 814045 874096 804648 844472 884821 817212 756785 850911 830147 847249 776824 822074 827896 797729 787562 807438 847130 836334 837694 808474 834553 831293 824847 810462 800441 871524 821655 786518 830400 774078 785507 804679 829831 819271 816505 817160 828036 829983 828754 826427 870385 807458 766583 802283 765177 853235 847899 826530 828407 788906 819432 836017 819686 793536 843776 884059 871046 837163 824520 814605 794895 816156 798920 821301 820756 849017 827386 767240 779992 855507 802200 807495 800231 813205 821736 891344 799714 802249 889308 839699 811713 802330 782242 799852 807203 800637 825818 828381 816817 830224 774596 791150 815069 877910 858713 887085 795426 846741 844329 840482 816761 819091 803313 867942 830947 789577 803698 795051 805432 831088 789555 852774 848022 815746 781676 787187 846388 833088 862434 
838084 823908 802832 819859 799963 787697 829210 749315 810093 810526 843361 826953 750968 791631 771372 802766 823480 776706 760998 812827 788186 790003 755888 764768 809057 824833 789413 802979 777069 774759 799324 759782 770288 774056 808978 805100 816241 813288 751821 759276 772599 796879 782285 762162 834317 787140 775864 757320 850374 770490 836485 783281 808343 833296 807187 824764 764071 833406 852968 760172 733357 783380 791537 795184 779419 798387 781286 839877 794116 797974 828956 753204 801472 814979 775507 831368 819075 786294 867978 836708 793690 796689 817641 767189 767961 871288 805481 830237 808958 783095 767156 776660 786874 809243 812205 756044 814228 778646 794867 782040 787723 841979 788479 859001 774697 831397 801519 788522 767847 784722 764763 814643 800926 793773 770634 822321 851670 843496 766357 842640 790139 811504 783237 844631 807327 794045 853745 782227 806457 831588 828496 778033 781094 787807 841640 789281 796873 838596 840866 793783 804725 832202 802831 801729 756426 774039 844773 744952 834271 810905 793866 826428 784584 778066 798286 788551 813948 805732 751367 703647 804575 784897 749616 792041 860640 804647 784504 795541 776839 775197 834711 792302 832507 818940 847838 826308 742761 788563 834323 872576 767785 813861 845338 809177 771652 783236 797265 804341 753896 839320 810069 789427 772558 778060 775294 738100 819370 790086 820935 788998 745099 844032 743550 746227 774070 789766 775462 847979 772032 809782 758350 810891 758917 777185 850219 799621 758569 794133 788927 841087 795874 746971 781513 806168 820216 774481 799092 776404 821716 802527 844724 811187 816207 802636 796063 770768 796966 801686 768610 788211 857045 792348 722541 844068 830517 828758 803787 790825 843794 795188 750441 838800 780610 853602 775531 792647 799981 832769 776143 784285 834255 857709 802480 810482 806479 839958 803391 749429 784679 799430 788477 770076 785665 795659 803108 806451 804512 787703 823040 800078 771948 819980 849430 804849 737682 775512 717199 763265 801026 796149 768130 793036 768148 833315 789632 803343 779674 846001 797390 750316 765673 725898 817698 845276 772145 821993 825977 789438 813544 816667 751531 821843 851163 782625 836857 783459 845797 778389 779428 780596 762245 789132 808482 820266 742599 736394 801526 783802 772739 795356 786407 786889 845684 787256 810495 842584 830663 809571 792293 751462 776755 770680 806503 816249 779401 744219 800128 720781 740017 794548 843911 827540 853532 774698 809613 784871 836417 797881 773147 772297 786382 806823 752175 754778 794749 817435 768169 756914 809099 853142 802007 780731 752779 794574 808719 830831 
805935 790158 786964 767335 787254 781519 814116 732188 833342 791128 799839 816700 772775 805417 793830 759296 785404 781884 738085 810141 740310 763823 752929 760477 787695 788557 792443 759392 767407 760735 772296 752349 767235 771301 791036 805233 811846 805072 776246 724033 767661 776589 779777 783130 810956 808802 761085 783260 799087 784119 814769 779613 798060 787085 796685 815166 793651 834776 828753 747839 716258 800142 793141 773394 767342 787304 797616 828582 814611 787151 806385 755607 774893 827090 809999 790274 803538 785918 827109 812988 750503 796661 767025 785221 810038 841612 764073 834232 797286 768769 772576 759027 790621 777841 813430 717856 775584 715603 768864 807869 781698 824230 779017 864113 762120 816521 843025 793331 790686 762663 718850 802726 790091 784259 735638 812174 825465 833546 742082 831256 784437 784623 796229 857044 776295 808457 774904 780916 789497 818176 850525 804796 741555 768604 789440 744517 792108 861371 813378 785835 809675 837565 763709 782194 739466 767162 845482 765294 859794 784738 776134 818641 772019 785877 798362 770000 784389 850379 761002 732687 798038 794659 730114 797990 857979 798695 789835 765940 797808 759510 824426 765093 858443 827148 818911 840632 790874 780053 791590 788668 744754 817039 888991 759332 766358 765164 821413 811307 777022 845134 759123 766779 757179 770351 762231 746865 820958 786317 829150 794824 777271 825210 771037 743061 782656 778957 763166 827206 783812 792909 767398 801008 757848 805861 854046 781523 786411 819717 792944 857390 762783 728182 771182 801451 800221 767636 786844 791726 814870 802381 828034 808517 800987 795952 824167 775966 786586 784940 754969 767604 833448 773081 723025 781999 793811 798332 784592 774626 786754 797380 772353 818390 754379 795621 781228 789791 752437 790735 829404 756086 790376 837526 771956 746422 798123 820270 799148 765785 788946 780070 786449 744828 753815 812024 794592 814417 757187 781364 823538 830969 778374 764549 828515 787957 748828 787326 720062 724105 753583 820027 793658 808972 787687 806121 788489 775077 782677 842061 765314 759142 763987 748567 799085 808349 758273 767278 762571 791014 783722 780788 782208 842001 801656 789742 794938 772626 814717 780934 741299 790618 782740 802794 800427 791751 714910 764193 792646 737842 789074 797819 775826 779655 840937 817422 794632 819611 800045 772016 794258 780036 767958 783061 762835 786785 782025 785325 830552 741354 735376 795695 801498 817990 822369 782742 765088 806220 844750 764138 777641 757160 802653 757825 759373 762595 768757 828775 802857 792072 791196 825930 747056 797761 767829 796266 794561 820605 
813131 837023 810700 781103 800700 838404 840839 760374 839003 837543 838687 853997 798325 829265 799004 776612 794174 761145 752682 818601 797290 809988 802812 760666 822458 855775 816980 794243 776840 774516 753320 791509 796836 792137 813852 819376 855834 844883 783329 762334 791997 796678 778267 790176 838478 840615 788291 835061 804493 792970 846168 799157 814098 823855 818878 842394 808382 864098 834069 789829 738500 765876 817558 822561 830438 812777 831073 835379 825818 815397 839039 747505 796617 853451 800566 838339 837001 765068 861663 850769 787462 820890 801387 797007 814996 869515 786082 864482 833427 791116 786584 771630 767082 854096 822231 737440 798051 766878 821667 814103 839598 872215 804003 888518 786035 842020 849952 821589 793675 794350 739728 818390 795296 813516 755410 836578 853056 828066 800256 866246 814872 795372 798160 839971 819043 823679 837991 792588 829068 823947 845934 790879 806564 799840 853341 801012 820469 853492 832461 810433 850986 855581 802285 831992 771995 780579 843210 773284 848961 818522 809953 828765 780366 797325 804674 809732 805306 838279 787042 730440 787174 789378 801892 770861 853778 820161 813738 821077 792418 760798 855744 819535 834209 861233 851303 831124 776188 802993 808108 839781 767726 827434 859476 836390 803144 812370 818077 801792 753539 834375 796435 758901 800265 789707 779939 722801 826467 809987 820960 819465 784802 852788 764573 738609 790477 770563 781332 842382 766141 804932 768595 822460 781653 805603 861492 814543 789037 795079 811962 834528 758666 741821 810512 813305 822905 773545 823596 768947 819470 781859 869381 835473 805441 782289 843674 800077 812395 821384 803919 814039 861448 785786 746093 805253 823130 819893 795986 786571 825887 801827 779958 842818 787258 850053 785133 821942 816152 809333 829313 783242 811373 847681 823064 792774 800879 823831 834532 795973 819453 814141 771091 797290 786287 814581 789820 826679 812017 777767 844526 836644 816116 791324 847003 818117 747691 775252 775134 759682 766061 828187 824084 783608 827902 821827 813531 793652 781443 831727 789866 782849 769639 769544 845964 840267 783200 819130 820623 811869 817020 841079 785586 821798 826790 790876 840151 816244 814422 806805 793495 800872 805090 810485 825611 812382 792215 749660 794246 785637 750491 793110 799507 804230 862018 781663 811447 859170 851468 791668 808729 776200 777712 801666 793375 836630 799734 760216 840829 757362 753930 778458 840800 844805 880467 819349 830944 846262 832888 820175 796888 808153 832813 804193 733545 763074 780545 833375 786691 792483 838819 825986 817015 816460 789153 800162 802051 817269 
836698 840789 859808 850544 827943 868011 892317 806839 891850 867290 883968 896480 847005 875362 868803 835856 838872 849865 792587 892898 813322 842645 826975 816680 853191 899388 838494 873641 854576 817886 841088 808222 824967 845072 865648 891031 892511 869238 843918 821729 862433 864258 814378 881482 884645 871944 802198 851272 853358 830763 892031 858543 880602 859945 852855 855085 840243 876991 862647 832309 818356 834110 840423 872627 840555 868587 853765 886304 873678 828484 881971 814146 842558 871745 842216 872970 860296 804907 895138 885711 814354 876696 851578 835848 856732 921454 846113 910894 894765 833173 877573 839861 831225 874452 889118 784818 868096 838669 843210 868067 876685 902125 837348 926175 840760 910026 918797 860155 876220 841944 808427 887365 847603 860012 819373 913353 906342 907048 868208 886566 855181 866414 836468 915669 846778 873181 890787 851851 854006 873158 897261 869154 823241 842382 906136 829620 842710 876088 903575 884194 870399 901168 873077 829004 797463 857149 866342 806259 900675 847088 855929 872610 817990 858137 878682 852587 857545 897389 823528 779921 874243 846228 848636 829469 866162 859212 845890 862351 873006 821169 884211 863681 868548 887452 939220 872082 813115 883547 876241 957389 827628 864575 922194 870275 845257 839033 885423 857744 830096 911813 854837 823931 861632 844020 841780 756479 854986 874311 888229 872760 844996 890151 829340 806031 846116 834414 833204 897711 836405 890920 825842 842315 836998 841441 912579 880014 853640 831780 877591 887940 818538 806123 823142 846410 892202 837776 866200 860273 878219 832314 935334 847223 881381 838977 879446 825258 822530 829864 831280 870094 905963 853206 772186 881388 854805 878551 838681 853381 900983 875685 830490 872196 824917 844543 820234 839304 862850 871282 865699 853609 853394 910043 863883 825663 884557 880758 889339 834639 862172 817633 859753 832794 841224 852294 822004 856611 885299 855403 856076 898612 845168 829053 916524 840907 789228 857216 813234 834355 834435 851738 863475 856938 867006 856118 867591 868788 864709 886997 851708 804314 867104 799831 868489 889554 821749 859416 844615 847484 860891 899853 843343 896320 901703 877987 854138 849497 879796 869630 859593 843642 874897 823136 896179 895452 801418 805917 868086 813375 824691 847521 851603 860263 916426 802680 838266 919070 892588 848607 840603 833770 830138 841280 832197 864798 834893 855810 855184 798264 787934 837095 875288 869539 903808 849860 875180 877212 908445 844739 839254 848349 861881 868566 815807 854954 835413 888216 848507 825427 884347 896452 847276 853085 849993 846456 853041 888122 
801620 801633 836051 808891 778499 785636 857373 765047 843569 815003 812834 856793 796810 836062 808827 796559 787118 785081 756846 855730 795144 789850 797312 785225 814712 805564 793630 792690 820542 798927 780940 759496 781071 772525 830010 834573 821663 874618 770323 750664 794393 790869 778688 830357 837435 817996 789980 773126 812801 752202 856039 808207 827832 837837 782541 842248 793773 838005 832816 799576 771208 802527 795259 817078 799893 815522 818579 802132 820562 794631 860382 767090 765713 823466 778012 825569 848628 766488 871923 831755 763900 805279 789143 766828 822616 895912 776125 852024 827262 833091 797860 810963 810331 794760 865989 732711 825394 791803 808981 798107 821884 839553 794267 880669 798100 843054 856635 800994 832743 766401 761800 846664 825611 825881 785518 836759 848709 845560 808912 831644 798232 813600 812724 863900 784218 796212 819447 796011 821890 853528 831767 821226 821918 789341 829504 774347 816856 880272 857195 844572 843731 870076 807515 828238 790573 801098 846398 771325 873225 804721 786604 829145 771968 814911 825616 829153 827482 823896 761487 745056 829238 785891 794141 793151 829910 821539 817942 818856 813784 784415 848558 794500 831287 842641 876234 804432 775558 806081 832405 866433 786273 819855 874101 802969 790107 805425 843891 836074 782465 842499 793822 775003 822315 769097 810165 759176 822330 827680 843067 843747 791095 848285 779616 755446 817528 814717 786066 862412 803041 825601 780129 807974 770259 825973 874474 829099 793663 795497 794045 856888 772852 779842 790060 821658 842235 785406 848171 811360 852243 778069 857363 828799 818198 805252 844514 808284 799322 808166 774058 811573 842496 818450 748733 835270 792132 819222 804918 788491 845562 794234 789446 838279 767498 832703 793262 774565 798394 844229 834363 789990 808222 857157 815897 767553 846189 856446 833493 761703 806661 828958 798335 783460 798590 792952 788401 800391 821395 812919 824249 845957 802267 792761 863658 806203 729743 791400 775167 736451 780345 803763 823893 818169 850672 832287 803680 841544 803183 857456 784260 775395 809116 741893 862851 859292 788287 816220 806011 800503 830037 828342 778384 823624 839976 838524 819770 811435 824867 811175 787092 786629 807911 789170 869334 841711 772881 774877 843472 791788 765577 814342 812488 803891 854118 773340 799408 865261 836627 800611 813465 795218 796499 803540 780948 853028 791351 790631 816515 737407 759488 791211 847545 845565 851293 809160 828509 847395 851464 836061 808992 822042 849652 790517 767554 794522 790161 837394 793350 794029 785638 839354 794032 803616 793145 814609 822085 841428 
741969 765120 756577 729409 742863 783192 771539 746498 786362 759659 786871 775976 723059 745663 738029 736550 758766 724998 684094 751893 708990 750292 720718 727596 741063 765874 748698 744378 740397 732740 700433 725102 718707 726680 747656 776610 794436 777096 735224 675684 733569 756581 736349 732352 790384 782669 725413 772323 752744 713791 785818 750858 755307 779260 778522 756420 762344 758873 826346 720478 701082 740845 758646 765471 730418 762199 751655 789210 779449 721431 794162 715486 740430 784829 734594 774729 754760 723662 809344 771985 709191 734092 727620 729672 755991 818424 744081 781578 785303 731082 745701 747007 738554 772334 819610 696127 745557 717784 747102 732649 769969 777356 750269 818458 713028 786882 782587 753713 775498 710285 720550 786352 753063 755336 688279 777364 794540 785516 734262 798954 734856 798198 738741 774622 710145 759014 760660 758455 761094 801022 776379 779556 714939 718464 759701 754260 765167 782542 787923 743355 764768 797502 758444 740167 720073 744486 758641 739411 813965 751612 755714 765033 743411 718448 785145 757055 761191 747969 701292 701101 774012 745677 718399 743784 814886 761301 746954 736972 765056 738411 777970 743003 780228 793917 820629 781339 732338 742169 788265 817946 728287 749939 769265 753097 743723 731645 756071 769935 698475 800886 725784 718084 727381 737036 737753 682279 756851 762451 790361 753742 722581 794018 753034 713965 768982 782315 735205 787531 748821 764578 731115 766646 732782 761920 817330 754589 751212 773808 751673 795556 726399 723735 735963 759084 771793 703592 757840 728473 798963 703022 776639 772407 780034 769957 770485 734812 755762 778184 709982 787837 812843 747291 681775 756770 754693 761348 772630 746386 803795 769303 736539 787670 709674 791288 752897 741306 725129 766147 765529 719545 757657 793430 747599 723522 746765 771180 786132 726691 774666 762901 755783 762977 724453 777578 733135 771532 764621 736795 763971 805751 733542 722045 753963 727832 705824 768442 699646 731458 706310 728365 746555 731417 763383 795044 741890 733122 765704 774192 717224 710858 714075 696409 764674 792057 725862 773553 761372 741222 757531 749848 698093 768579 776450 756641 733944 765192 758126 739847 773197 755511 759570 762084 784873 770716 679358 695713 767578 732049 715780 757701 745374 737010 776797 739895 709909 772617 793263 772761 719508 770578 704064 731780 763428 778474 760849 745453 742588 744059 705804 790687 762661 759452 810644 738011 759966 770569 784526 736444 763704 757138 755248 751434 734552 724986 726027 785205 768130 753099 748695 762618 737732 731564 727717 769413 740223 794672 
824256 824253 814442 801573 810051 823466 815806 785825 820514 809405 878183 796963 782940 825113 805296 795856 828513 817679 769285 841094 777423 797073 780160 778313 823680 836158 825763 782623 795341 794724 777758 760227 772196 795483 783761 819604 839241 844891 770168 761287 765969 818681 792382 794142 835969 807912 775501 782774 812792 782541 819026 800648 822533 822892 861675 806684 800191 825827 864891 789403 729660 788273 801565 809888 780798 820893 790146 800649 824556 799099 845566 745556 803973 864049 800501 834496 801473 783434 851100 831523 779163 815089 805862 770739 823302 869712 797257 822851 817199 800677 822595 815977 795222 803591 831680 737313 809651 786658 818001 812498 827904 830841 824449 842756 766293 829491 828737 814388 812002 764207 763672 813160 798375 821513 756094 873426 839529 853400 801140 844140 804723 826982 815300 866962 775041 818804 793984 811227 801333 834737 840710 829262 817909 793508 829487 798299 819455 849150 824078 819593 844906 857720 805739 790760 735535 780087 818092 796783 848533 814588 801990 806662 779854 800550 824863 773562 795362 827488 779894 746670 816890 790461 792831 808216 852721 804738 820110 795584 832745 808853 820423 793125 859471 846323 879305 824018 776364 796231 832118 856074 773003 819889 878422 811029 797358 801922 806838 829270 782376 860798 817558 756747 791275 798230 793703 744181 823762 803728 862100 824109 785427 867493 781472 785138 815035 822838 775180 856724 776084 797193 785484 842519 755608 839870 839937 789476 776788 792401 787905 853947 770401 758742 788087 814438 854590 787255 820361 787559 865680 802098 857604 825981 792594 816966 811917 783482 808691 780788 739894 824256 839086 805677 747630 827553 799927 800313 814212 794247 822754 811627 787757 862479 764223 839582 823141 827901 811250 817116 818872 779474 792911 841657 815193 784905 818692 840667 827701 788479 783211 832455 805482 794336 789043 811150 782429 811219 829235 795787 824767 820005 792986 795322 823960 791026 737482 794709 768379 756975 775290 810874 815013 792494 777205 823138 797006 805908 807125 842532 771311 764110 799179 771123 811576 844349 785332 804359 825960 795765 812297 824321 757567 832161 840185 793467 817601 801464 829335 771918 798528 803092 808171 800695 833929 826085 736694 771977 831371 755778 764070 804756 802236 818797 834158 798661 817634 844448 828332 806417 792281 769287 796200 804897 804612 831153 793109 788213 810143 756366 773638 805991 858572 826196 892892 813475 805274 823877 852802 812627 775677 818981 845205 793485 757528 793039 793836 842185 814887 799447 802402 819687 808313 818380 747715 808412 810793 860636 
807498 807682 814709 784675 790217 837595 824072 768338 851124 814018 829041 817947 797513 849978 803538 771152 811025 773312 783788 836686 769441 791913 791943 779753 814297 788755 809418 805911 776601 801883 788822 781436 805524 785300 817948 823363 872771 822867 772638 745314 785640 826287 789828 786025 841950 810583 787674 803514 799085 768510 862053 798298 837364 831266 829516 825190 784952 843490 859312 791457 719266 783593 796835 820639 798092 806228 810635 818118 823480 798829 866593 782657 772826 822886 819340 865271 826286 766707 880277 859606 780033 820890 806245 757850 813239 852400 828588 851764 817186 802835 816088 808304 812447 825828 842060 750965 805587 765035 807265 822915 839539 842035 798967 873593 759357 834344 848513 842453 777723 790992 749148 810471 786934 784475 734331 863259 867088 821573 775339 864505 763393 770173 806678 838815 785740 797440 812323 809899 818003 825272 847088 819032 798215 791807 859790 786952 829881 851399 819915 827751 821403 850835 799137 804369 767474 795441 824937 781447 846778 801585 804411 819332 803768 802874 812304 798489 815948 836397 778029 740075 797397 812237 775270 793891 832474 819061 823032 823426 808493 795494 853967 783294 823166 828293 862291 839053 806112 806082 836309 830087 773278 862619 884082 804106 813479 812377 820289 827976 769784 888292 776580 769010 804111 798506 813407 714341 842093 820751 813156 817048 812994 829671 808785 753002 791900 835217 803713 872569 798005 810569 790320 834681 778585 814147 868762 813208 766299 827392 819277 819712 778275 778142 814921 828144 810969 784946 825158 777895 854434 780580 864383 832121 809670 795861 848653 807372 784751 817517 774155 837206 843216 822772 754595 834209 787828 820382 822450 792318 845529 838384 766863 848029 790371 850715 796592 787586 803309 816838 833510 807169 785952 871206 784671 778411 828317 821749 843281 772403 830244 814177 823325 797054 791857 832348 808116 811107 804848 802520 831630 828148 797348 782899 843428 804892 735547 807288 749436 770053 780245 832580 804424 790149 816588 836776 794903 811669 817881 846903 789380 793822 779185 746966 828532 859080 764061 780494 825949 797037 817423 825563 791473 838072 845212 826827 835038 819714 826146 805988 800396 800719 820788 815263 847758 831176 744494 775170 819817 783928 791963 830420 796560 805281 863690 800031 805577 838123 843265 798011 804654 793333 786682 829343 827140 814485 804548 815594 820689 757220 757850 823511 835974 850223 875090 804268 827602 829947 860299 827578 797480 797972 806011 803171 743351 771888 771822 845862 792095 809093 759675 830942 851726 817327 765796 839715 832824 865044 
830028 833394 808644 807893 801642 836705 845087 811785 846681 847210 856730 843685 791469 844934 826779 815495 846870 799365 787590 822919 793800 785599 783832 784663 815321 836724 805606 804049 792669 820335 782176 802792 803765 816772 827836 873777 856074 828639 816351 764011 808095 808542 781520 805516 862902 836544 826923 826508 835394 820189 834353 821475 852419 868489 828614 859134 838576 859518 894863 805586 777277 814822 827905 855426 784309 828617 832937 835167 849322 804398 867540 785182 832350 875372 801902 846265 864135 777323 877645 831334 798284 824275 817381 796702 825362 883059 802022 855216 849909 815541 810362 841837 791650 834094 836727 786156 859617 763742 844912 821842 849160 840530 829451 884526 772339 858537 860700 839157 788149 799274 776035 862731 845685 841070 784830 882503 870659 884091 792838 870299 812794 837887 809962 886783 804137 848934 852203 855597 821867 834740 840574 850323 774447 809361 855390 801930 843567 895911 847646 840231 826165 865847 833291 828026 788772 798359 839355 813309 848933 859988 834442 853636 812543 809377 820604 804828 817595 844073 818996 774270 813994 816150 797356 840523 881429 836337 831206 801347 818887 786651 849812 824268 871999 864950 886138 874769 804269 824097 852372 872063 802113 849518 908109 823859 809583 794479 812486 826519 790577 894636 817062 797962 809366 815844 825241 753064 849074 813955 864114 799633 818910 898559 796581 766683 803397 843858 798119 881508 831471 832286 790274 845220 779154 837351 876851 822385 806187 806502 844564 850745 836698 776613 832080 816978 837052 808917 827242 828354 865655 833170 864354 814730 841599 824094 863473 807822 808944 837129 804805 842459 895683 825383 723017 860689 840116 831060 811741 813222 834767 817291 830590 868555 793536 842838 802037 847002 829718 830165 863661 819505 801152 855060 831217 763798 851902 834749 840714 821160 808559 825654 869424 785128 804307 845376 844696 832549 813204 843427 861285 873476 784271 820565 836329 826014 771711 826031 774326 782071 787203 823632 823107 849959 827461 843777 827059 826892 813919 845190 811610 780904 810453 782909 830760 840425 787121 828263 832135 810456 845948 830037 804288 858727 867362 815044 851109 817238 839466 832684 825850 796982 821219 815634 855649 826994 760160 790538 853728 798979 815860 812366 826620 809284 861749 843889 817622 892202 854800 818330 790152 813595 809217 808810 821570 839006 821348 805395 820929 741869 776464 827132 854715 836534 875142 827557 828801 847969 868615 811184 820210 801516 866329 813521 790874 807011 794328 851912 843815 802706 857150 859011 816801 821378 801841 822276 820799 873078 
852293 870780 838833 821592 841253 864100 864119 781365 848459 851046 854708 872007 761087 837669 837823 834104 811537 838384 745536 855405 791122 784582 785963 794949 851791 856838 810127 844056 823409 787499 803825 790610 826853 796481 856497 878075 860566 856377 795489 781303 825654 803649 808387 804510 828370 860479 804199 791503 842714 833663 839185 829342 846065 836123 816059 842522 830484 861215 871592 772995 735016 814117 802121 799530 822573 858244 820481 830138 834220 832436 837328 810722 812959 857320 805543 843473 837793 777213 892597 863216 826374 863692 824638 828664 811284 903757 804088 879032 821050 834880 819528 833393 825730 834054 855605 760267 831451 801526 821750 822086 847879 859291 812254 886556 772985 886304 874337 831878 805025 810889 796301 866545 824186 796063 751182 858043 834275 890399 795891 877996 825759 839884 821011 836565 790590 873086 814125 801304 827707 846187 854360 847766 813796 842215 867384 830014 860093 873342 859106 849648 866316 876726 818015 800368 749366 840213 865927 786111 868339 847249 829641 840790 811633 840998 852141 824118 829924 885904 775362 791677 829310 848045 832093 818657 879370 856704 817599 807613 821816 789717 878524 833622 893689 858527 883326 862278 797469 817150 834040 859813 822087 865195 875849 824646 804438 811384 850187 848962 822858 874296 826889 851344 828648 795344 798854 749098 852542 831221 888185 828480 818314 857016 822625 770118 837544 810955 785070 897905 838387 836726 794419 840255 776649 826236 870051 820571 796186 827487 816204 888598 803253 762893 819297 833109 823526 788572 835450 816124 828930 823008 888778 800890 819341 821203 858434 780255 820364 822098 805121 833363 857416 825254 759561 827156 827867 876035 839728 797541 870603 819394 808409 872526 774488 874908 814849 838319 823792 844842 857310 818124 840506 892774 795029 805275 809875 845721 836494 811199 812668 837180 794457 759234 824316 828630 863494 827736 819577 822564 851387 821761 819118 829541 865068 832195 756276 827024 759365 757360 803361 852093 833574 814114 838307 851236 871491 836387 821454 878742 829837 778661 813244 763780 858345 867015 795109 839307 829073 811674 846409 835831 806030 848550 881666 816358 823153 833607 881019 835144 822718 812951 801365 845927 829157 838576 787546 772428 850202 816093 798286 829275 828445 835013 866658 825466 839471 867192 858088 816399 800814 798216 791755 788541 809647 879677 814344 798977 841979 770211 777870 841396 875284 862545 902001 866431 843004 847043 861373 853499 831498 820282 845048 842378 795338 785376 832268 842506 805412 801920 810509 850275 835325 815381 789647 832701 830490 874365 
809347 804463 819573 794841 808740 804732 862976 783546 850573 818654 825543 849280 796731 816472 804862 817700 825554 775124 778317 842928 764496 761445 786925 760935 795573 833436 791817 832483 794266 768964 810255 785584 786915 784401 829365 834867 861263 849826 798737 750713 802549 789917 778269 810585 845126 851226 774586 772034 806650 800850 842919 828516 841764 868294 837939 842359 788929 841042 848205 804155 758284 804538 833530 819541 770220 810065 841951 815631 842345 833262 801636 765769 794437 844958 788245 859359 838307 770152 854442 830767 799759 843399 823468 802281 779905 881816 783067 874173 825198 790717 798623 811394 796283 833518 804829 752130 835864 777379 811411 834103 811420 845575 838074 860264 787954 847602 865213 806014 808521 802793 763444 870450 830438 834968 747894 850199 848334 879266 795606 837755 818907 824118 801624 857873 808315 827357 822007 819976 819505 864451 837763 861095 764772 801658 850100 782015 830108 829743 826539 829195 816965 871634 832126 838602 782726 781767 866832 783741 847238 834123 809749 854620 801131 808543 830378 827518 810188 836279 789737 778101 820510 817137 809407 798146 842512 815896 816373 795575 839907 794172 830501 797484 847480 859089 891813 861208 791337 824444 843641 851138 777968 817686 898343 825032 838182 816928 820042 823437 785218 886788 803604 773191 814167 774414 819943 765694 827886 810012 865836 845997 785165 868822 793234 768447 816467 807139 796451 851165 789076 834376 792669 831187 784598 790577 869340 843845 783156 816145 813340 867857 812287 735792 798370 839324 867657 798324 775137 811290 847144 797852 833112 786444 840184 799799 839222 813869 820941 797832 756043 810861 891097 819433 741405 799279 795409 831714 800865 813503 852629 803870 816387 843302 764834 838408 816505 818485 806162 819249 820427 810934 837880 860077 801320 814869 800227 833243 845995 778801 795497 828609 792604 789448 786277 821998 808675 827923 834102 802236 875541 824397 811801 813704 832165 816145 751996 817208 754684 784821 770646 823759 814866 818061 815004 850714 828692 821128 819213 843049 817982 744963 811144 742686 809597 858428 784452 812982 799936 782504 791226 810697 783452 816988 850448 807860 835300 823267 846030 800260 813136 812605 838038 799924 849259 826296 785987 767674 813529 791731 803709 787254 789643 784749 840720 822936 786700 863882 842360 807711 791316 782102 775657 775506 793042 862642 790502 798355 807240 730904 780856 807276 844756 825232 869306 787788 836709 834557 840531 823131 797386 793343 822785 805814 765524 777391 783424 816491 820864 782215 827937 869131 798801 810191 790989 827908 803763 843816 
844258 821659 861216 789402 824922 861169 890478 799643 846127 826747 884950 836164 789312 839396 824195 830263 843719 841493 807631 859426 818083 793744 795954 811566 865362 873885 832374 836445 839091 821054 805973 791894 812118 815226 843982 858997 867395 856507 791459 777398 818929 847189 817282 805930 835487 852195 797112 844080 848127 803077 872501 820191 850418 890599 831288 829260 801147 876528 868129 819242 774302 781166 850115 856038 799246 855563 828834 845268 828156 833243 881641 773253 812948 859499 836614 871889 844875 791225 873759 856867 803758 848421 815148 804005 782654 895039 825344 880173 834123 835963 839344 808253 800498 842549 862926 760201 808046 804980 821539 842105 842274 874288 828382 885815 789720 907563 866945 848639 800338 821215 767927 888524 839912 828434 800644 880743 873901 875950 833657 891031 807648 832808 826280 888381 822337 846612 860317 832634 854730 877468 844344 843867 823414 845660 886683 789896 842060 873766 877525 858584 833120 879252 830610 842846 788161 826251 847974 800766 872420 824034 847488 837163 804572 839403 852040 832907 842246 883363 790086 771061 828952 852805 811441 832186 896569 822860 820887 814282 818633 807493 872558 803766 862655 843648 912480 845258 808266 818452 844197 864765 804324 831120 882388 851123 835805 822010 845611 833503 795890 904438 816543 820720 852158 818778 831900 765130 864257 825784 866982 829849 807004 863032 819023 794577 844666 846697 806582 916998 826860 842383 778766 849714 824740 853784 889793 831107 813768 787315 843113 886794 792045 801346 802588 852118 833080 814321 841442 803830 857008 793379 865201 833846 865590 823354 896968 810389 830698 851497 790660 817771 867109 825800 800740 848195 846894 826523 839937 807672 879229 840675 788824 880769 809100 861820 816023 851987 825445 852851 826189 808071 821814 883831 838414 804413 830473 816116 859239 813414 838612 835649 844870 794010 827318 853872 833370 829854 845706 843892 833420 843729 817583 819247 843474 835057 776465 848875 765775 776973 813782 828348 828839 824328 822269 829194 819451 829688 848776 852741 807969 795655 825136 766029 887358 849728 805201 832303 844517 830006 827713 870357 781107 864219 877713 829345 848046 827346 865035 845989 844562 814561 846099 855286 842907 844879 752034 811682 848786 806201 816101 843613 830342 847817 890809 839590 846714 874779 829600 864330 809289 812347 834656 821373 842104 858056 786743 809315 827525 778673 775464 837197 883822 869032 886430 847655 885370 847192 870143 829169 806056 812070 852583 839298 769031 821666 832859 825649 817602 805064 830130 845709 825892 815437 810396 818321 822674 867203 
791157 793934 782275 771812 765516 793842 809556 733663 801022 811437 802767 820805 740474 780855 764652 746059 784067 722976 706583 787828 742636 727140 737554 745244 779271 814899 769587 744089 773490 757974 762121 748217 758492 743394 781328 791126 782536 823207 728402 723022 732629 758949 734767 736894 815877 794652 750451 727290 746814 749624 798801 797800 786400 817827 772620 799989 742307 837034 807122 725145 723260 748759 770349 795968 763393 765760 797374 804749 800408 780554 821523 717426 744018 790013 761700 802496 818143 750878 810901 807470 761666 784503 758644 776318 748694 854993 774401 797786 775350 769093 750907 774883 758962 774760 813623 713306 772647 768629 784107 741446 785883 805488 768715 835135 761333 818107 798933 752858 755203 739480 753300 815721 786610 779874 753863 825209 798945 810636 782783 820402 768112 772969 763538 831784 761991 775172 775325 763761 788293 799666 826710 779590 769143 763577 818163 756598 763955 839297 806657 776666 796728 815243 757531 773952 736447 748787 783590 739911 818595 772294 762596 796206 762780 781828 769082 750010 805411 760481 731912 697544 777960 789914 745621 766217 810927 781493 759596 791104 768707 751571 806512 773784 825798 814072 849209 788289 746672 757325 788523 844334 740575 815707 816761 770348 784364 760008 780993 791657 740209 788711 767198 733071 788649 742879 773831 716934 780390 794610 810815 780881 751884 799036 763070 729463 769172 789526 750046 805151 754972 786077 758170 789532 736081 813417 849991 759038 783827 753335 775413 798830 783633 727913 751311 795451 798726 771230 816035 762964 829845 743913 800473 772670 769376 771572 792835 753959 759081 781896 746930 757233 843354 761686 720422 767376 778052 798688 775954 745637 804989 762465 749289 798491 754504 788889 779224 785239 807361 788617 795732 761654 797695 810681 792486 769958 817774 809877 791786 712142 774052 777135 763784 727516 772156 798709 789094 795966 800247 775079 788246 795117 758820 766102 804233 767735 748081 771798 728892 723497 750077 785574 772202 794094 764686 786055 773943 771703 786312 830997 752207 727085 769832 703439 814255 804199 753754 802009 783225 751842 790995 797210 733101 813029 796986 776685 800198 785657 782446 782595 757028 760992 768021 760005 797945 779148 728294 706215 784542 750761 743735 775746 760266 780747 798894 764522 777939 803984 781208 784882 756842 732365 759194 776028 780137 800498 757906 741008 777331 705289 725046 775061 846749 837725 831156 777323 811458 787063 827068 795995 802935 769823 785351 753757 732829 735313 775748 810329 786640 720573 773947 817727 775781 781474 754719 793170 778987 819871 
846156 830876 850630 827521 831507 858616 863376 793916 869217 836755 871907 847204 789885 835796 849719 790774 835523 788144 770104 874963 823968 820586 839054 784313 842479 868268 822344 835297 819761 818336 808305 782757 826359 800984 852373 834287 839064 896289 816337 783877 834600 829872 800883 842010 869619 843863 832052 809436 872176 814321 873176 817171 862790 860480 822555 879380 818605 845841 903194 838210 797677 838617 833057 817930 824816 841342 819761 866315 862376 865849 888271 798847 812200 861975 828756 859015 821186 799618 911728 871911 819251 855178 831463 828816 843652 935280 830259 876857 860291 826290 833021 825616 795942 861339 859596 801932 826722 835663 851591 827202 873791 887510 805590 908563 824454 887012 863857 829955 811032 785193 785395 860741 828333 839726 755344 874031 856397 880464 834930 903044 848055 841601 850048 889565 803381 845687 835777 819514 860392 871503 890610 824213 841592 826624 831773 811797 859979 892549 867276 836334 841657 911217 835215 851811 785553 814203 845908 823962 890433 854926 824558 864930 824086 818371 864039 838079 862357 873322 789485 771790 862401 822282 819573 834832 875246 833413 835087 847320 818783 782619 890550 837045 871899 860533 899722 886761 827244 848928 833576 909690 810159 855695 895249 856859 808949 804332 852036 856189 794582 865559 845666 849807 808259 836888 829477 751186 863684 824347 866713 850103 818376 848999 814473 807340 818195 853315 802515 888003 804527 862218 792858 855805 811322 882551 899197 846168 818992 814975 844579 841134 814735 771558 827081 819903 871719 798145 836910 817940 841867 828372 887936 857040 826528 814149 862830 808024 798940 841595 819317 832059 902556 813420 757119 862593 865198 843239 842542 813973 867145 872427 812031 852453 816792 840897 806054 835034 826747 854260 856267 830432 863276 882552 837684 810266 888945 859055 864800 830155 830349 842665 784629 794656 817015 846367 834369 849396 824406 843071 840577 848613 841788 821643 883142 832443 790602 852782 753526 796746 809565 827944 840028 821484 838338 867136 845419 814847 836914 855977 806297 786267 807103 783151 858110 871621 807834 860008 820169 824810 846767 872417 779484 881018 896859 829260 862203 816185 852363 843003 796123 840975 852697 840059 836007 855546 791752 778054 869894 793324 785509 799072 853353 842974 883525 841664 831556 881023 860475 818992 846069 793524 826971 826103 823571 852673 823502 807622 825090 767265 808044 837834 870014 865541 883875 832174 839813 883876 848654 841768 822286 837108 865359 814508 796279 783029 809469 870012 846481 807825 859140 872948 839387 839317 773585 850147 847818 868972 
824787 828774 800452 778604 795565 814232 834984 761989 773568 780172 822019 813228 773125 796938 797550 801516 813803 766756 746598 852160 769528 760465 788055 744348 830962 797903 802378 784037 778956 772886 783029 774678 768966 745368 793027 801020 839159 818477 735971 731461 793782 786686 795407 768658 792193 811601 781065 755060 796472 790297 829270 766517 839669 837120 815496 816422 758841 819863 803629 756293 733269 776677 791942 790667 775732 795670 792984 813622 826855 794176 831688 743507 798072 828222 795604 825758 802481 744041 829879 820167 775869 807597 775641 765740 786225 854401 782150 828250 826077 785191 806431 771644 778528 777405 788352 717130 808895 749949 799778 785295 771833 832417 784682 833067 767171 800060 836855 802710 766412 776319 732266 805951 773874 798058 755174 821362 826404 831046 803759 829639 792239 795647 811149 818477 756737 811422 775220 780852 803896 784403 828835 832752 804301 799589 839409 764826 792975 840454 822128 803441 825645 822540 778319 795393 721480 757233 812642 761154 842242 761184 795068 802065 765080 802544 838053 787704 826641 804914 757300 714410 799611 755542 748509 775386 840708 799861 761994 780518 809450 790081 805206 790198 836653 818581 857171 838349 776289 819718 810844 821237 722530 812663 870566 797663 802016 788961 805023 822168 774585 864772 793234 787392 785054 778265 791249 728685 799137 821530 838412 815988 759415 839073 748127 745483 791665 778399 761455 833534 769649 821058 768064 826264 734131 780226 862243 834405 765530 791345 804403 847117 735146 752586 779141 784611 801597 795666 805744 765045 857255 767651 840634 790913 814506 771581 828003 779858 750888 768009 758545 796529 837565 796441 732271 827215 801987 799029 778818 792123 833158 802744 759626 822991 777912 831495 769324 836811 790767 792725 799694 774384 804527 848882 778335 794006 809828 808239 824721 752261 779704 782756 793965 773388 781411 793787 785857 769797 801995 801870 817762 792101 790904 792676 816056 803824 707044 815778 750440 754246 765485 799919 781825 787260 809293 816433 785226 795371 781036 819079 767724 760787 793698 723503 817048 834557 749391 769322 775052 769751 799748 781699 752357 822884 819489 788883 797569 820912 813019 779684 803047 772220 804681 792797 802159 812576 763244 734491 813532 779248 764697 798331 769832 807584 836178 785650 765603 838816 809067 814528 777765 791888 789446 762462 810853 814578 801377 792923 780255 728003 725064 759494 815975 827185 855015 803558 782112 799112 818954 803152 762280 804477 807178 793802 761749 745929 763814 825421 794818 746631 776609 809180 795870 801878 726928 803384 783733 836557 
799559 807254 779412 788120 774130 819530 807994 754956 816803 802891 830633 820341 768415 808498 794136 787197 806753 793564 735801 807442 760250 781324 751390 782566 792842 821061 761642 794176 765686 748882 776808 747729 799293 823719 819509 802852 842969 820758 756747 744009 810541 754522 771720 801992 798496 829225 760638 768890 793943 780665 825762 804000 827818 851001 803134 763739 771790 842704 836311 739333 762570 768202 797988 820286 776901 773875 781385 818638 814853 771017 806252 765595 758743 843963 786072 832766 832493 795658 849862 802860 754517 777676 797249 757150 775106 874108 765328 817355 813340 787200 803476 767050 781285 807551 835922 732206 767919 735571 819491 796737 790728 858209 803368 868093 797675 828858 843468 805402 781797 793603 750609 841020 809701 804790 744308 842715 839895 843773 775373 819630 786392 784068 805699 843527 742071 818685 820629 777063 824382 849592 821325 828307 745183 771984 836155 798491 795560 844326 803204 808826 806073 868814 798475 788932 749732 812370 826574 747064 835102 824847 822600 840752 789326 794043 788597 802417 809584 829272 768018 731845 807808 793319 770507 790222 845200 809001 823833 798103 851429 751835 859856 775531 818426 832170 879689 811917 774728 800031 829400 822480 761025 821689 833273 803918 822662 807823 827281 824271 749141 869771 779243 773956 808594 795726 814627 734261 819362 789202 836283 801644 756721 831913 795194 801133 808869 809346 790572 839365 791230 807520 786937 806699 760985 816801 843172 828473 778666 787992 816551 832796 781969 755083 780424 812544 806163 764982 809446 799277 815787 763616 839896 802389 797254 778902 840926 776769 775115 811801 742534 786024 863827 788220 754573 782773 801737 810123 766995 754469 823591 821676 775672 795673 750849 810985 798765 812719 809132 827339 807142 765211 772051 819500 746894 787559 775842 848552 827358 758796 793921 786017 802415 784973 788771 826124 803186 798581 797599 815437 811924 823066 792628 786599 843464 803958 743513 813205 725988 760130 808112 805246 799402 802964 802515 794004 798334 806976 796965 832200 754449 747827 777197 756595 815738 851803 768739 816978 772518 793086 808648 789420 773073 804633 852785 782236 800232 773182 827863 800681 779689 779579 801955 814565 817959 796496 756318 791992 844159 785208 778278 788883 788392 807296 848148 800377 807915 865685 808188 777350 797258 766954 774666 805488 814384 824069 787928 792903 821592 729168 743605 798346 844587 848090 849749 801552 816237 806500 837558 801900 802006 777713 813466 791892 757201 759529 763202 803504 796881 778688 793658 843899 777504 779521 773407 816277 764074 860239 
860907 841829 854270 832481 834323 868914 866806 828358 868386 867822 902651 913863 802244 856341 850243 834457 874198 815590 798729 881673 820788 822175 813583 819747 889146 852581 853972 834104 804724 834057 843362 811043 822995 815348 864121 850959 896753 857584 808943 784747 818229 822405 850042 835968 881531 876664 824721 817592 865173 809814 887553 869668 845884 874317 846383 854443 810168 901215 921739 817063 785750 842755 839736 849821 833974 856127 858726 865839 866870 831099 880051 806601 860487 900656 855127 904895 873769 796660 890534 890833 824771 852770 825560 848852 825473 908589 825248 907318 868725 848600 834857 841945 831816 869146 852912 775849 847877 794810 856638 832223 874147 860333 832612 918768 785166 883385 897513 860394 840773 838526 794806 876684 848324 847964 810738 914716 868521 856769 821550 883332 851335 851441 838138 928123 822339 872706 908857 845773 853112 868318 890660 879116 849687 834375 890560 831773 883235 901628 883330 845383 851555 895257 853130 855852 800711 849083 914170 824911 884620 838953 849399 874482 834027 856070 851267 848523 852808 879843 807250 776053 834209 847121 828999 818971 895025 854607 865305 846490 866303 826005 868329 831611 902447 879668 900941 910312 809475 831341 855711 902848 814880 856424 941488 848265 865541 822203 880555 863406 807050 883455 854769 817790 838210 834585 844144 787410 884143 861237 880959 855306 829316 896265 813545 817581 846630 867608 811198 904205 854219 881290 804773 860400 816968 831600 889819 856443 806817 845734 880362 872255 846997 799688 863217 876656 888426 835240 808141 821897 906769 849257 917906 847040 858340 853646 864991 818577 834036 830104 804726 821852 917742 826179 803284 839476 861991 853228 852509 847464 875583 873973 822015 871355 853435 849968 840107 857680 854739 865612 869170 828301 846922 907125 862849 810850 844093 883622 855364 802124 839035 828274 851757 816416 839993 869194 833904 873598 862231 839460 891084 897835 814436 842631 890456 853027 815749 845707 789770 784222 829263 856840 846648 828715 840351 869154 851984 858802 852375 892756 833099 815652 839241 771684 845572 870410 834823 843701 848865 812764 868070 861555 812830 856841 903416 840292 854439 850638 857415 826368 834030 825566 872373 843793 879344 873812 763496 796244 879722 823664 838074 854176 838254 868310 891541 841274 854807 914477 866706 818915 838643 856952 815619 819088 861220 869828 828405 846485 869744 777313 794479 829452 894498 901907 898334 863991 893854 880349 874012 840225 854163 845661 872487 842312 783929 822879 830191 880292 834383 810328 854348 880559 851114 846631 821295 857454 848500 898226 
817547 786512 802352 796006 808203 811215 838567 733356 814652 798925 832808 832051 763451 792036 814592 789546 815221 771349 733518 833193 803892 746921 772949 782731 792392 813395 782662 789266 767402 785290 755455 760086 779792 754953 808369 794278 814733 810940 766144 770626 771806 779468 777600 782918 828722 792693 770550 804640 813135 786391 795332 805362 822182 815292 781357 816481 771368 821910 839993 774647 746637 820875 781481 795552 783863 818395 805300 785242 817544 793084 851576 768895 792283 824144 800883 821585 804633 768551 847677 806182 776960 807879 795301 774318 780372 893219 793334 858843 811179 785925 748176 814936 778858 805010 805350 717105 786326 762704 809138 814353 814461 849845 814958 865546 773442 827767 841998 810800 769769 762311 752141 833414 792138 782059 754114 858361 822178 823572 783044 826596 796641 791908 804818 862804 761184 794119 767092 778432 803805 808906 804852 811409 792926 791394 812315 779666 818864 847844 813605 820417 825608 858247 783467 768218 743698 796460 813944 738450 826904 789439 786685 806801 788259 802309 805337 788951 804750 841558 761824 722043 814029 781796 759731 788687 825684 794812 807651 786369 800487 756115 829293 796080 823039 822744 866742 816108 768706 780629 805721 869810 798447 828961 868857 816455 790518 796178 851752 829867 768148 861711 763083 766756 805470 798687 816809 739311 806534 778678 843453 798408 766456 820942 761977 796039 777261 841450 759642 841270 798337 846193 765641 819681 771449 812722 840129 800938 794937 804900 813912 817886 754803 730441 795599 810831 831028 782841 829700 795162 837840 758891 847165 795625 790192 782589 838954 769193 767681 810076 777858 796858 857647 765664 725257 813219 803051 807395 793831 751121 841466 785852 793519 824138 782784 821146 764332 788354 804365 799967 820437 820588 820290 880642 792649 763729 803846 821824 802735 767089 782729 820215 806091 765150 796554 817304 780130 804797 811013 775063 788604 828859 771040 786823 830596 785328 731597 797937 730658 755011 792029 786711 790968 787091 788022 810362 796034 776458 776384 829387 753829 764456 791165 747726 811803 831593 778991 825227 808712 811857 802326 805903 775601 848593 851316 791260 805424 792785 785228 810253 774051 766025 798127 792485 807375 854982 724156 739095 803821 776272 751994 797232 801138 821792 839700 794006 770942 849478 787530 826836 789639 789283 791424 788832 810746 828711 781141 811505 796002 739167 762597 804522 828782 846086 858496 813618 815785 791952 804906 796839 796063 786476 837552 807136 754496 789119 774907 812179 787630 772527 790636 811175 790151 812405 793328 812060 786376 833023 
812055 805544 841270 776713 821652 801227 836868 765813 811622 824488 846698 833819 763162 812169 813151 833227 814606 784765 754065 830538 796544 783751 786515 780556 809329 841368 792842 805086 800228 793445 789222 811791 780611 801003 837592 835279 836834 841593 805235 748769 798907 828494 798875 803904 840951 842455 803704 815921 787522 799373 864419 782585 804509 848307 778970 822476 801406 853342 876252 790372 754271 776270 800400 824824 788896 818671 819722 819711 807422 807139 847847 775276 792607 876902 791429 856151 828618 792926 861780 838211 765845 832032 786355 785939 806151 891398 786109 845127 842081 813310 774635 794869 767963 816646 826284 753071 809929 771786 799293 802073 845554 842953 796232 863697 770179 852970 828106 820822 808944 786164 784405 875558 807739 829481 736058 861966 836482 844850 810561 834002 826215 819163 791336 852778 795859 830361 815243 814040 809406 874799 836212 830446 753829 833453 864382 774232 823084 838423 837141 841496 821499 859857 814141 785862 777752 785371 834242 762695 851739 837407 793687 811254 809006 774576 829637 817048 797910 856422 806019 748120 813796 775989 775248 810516 847143 816414 812665 792377 842557 795263 856823 807840 841443 851778 883093 826893 773746 811919 839503 827744 771006 830677 878352 841785 812414 768659 826259 814105 781699 867162 806222 790273 827688 798256 770773 751144 826883 795882 859798 765192 784360 845489 811413 774149 803152 824116 796083 870132 788639 800662 801865 809806 760070 833109 859123 819034 785219 800690 813200 842896 769026 781907 792512 835144 821380 805069 824680 785964 856487 796182 853628 798373 845900 813028 837833 807378 806329 814529 747945 819947 865020 793850 753333 794254 798548 835649 804764 782312 837707 829531 787888 827833 774900 839118 815685 810086 798023 821545 814055 775280 816173 867552 808633 775247 817629 834531 831237 812792 776210 798988 793854 788624 825300 820198 801141 808606 826050 778292 836492 801186 776448 816007 845561 813066 767044 801966 760362 786030 809434 840256 822531 801273 780662 808056 799416 812718 794810 829796 810895 758962 796159 776928 816065 870847 781791 824115 814055 782705 807587 818530 782241 838147 823330 798049 820510 824389 833073 810545 810593 805424 786460 794394 818842 804851 780809 764539 834377 803638 767509 810090 819294 790215 838768 804908 824398 868885 831240 813963 811682 805136 788900 839249 813382 812895 795940 796742 803174 774442 773315 808050 832439 867677 873132 816635 830719 835618 873491 821628 795829 815867 844584 819253 735248 766505 804611 847195 820614 798032 816277 837585 822427 796845 772243 815558 811575 852696 
820249 815840 832477 791995 791742 828825 852026 759184 846581 800983 824377 890038 793485 813098 799694 828355 837196 813467 769544 831613 784956 779880 780750 819100 828141 841328 800011 783215 812774 768529 790590 764867 792249 807996 841568 852151 807675 862280 773905 770397 816980 788810 789375 801016 853051 815129 804555 798566 811445 799880 842650 810345 822110 838868 824631 811435 800373 863131 864400 792547 752862 794461 814445 818125 788805 819422 809693 840623 818239 791687 854087 755274 781056 859333 806318 853026 857908 783068 858671 837138 756822 822035 809899 802628 789814 894605 785074 848830 818026 811851 780519 787611 799812 821973 844596 775791 819285 796021 791410 833994 806122 863391 812976 892373 801724 868275 837794 823106 792832 777760 756535 866922 798795 812001 761399 860716 854014 850816 816413 864697 814180 813157 818730 853851 790005 784257 828276 812233 821969 847496 865506 849058 783903 817128 845974 795671 827213 838431 838538 826246 851070 841044 794337 776143 763517 827434 860724 765012 859778 816899 827725 848696 803260 812060 836762 798759 827893 843448 795617 734175 817055 766510 793566 811175 873655 837307 803927 804133 810637 776719 850783 811661 858558 852184 876724 834192 761018 816800 821560 853595 778672 840215 855400 814031 790831 799323 865693 830678 795231 863486 822634 779655 813839 781342 807288 769147 818287 806746 862789 815736 795157 869784 783195 799272 840684 809115 767749 836190 814376 836873 805117 808199 764275 839045 870436 798235 802949 826019 813316 868696 758537 797399 787599 797918 833721 812637 806487 829427 872158 768285 852793 819393 847035 825321 832235 803035 827909 814480 789150 799442 868823 819892 737527 822225 810863 812795 794108 809651 825045 814378 793986 817723 783726 824547 822411 815458 810869 828396 844510 796421 807205 878957 796019 808874 813762 857447 828145 773937 836747 822191 776376 790687 801169 823387 813657 817291 799644 823448 853146 859338 816636 799249 843780 792408 756589 809021 750461 766222 818414 819959 823832 830830 823313 836542 812454 799439 811874 868529 796195 771136 812075 756214 838320 842024 792505 850923 829590 773769 812133 823502 795471 829442 875667 837985 787060 806699 852907 816875 832250 795498 811361 836763 815087 820523 762150 783004 824790 794206 790805 823268 807438 802983 842995 827905 839293 856846 840580 806337 829567 806743 819823 804823 820513 830652 784474 808552 821414 789935 765533 834316 836283 865086 896168 804291 826706 837984 836432 824461 806634 787544 834721 821603 751402 824846 803391 845758 823039 756695 811522 845646 784265 829323 803133 805926 806854 868340 
828205 815831 821367 797137 816456 826278 842396 757884 835573 817776 850477 856452 780464 799935 797677 795346 823855 785813 748812 844805 811813 797600 788804 777062 834928 847034 808600 826475 825344 781039 811234 772292 785912 806774 819658 843314 838049 850985 800033 748107 807923 791084 794579 806206 832983 835635 764978 813439 822838 805900 855994 799481 831006 874344 829770 851769 795161 863803 861909 810647 773705 782359 794644 809540 781992 808242 835329 835635 835595 829501 862615 770041 784425 863481 819652 875040 824538 783808 846721 831095 788625 823176 797158 802274 798941 882110 835524 846117 823426 797368 821343 817179 781409 846980 828710 787021 832396 780225 810757 828241 840269 847243 781072 878672 773983 850721 838628 815462 788312 812824 802014 837835 828994 815886 748669 860747 824436 841738 811707 854739 846050 837859 861860 880521 827964 834762 815278 795036 846757 837329 847430 808118 775244 804950 860777 785772 837039 844425 833681 826216 832914 875534 806909 811409 770685 810854 806588 785527 884296 798579 842964 830587 798144 797235 845553 795996 823908 855237 762994 735481 827215 808738 796878 786175 866557 845899 798474 811882 834672 767160 846047 824814 856067 843494 915007 863654 790891 810844 820240 851680 773052 839161 884863 852600 796086 788458 823951 850312 780064 867599 814444 782237 805899 791181 802820 730132 827581 801965 819531 806348 793676 853619 772561 779060 809009 813515 783020 862697 818399 814918 792394 836448 792137 820945 882715 838872 793223 811225 816905 840993 838184 764486 822471 821929 820246 786531 798388 812551 873479 795932 857937 819171 822939 813195 867952 816152 799739 814139 805305 834349 878350 808109 713310 838245 802540 811339 803927 792996 818620 828742 812773 857028 800777 834448 810481 795094 779926 849711 829670 810834 800590 870300 801059 800816 833287 831011 829405 789615 827284 820038 799919 779343 778549 828043 849673 807182 822301 794828 856536 834596 781688 801681 855436 860312 743236 821747 753196 774758 772120 820021 821873 822610 818265 824045 833120 839995 815635 856482 792985 800886 814896 765149 846656 839750 784763 846878 799472 800797 821324 825441 821332 853667 864517 836814 853509 817529 826888 833869 798274 820927 830457 789130 835530 794767 780254 758751 824671 809618 820420 831054 792256 807989 861345 835844 798095 850298 834833 837737 782502 778670 800166 774369 840338 823205 772519 809440 855311 759911 753253 804708 864389 848389 863663 785725 840138 821734 866833 805333 838673 802951 835196 810556 742546 756905 816396 848567 796643 771272 816870 858739 808255 819914 769634 822462 831275 852520 
820189 813770 828594 796052 811147 836814 866797 768265 846256 835292 840116 844377 797417 819451 794955 836088 829855 789534 751138 864451 813218 784746 782957 800441 824849 837102 813535 832481 821657 805942 812245 770478 808275 782842 843722 843238 872232 840779 784168 773704 788098 795009 793454 810140 849891 835502 780156 803848 801385 793908 859741 819229 837382 847806 808373 824173 787066 895078 873662 792691 772991 782116 782250 838392 789353 816703 822566 829191 842747 807216 836765 777689 794156 858209 798953 856721 876451 785661 871797 835032 820833 838988 814580 799426 801475 863057 814238 854516 843441 805309 817471 800263 821445 835466 838331 755131 810468 799174 818905 804053 847850 878505 820747 884948 805103 873411 858032 839460 772536 816921 780364 866122 825557 815321 777577 869745 864823 850670 808907 848796 789604 815535 823368 851814 800294 817911 836236 818107 808780 842932 842911 830047 824268 836006 846405 800491 834374 827572 814001 837925 829916 853048 805590 789127 803522 803289 856961 793169 857822 837582 834802 832946 812396 821497 830485 785912 856436 871814 788661 762528 850847 836325 805239 804833 861348 842737 796460 840434 816462 804125 860024 806594 852436 878509 874870 863850 817679 825058 820930 864423 809624 849319 879834 850885 794876 792209 823842 882256 775939 883782 816019 815023 805433 826747 801097 746016 840678 843395 845552 819860 795299 873856 798800 797046 791749 828757 776366 864264 809732 801701 793738 844965 793156 821922 865255 841981 788941 813024 817126 869596 810044 770496 779555 834335 850783 824546 840737 854861 852713 768528 886611 789413 815795 811436 839229 783332 811770 797531 772633 822796 853511 832348 791960 844963 827518 822533 823548 796274 838040 831635 788291 825077 804140 838109 830920 798518 833928 859437 850463 834866 806006 887190 811879 820945 822840 817289 833422 789501 799328 819492 794828 776728 805669 831394 796859 815820 860054 816069 834109 846567 806156 823997 847997 800564 756989 820733 764824 779395 825709 842511 820184 786439 821280 848197 790409 834780 798393 864138 768379 789956 820589 774547 829521 855205 795806 852431 824811 794105 818212 819802 789568 850737 870732 787627 810280 824919 837496 827862 834713 809238 842607 823663 838181 844634 752797 744948 865903 826262 791834 803711 846016 816822 849645 797272 843948 856758 823843 841615 811644 779773 785113 809536 829966 827653 769121 780264 801912 740622 771806 807334 831775 859452 878492 811749 844899 830900 847435 833010 803890 803141 830660 831702 748336 801817 814616 828232 797254 777148 817350 877213 806704 821714 783599 819473 804744 859416 
774257 766866 820634 745735 745377 763502 821219 711873 797754 787949 771555 807073 729295 764540 775274 767528 771428 768791 709640 818952 730377 725572 729063 750516 777014 812918 750666 771742 739423 762617 752554 746585 729769 756929 781292 795759 792239 778508 741513 749351 748756 764810 756408 741852 771613 802784 753710 747781 777125 769152 766861 768330 780475 805789 768247 791121 757798 795910 795348 722144 719824 760491 773126 774549 745471 771469 770764 779444 771664 781197 816587 721536 767597 820608 762531 835654 798226 733084 790087 783427 736961 779000 754798 760514 768617 828103 774066 828401 783762 788688 751373 796732 767325 771328 774310 736708 775215 753212 745797 778491 766878 813985 779613 798580 746210 818842 793657 763509 733145 769103 756360 813083 795913 759440 712555 815905 803626 802473 754633 805917 764963 766548 758112 819903 744399 774018 765433 744022 764180 785799 819942 766609 747574 753203 792840 741035 774041 815167 799136 774966 775376 796359 782253 775642 743681 749396 784228 741976 811225 774065 720686 798313 759298 738195 799594 778931 758878 828941 751321 734817 767748 759176 776544 764289 810017 766319 774710 745628 748715 737700 808899 773348 801431 815787 838268 786718 750151 738944 770061 799109 749726 804693 853058 751873 767559 754628 774473 782676 737746 823336 765730 744141 786538 715714 741574 687728 790976 797483 791309 789366 750105 815524 748378 751650 743358 789651 740385 845883 761724 788462 771246 795998 741068 785444 838321 750248 768781 769086 757588 801425 739014 741875 733247 777932 786198 758240 760422 769487 793946 748461 807690 766178 779397 786199 779829 738139 776623 765509 727704 752449 842188 750799 713319 768898 767541 786509 806917 767460 819273 758145 750676 809185 729016 780454 774362 776620 752926 773462 794774 755523 762832 808202 782050 764313 772043 771010 783883 744143 754465 752386 751287 709550 761494 757607 778723 768539 773093 784390 788091 798301 740862 752291 793896 756434 699426 734906 736252 741741 749453 768603 781363 767926 765714 775456 722468 750672 772745 791961 744574 754661 764556 688943 788487 793087 740740 759231 762817 732252 790478 757040 739824 793525 791858 759563 790080 756055 801959 734236 766258 778244 780471 763562 787445 744852 733482 735770 772953 729224 754255 797178 752579 788506 794921 768065 756186 797591 755254 780586 790682 743749 760820 755763 756503 798970 740785 739160 753732 704160 734193 765296 822210 816711 811846 783558 787906 786774 807145 775066 768224 766990 783040 755203 725084 749192 746290 782732 761846 734929 786830 783299 724442 767809 736005 776323 783250 814646 
847415 849866 855864 793825 800292 843238 872981 786802 831595 808695 861148 842981 786974 820135 803209 795443 842670 839478 773664 880102 825204 804310 790973 785240 823525 866930 842412 794237 810126 769446 816400 805466 801337 824817 872911 857742 853477 870924 810770 772624 824332 818227 816762 808554 859031 832057 807880 806158 834626 808187 883871 841101 837754 855232 832890 859840 814870 855922 851247 793547 767914 805569 810929 822724 820714 844447 840454 825249 846239 845213 843136 777824 817103 888183 810648 858071 851678 801737 846022 843866 822700 837086 835497 828221 804858 943975 824831 885342 846088 817327 832214 816379 789470 834040 820832 785245 823171 797562 811083 866615 853653 872537 852167 903578 788262 878526 853866 843028 791412 819452 817036 881511 842226 845574 792775 871043 878507 887878 839290 894668 834149 870307 811139 872723 795143 849103 859179 838893 831615 841973 861744 815115 804543 863889 830004 809818 856368 872003 881574 835543 862048 852821 827992 853395 791789 823555 873153 781755 864046 851328 819388 846970 831936 811752 848020 829033 825463 836677 805838 748096 879539 826645 813431 810918 886979 840711 818105 825648 836031 786786 836345 813643 874015 843608 898613 861051 818060 814375 804484 875559 790000 854269 872330 810458 817712 795157 843896 844736 789720 887382 831278 804531 838649 811580 833566 742030 860259 799840 860678 839498 794181 872725 792169 785154 814679 838256 788751 890983 830388 860127 826214 843687 779376 833871 898820 849844 826778 801386 823971 884085 818313 792633 829530 839046 850490 812875 827654 833242 892133 827133 857698 857334 839836 849552 858731 818025 813849 854532 790176 811514 898038 820549 759575 852534 839087 867663 826629 794754 867423 841027 812975 874934 791980 838415 828511 854033 811568 862443 842096 796253 860303 887712 822666 807779 857933 850585 849253 799647 849491 812938 803293 804866 813762 829242 838198 832737 813989 844154 848738 862100 810423 833123 884187 833343 779754 828942 759996 773687 814348 813911 798422 831225 845900 841441 833863 833946 812730 855540 801389 797032 813156 771673 819194 866899 826207 843740 825404 797753 837573 862740 807163 877341 860015 830314 827467 835586 857308 816971 806020 834100 820928 829754 850694 847574 778073 770212 832391 808492 797377 835051 800357 823282 892104 849183 811446 907630 842689 807957 810202 810691 776208 806824 810635 847959 804636 808127 862322 788263 785934 833379 888493 871397 900238 801064 835782 868273 878074 842986 823766 827532 838595 826804 782685 795198 807993 883931 830670 826909 862315 856470 797458 816336 781721 875847 827225 862089 
805885 792087 786060 746388 819626 795219 818131 752467 812666 801291 819843 849516 749638 788983 811390 756129 792311 779960 730977 827750 773196 769238 757971 767308 824599 824297 760855 773577 788815 766381 780998 749630 788267 789468 813922 800307 834020 836261 784403 747074 755997 774427 783063 742422 796199 797299 782325 795402 805005 755760 798688 763439 806133 831738 788952 809779 803322 841884 841533 749653 736073 790105 789546 808779 762491 786527 791301 800791 788539 801633 841243 764422 776437 829714 754971 821518 805839 743711 860417 815257 752459 794554 790198 768289 787400 861636 801749 847142 802726 781030 772411 766516 777250 809053 811536 769992 793906 763154 796024 753462 813421 844350 764939 860078 781507 840598 816524 785342 773844 761430 765079 811808 803762 773296 733789 853297 806578 840358 785169 826211 802809 814667 796491 874826 775636 795167 806941 791227 830672 813839 791435 832115 753355 783865 864132 785171 801453 841499 827982 781144 802107 842593 793802 766491 750041 798321 800301 739077 829906 801061 791666 835256 779446 791340 814701 793155 784422 802778 731598 733144 796855 797709 769607 769077 824357 803590 794007 795591 789388 753704 842931 812981 829612 812394 887874 822815 788130 799442 792324 851861 757073 803418 842459 807726 769082 775174 811538 797492 753420 851774 773314 769043 784559 754660 775035 729721 795376 789443 793988 813535 747252 844152 788495 745841 775383 826363 745438 834563 768276 804113 779947 817489 764833 812147 844527 803679 776896 771781 813314 832871 783426 751345 759826 800142 807779 766094 823138 755991 803128 758821 818184 759857 813643 807294 835296 792373 792020 811360 766145 798827 839839 776551 724690 786135 768593 782604 781256 737320 811975 802772 782069 824686 741857 821458 777722 769029 766298 804141 812391 790479 801717 843662 774650 738760 801506 806773 791108 747500 772260 790708 771583 744496 779345 840881 783380 810615 801064 792178 811150 839620 762013 803154 839222 840610 731239 749784 727126 749536 777510 820694 794200 823296 780089 806120 768307 791784 792704 846713 796934 764991 782643 734014 797449 822354 753178 802738 792534 799557 809772 784263 775605 805692 824442 790435 799165 802503 813540 763654 779109 766104 770628 754063 812363 800986 741700 754502 780308 793180 759135 796566 796990 783999 846466 776571 779707 832606 798055 807666 794881 772637 788318 782290 767934 803582 790425 776478 809836 726078 710523 786510 804027 800936 846083 759799 811418 781516 825594 811464 797163 761442 811533 784339 739999 767918 756348 827312 763044 750153 805959 817408 790496 792252 785249 815594 790014 838143 
847632 857187 838726 814934 861862 846303 870189 814647 887749 841386 897596 891102 819799 816732 857625 830776 842980 829309 770281 848290 825669 806445 798805 799800 867454 851812 837468 846987 829489 822056 794884 826438 834562 819882 858416 846389 869729 866269 813356 802017 829174 847756 816545 807065 860195 836389 814870 847600 848229 824482 872782 850839 848277 867084 842298 834398 855808 864023 925434 799810 766327 836682 816825 835451 804026 842767 801216 844605 834960 854665 867547 797237 816069 860730 836776 873668 840940 764252 902223 855843 830694 841389 834277 809004 814988 932291 817491 886592 886359 841021 844615 798419 820156 830674 828743 754921 839302 768964 826873 822205 864188 877513 845364 873481 817288 883384 883766 875023 786711 804569 766589 878234 854527 814887 801887 886024 864732 893733 831623 845110 810604 828190 846177 893545 816523 855022 852482 849209 847181 895146 831517 856253 810762 812324 849487 816451 839149 857184 865759 848739 826160 895294 826992 820600 801535 830947 874463 781196 897947 804945 853346 803340 829336 847137 852970 828903 845357 868387 806104 740362 849958 861246 792165 822932 883523 848120 871242 809116 858586 805496 875717 851844 864432 872642 898647 845360 814459 860174 851846 872324 784151 848107 885831 862201 839537 825307 891258 847662 819154 931639 819091 820953 855956 824545 823619 784582 870944 833628 901781 858672 828737 893783 819483 807015 802812 849936 836148 883788 822493 846952 787942 869159 791581 873906 874652 839284 815385 832704 846242 874730 800004 795012 810282 828713 866919 845523 874967 814308 861309 800014 887147 844308 829106 833409 877067 801257 822938 857342 803183 832891 877767 830402 779812 830779 838091 859643 840125 806306 863464 843522 817515 885159 799653 866968 821442 807541 836993 840383 837135 802772 816024 902240 811431 791712 844842 847189 871407 823009 840943 835909 849594 797999 833633 850125 827399 775399 825361 811292 851877 850090 829082 831428 881969 833428 774316 876454 783171 795940 851627 841972 840730 824571 811619 867378 833741 848047 842393 895372 832441 796463 831814 767281 866366 841680 783786 839792 872122 822228 827807 851305 829117 879351 852016 850120 861185 843276 865888 848913 833996 802696 817761 794333 827917 835155 769263 788185 871572 835559 830043 837043 831215 846910 868579 849630 805305 897219 867270 864895 820365 833934 806671 845790 833627 848419 826579 838137 828434 791943 780784 853501 880784 873833 893291 840931 859569 851029 890122 837820 796583 810264 844153 848548 770767 812593 826824 849394 829250 797613 826676 823737 839359 835141 827161 817613 857623 877284 
788472 803742 824879 768785 800550 818763 833125 758054 835378 853919 831803 843197 777470 804779 771649 788003 808997 784297 734819 836961 783501 782289 782014 768078 832008 826943 824985 769160 809684 777376 788870 773697 781536 780240 780075 802107 817814 845655 760157 737763 764893 778743 774709 799992 824395 836161 776408 765162 788261 767386 807373 817962 849050 826178 763216 800185 783425 852179 861869 771247 742678 769212 804616 814063 798890 818056 806589 814212 806484 806916 858094 752177 778586 833701 789485 814091 839694 737720 858926 816138 757756 855107 783290 808046 798133 874222 794783 868549 820179 790229 792770 810299 780300 813992 837222 737932 792416 788334 790827 800556 837155 838214 787050 876470 759574 850023 831275 785080 787331 799222 751423 859529 820545 815075 774737 841569 852716 842404 820335 854174 807946 788492 803420 868013 796608 812132 834576 805936 828062 816371 841239 826886 781146 788628 841435 774679 817332 860345 824350 774563 822091 837684 798477 788085 767422 769365 821243 781219 841625 774973 786706 811510 771552 771006 820205 806938 836059 819902 777831 751804 812065 797132 799315 800628 823330 831927 780676 789324 786999 752365 847739 810474 846553 817657 864696 814479 771890 828033 811853 858429 750712 853913 866501 791684 819092 758583 784567 819945 756829 839030 786771 773551 803127 788441 781870 726916 832090 803985 872344 826473 774734 870341 769167 786122 804205 790756 744830 864183 793842 818976 758723 835401 757720 815399 846788 829660 803618 799707 777364 832644 748708 745319 791153 807871 808535 780029 817031 785429 871083 800254 816023 802868 791956 804257 799750 781649 805756 797285 741868 798091 855567 788472 719663 822837 779235 811524 789712 775706 868615 781833 804901 849477 789907 844993 799637 805273 811326 814033 819112 772565 821657 835178 814198 805083 789732 829276 818118 780329 804726 804835 790921 748203 792593 818813 815806 835759 813748 826795 853867 811756 789768 815944 829675 808081 731920 801238 763488 756879 759172 807740 785924 803938 838550 828577 783562 791673 801185 819913 781521 753255 792945 762413 818823 825785 780091 788304 788809 785925 826595 808561 781936 842789 806381 814995 799002 822481 824215 792667 789691 791290 816452 783116 801827 819158 749753 746201 835415 785341 764982 829152 797994 819383 825595 788092 799852 848749 838395 799885 820663 800011 763484 794605 800136 832740 790111 790750 786764 754298 739223 796558 857195 831140 854524 805546 839889 818172 825863 813546 816736 829583 821875 760551 773174 789522 809866 853017 761042 749744 799163 816988 754020 815690 778421 827684 808224 817410 
845929 832958 823706 809672 824895 814471 855987 764865 858795 821264 814796 851327 766742 809439 841349 812651 812609 821825 761105 872920 791476 780864 780402 832373 816416 833405 806186 816657 812306 813276 802458 777905 808895 818883 836596 819845 859421 845334 807149 777005 817814 804832 820975 815252 840993 823805 789634 784802 808000 781062 861971 816003 848175 851323 830048 826843 796396 868398 840602 795740 742670 814493 788000 838944 792075 841180 835239 825958 845181 794924 854225 759527 796589 874232 807423 829804 828574 776975 873004 830550 793058 816400 798530 788001 803351 867663 838338 867072 834761 815565 808369 793694 810349 835360 834228 771871 800118 790109 804297 814501 816013 885637 782055 856127 772118 827381 858575 800854 791142 811313 773196 833661 812826 796933 762816 866332 840190 835697 823369 888588 838454 836596 798419 897243 801995 845938 811369 762064 806802 818010 871012 803043 791829 791335 861698 791690 836313 869865 845519 859063 838110 855570 817545 810656 741095 798917 845261 780275 823234 827866 788922 844892 786999 822498 846236 840355 849789 867748 777627 768526 837850 809052 806034 818566 854781 819719 810094 802371 816014 802944 854423 791475 828841 820317 881408 841803 805528 829565 806463 871286 808232 860135 880425 804662 810758 801246 818939 820143 784122 849735 817173 804327 789997 821412 818486 745490 840504 824421 852449 832359 757617 852530 799397 783073 782239 827253 759278 841619 791648 812648 772539 832304 770411 808989 877786 844726 786413 826285 817733 890619 803089 796853 783740 827473 845350 786165 838717 808341 837738 789942 870361 818080 827631 802175 849208 831314 790720 813142 802410 808385 862969 796743 757623 851483 829754 855902 824518 809358 879272 826409 780171 839673 796967 805718 806461 823116 830061 848201 810459 808807 830256 852391 820555 802935 797291 864180 848516 800412 766327 827579 796984 805018 821050 841609 789076 822853 815983 824923 857927 842178 790449 790191 861562 847648 779337 834326 760527 791052 797761 804752 808557 818190 802745 807582 817591 827591 791583 871607 793910 760113 797770 742474 815668 840682 791374 817600 794084 795531 819489 816633 799130 825137 856516 809330 846834 815010 835457 787575 798516 835386 863587 821553 838399 848174 750610 765114 848622 779601 784987 828854 803898 835359 868113 799152 823997 885024 833288 836234 814810 797011 801618 808185 826954 821497 800252 810305 827037 760105 797538 811143 847863 843170 856117 809861 822907 816570 816788 840236 828152 816719 844457 804269 784984 764126 808972 855667 828319 813120 838386 845784 801738 826242 773802 825447 800159 838296 
783723 785175 791628 796492 799976 799862 803836 756900 801700 803134 830398 810029 766088 779991 791840 760094 776522 775734 722987 797896 741806 779002 768603 739250 791445 809211 769920 790031 760805 725641 748156 742165 752075 771259 797629 789600 816797 834908 773234 733529 772099 732688 792270 756564 807463 828845 744799 769910 782036 745840 809064 785895 801621 802641 788097 753039 771578 800696 858936 761587 712282 756739 761760 750989 768121 795310 785093 789876 789148 787917 806703 737290 765478 785695 765859 801321 793533 744305 830585 801040 746080 799312 788338 768971 785447 862262 766538 825628 799512 757575 782046 778022 788182 838564 813490 719572 792173 760739 786230 791376 779164 815937 774320 844824 776141 819709 806809 773661 766280 755858 724174 808174 771362 771654 731701 816431 807920 824853 773989 815950 793313 802470 760104 813458 779848 764402 774124 801051 788168 822500 808786 819052 741064 751203 810556 775706 775396 805613 827365 756565 812823 818759 766558 757758 734558 748169 775217 760282 823521 802530 803595 786785 775711 781056 800193 776474 801911 828004 767877 728197 808259 775462 747801 751153 839711 780345 791024 740601 778992 766466 805206 770742 806911 812601 847403 806030 768849 813659 803378 812069 754562 777956 837493 811248 780869 781402 772057 774077 756764 812453 757951 749067 774771 789774 750901 701253 814020 797216 842637 776418 769190 816188 776702 754878 762874 782522 738755 839941 743665 795167 785796 792932 732688 800874 853087 788825 762475 759750 793947 823491 750953 725730 735168 801244 791483 750897 762067 739387 812165 780985 841056 760879 785818 780583 810158 776331 766083 780329 740992 790660 822143 774378 715732 779001 770420 784411 787766 787918 841121 800508 758186 826956 745244 805118 792269 780924 765406 781278 811052 775348 797826 832241 764489 764087 748569 806342 785435 756797 786097 791695 772459 745966 753430 773798 792269 803863 774220 794801 814295 811401 794037 775770 810145 782053 720112 774168 767773 752620 748543 803639 773836 772580 755712 820366 798173 769654 768777 816357 778025 724354 760233 714772 798166 779141 737600 782050 783506 765280 766447 796774 742783 821028 828447 763876 761024 786489 790950 753061 778075 757221 779285 767555 782888 817124 711103 730051 781387 769539 758953 776212 796520 760154 814707 762768 756076 817450 798937 779593 787487 777042 766374 748864 766786 820102 764598 781668 800372 730607 731290 768427 803515 765356 847552 788323 777495 819832 818665 782961 769627 776158 793459 792694 742784 742478 767639 822800 773635 778054 772109 769637 746896 782845 765818 790883 770235 814353 
802974 796277 810680 772002 797302 819582 845688 761232 813092 835899 808193 821663 789389 801030 775118 771711 781259 755636 736162 827698 776508 788462 761756 762120 814310 830435 788093 798017 764870 776833 813589 753313 807997 771900 803946 799709 830932 853419 767254 769368 795544 798874 754278 779339 833623 847733 785863 765922 818111 770923 833216 814146 842927 830926 804866 819332 788301 859011 821906 769906 727695 793109 804349 856241 800656 815078 793917 806811 800509 808221 827524 758686 790622 829857 803300 833857 817331 739722 864861 823903 796040 814385 768488 799478 788494 866819 802454 864614 828397 821825 809197 782335 795625 796295 833056 756468 810935 767645 771032 786725 811880 824836 776086 875244 794389 857990 846096 793302 772633 787277 781892 841327 804251 832703 765397 851965 843181 833852 805728 849406 800964 818260 797890 833399 786218 822018 815148 792542 825680 827579 846486 814487 766205 796373 822728 791040 822399 845665 813825 820579 813743 887431 807749 802550 769218 802908 831788 781813 859627 809071 780951 830293 819364 788883 819848 781257 795035 859233 725020 742869 785176 784641 775211 792602 844034 800558 792657 803926 795053 769184 829331 807191 859371 822844 865833 831573 771041 800987 802391 849582 774859 833365 853086 800257 824249 776306 795201 816993 756899 824333 809546 813629 827801 769852 781002 727329 824955 800446 838523 856851 790420 858831 742272 754227 772358 796891 781218 863204 776820 830027 769781 811970 734291 795278 843662 795566 781775 810638 822224 835656 807040 742554 805511 796897 831597 787017 828497 802129 848477 812306 836317 814569 814832 795899 815279 797008 798766 807420 755161 799276 846537 780377 760283 773077 844524 818439 811546 789605 849227 818400 783354 819531 784698 828381 788718 820867 825569 841389 810064 764684 820309 848767 818026 795602 808560 814426 809108 754806 783772 803844 760628 760469 797604 815586 784703 808904 785923 784174 828626 826980 796153 821906 839770 832844 760634 801008 753526 771051 790696 826356 786056 790827 787707 805490 813093 796621 815189 848932 772101 746337 789688 727523 831728 830779 801325 792497 799936 754734 820356 807586 768002 839864 846229 790308 827771 797265 826832 779416 791427 802002 785460 823281 797926 804766 749263 755337 843872 815775 777421 779620 793140 779068 836707 802341 813886 854322 806505 838615 796824 772811 767108 817704 767929 817375 800458 776608 803996 721962 795841 792898 828390 836388 831843 788910 822539 813872 812592 811850 812939 800207 831943 812088 777098 772435 808434 825257 796046 750297 822387 841637 819341 775529 781384 838105 813007 832445 
793433 800128 797632 734097 782916 811616 828392 756947 837664 803869 801751 862742 775860 813394 769147 803039 830755 781907 750909 806939 775808 758213 797349 796234 795781 797733 812106 790243 780995 786958 754470 743637 768365 797675 812191 800517 840339 808359 810600 746242 782258 757849 791790 777244 831360 809572 796745 806013 778870 766725 845253 811591 842264 847229 801893 813054 754371 842382 852496 807750 735331 802127 813673 785714 771331 810024 826404 773450 810253 782692 824975 745959 757552 824593 795561 850454 844500 777034 857575 804762 778085 796569 793569 784459 774510 880518 800958 871392 817893 804703 786724 818428 798396 834158 827431 749464 752843 780141 810965 830041 820182 821670 825230 906132 759829 874420 849135 794477 761141 777505 747941 825787 796369 773249 763350 838011 827989 838192 780018 850421 796670 804995 784793 834866 779385 788687 825498 803929 809968 839944 811577 808911 785644 797636 802537 784288 819837 820050 826968 800029 815955 843592 776291 805710 768011 811530 837924 774605 824334 793710 806992 829483 807166 803567 808967 809518 796616 811976 782510 729206 799514 817374 772597 779229 864470 821751 814581 783272 784786 757577 835536 777128 814125 837060 881020 823797 797541 810993 803332 830716 752968 837206 853161 822507 816329 773921 852308 799572 790536 854640 756030 752063 772674 794812 790197 778086 802202 787321 839576 808346 765979 859120 783944 775436 790797 841829 738354 850177 794992 811041 760883 798293 773803 810586 866693 822271 757179 799701 816271 856498 794773 758528 791255 798202 812797 793605 787514 789004 833444 753361 841950 804279 813362 791201 837402 777874 793656 792671 776805 786207 854212 806103 759394 828339 795696 804503 800774 777787 843944 838700 773770 845964 802498 804566 810473 836742 798918 845771 834900 783512 821174 837883 795415 799091 807464 799817 819729 771295 804574 793703 771713 785465 770009 853708 837433 820788 826931 819772 840649 812043 759962 772621 793715 791709 769113 812073 756829 762776 776024 796816 809180 801229 823617 814164 803049 828213 777441 829728 781083 749177 791246 781237 854820 839646 782008 834376 825426 792242 807215 803207 752538 808324 869848 818301 800916 814281 806845 824955 788242 794277 822683 839320 828076 827824 738178 767535 817190 762665 777569 791043 767649 814526 875449 778009 806937 832062 785407 787584 800972 793717 785656 815425 805488 810218 753883 769524 789607 731873 740360 804827 862085 849083 868867 798809 812230 802457 840337 778493 829177 799372 807466 784045 754969 780287 777047 811481 803317 749850 788705 821637 774634 806377 764333 774486 781780 821319 
773789 753406 732877 751471 756284 770620 805763 711124 762649 752720 773111 785334 738197 732097 766400 763817 776081 723790 706384 780242 727740 740205 743969 719666 775809 760755 781240 747019 722167 748383 739017 720486 753942 733149 766772 772405 803894 808397 749346 721102 752645 760718 748178 735958 766610 798972 742589 773038 746552 741752 767814 745530 759783 813849 767095 801852 721042 800257 791081 738967 709222 764137 762232 767755 741098 793086 750619 746065 792954 729427 831779 715667 741911 769531 725556 773565 781447 738500 787590 759965 727881 770053 746518 726421 747156 823100 733576 790514 770684 741541 724248 746835 755357 753650 789770 695805 773840 724669 753490 755983 759730 799476 757963 820901 763843 772287 805594 750162 705424 738780 725133 777551 751368 755539 726101 814434 780973 783161 770154 807058 762597 747613 759169 812791 710027 734669 773677 765780 747746 782822 787739 798693 725785 745060 798877 730698 762730 787489 794426 770942 764516 782296 760863 761271 703888 755061 764810 742373 807340 778498 763851 803030 722974 757173 783780 752074 758130 780620 708304 675763 727348 745166 724751 734658 792013 765282 720583 723297 773842 755485 823887 755750 786631 809233 831715 753675 750401 776659 791220 811448 706039 789993 810451 788970 755920 763681 774934 761148 760618 823086 742255 709437 752289 745589 764416 712531 755261 763315 757796 732234 745303 798150 751155 708854 728886 784412 712026 805775 743053 779056 738192 806640 715064 730173 807821 749095 739759 772319 749837 792872 749163 718942 749402 755168 758214 724789 747238 762019 801154 737436 793551 744411 767838 745263 782190 735738 723384 760460 698030 768960 793783 747337 707535 774937 761643 795582 746102 752799 799016 765424 745938 769512 714731 756497 764543 787141 734623 744884 764414 753751 743556 794529 739051 730005 732167 794998 778733 736790 729815 759732 753781 725374 750819 799519 732796 761085 747155 764799 792739 804263 785011 774759 797128 803857 682058 773552 693445 711878 773016 781242 781598 769126 744101 790209 740313 796373 749847 779147 741662 724756 777018 683637 759572 780718 725487 761593 740759 744342 727593 765798 716950 786335 797028 755512 751008 803347 748780 739079 761562 731288 763604 767378 780494 813765 694092 730616 758986 761429 741629 756898 778310 725660 797529 751822 735661 809389 752871 786514 731335 742266 746067 767980 751397 768727 751372 743240 781293 678463 703563 740906 800637 769982 821858 755932 769835 763594 793852 773240 738467 758759 789625 744326 724744 764402 750574 761903 771993 724619 762490 778484 747685 726724 732538 760166 742630 800289 
799800 772957 767507 749990 747965 803202 827647 748537 791689 778968 792971 802956 759331 772422 774797 768402 781040 758307 736944 821658 723071 736653 744044 740831 770292 788618 771864 775013 760179 726128 748995 724716 760617 755924 778281 793075 811580 809148 762049 721708 719947 745355 747525 756382 837243 794356 751941 741106 784818 741098 794486 762945 796299 840305 797858 785825 771268 810567 831778 752901 682736 763940 794517 771349 762541 765441 816929 791479 777260 766080 814229 718713 772572 827267 743298 803929 817779 746742 820056 767809 737312 798592 775918 763688 768240 818377 764280 824673 770358 755742 753953 773053 759972 793583 810540 698383 765013 741868 780035 749188 781879 799261 789975 854988 770599 813208 822750 758943 740103 732274 705572 816641 805094 777968 728593 809123 792369 815809 770397 842407 783501 773385 772096 811892 737118 778604 755321 763226 775769 815428 806865 779883 737035 749607 774308 771646 765544 824330 801644 774644 765155 798059 766930 772734 754243 778434 804829 744826 842961 793466 803177 781097 762354 794733 772956 770716 757181 780782 738924 714999 772789 779585 721376 760778 804198 793619 769150 753219 768044 744988 818310 724784 814369 814238 817154 805181 743018 745904 794407 811990 751673 787923 834563 764730 766418 770097 791174 796212 744965 836792 767912 757244 767680 745695 739716 711172 807468 769306 811273 789167 730375 764827 760577 753227 773459 750255 750783 828103 763633 799290 734146 793304 765108 742934 803584 748653 757109 742667 762254 819109 771508 705742 762513 802924 800962 750494 762949 770068 799709 730515 833166 770944 769028 752894 791864 748696 773666 773936 709897 774120 779937 766619 716167 780248 770526 787699 788226 762237 799001 756144 741240 812064 735586 798667 776741 760276 746013 790638 789319 750884 762925 818967 768417 764375 768093 816051 792687 715584 757263 767788 774478 731056 744523 808939 778377 780621 759962 769134 800568 796891 773039 753866 814141 784626 720474 773047 724472 727511 757819 769966 780242 774491 760048 799629 762174 769025 796251 805821 747863 723905 749625 715426 818429 790474 760125 762746 761818 772291 779731 782868 763286 786420 835953 783658 762351 755031 774145 772713 783755 784780 782440 804224 779769 801638 722102 737975 778877 743411 761783 765908 775680 739735 799076 766188 747985 787224 786343 787257 754314 742636 757982 771948 778720 791373 773646 794553 797931 679344 738610 771719 836032 813645 827668 789142 795202 765590 820184 781074 760062 769931 771656 766084 744328 765973 756901 788367 750011 774024 757073 803681 787132 784961 758003 781132 763817 824163 
838744 855135 835761 851791 816928 864243 863075 799298 846479 808562 856592 877092 798518 832354 838569 806326 846106 821507 793513 864165 820628 778403 793327 812598 816265 872620 832960 818025 803568 808905 792131 793584 838190 820519 822460 838071 861988 838576 806722 791581 813225 814782 812065 797929 833311 851714 820807 813329 826579 794386 850307 855128 877679 864096 843799 869478 823729 877450 894148 780727 796886 792835 797105 859086 817257 854672 839430 820430 854319 810834 878096 787944 838179 865506 821676 880978 852665 787431 863102 850423 776319 809734 844732 819728 791711 886613 820297 882741 843379 824397 814332 810625 803865 855486 865627 758631 829590 790729 808045 808589 873580 869181 827666 894032 799928 883906 879773 861184 819776 841541 788388 889118 837602 844745 788142 869005 878375 891823 798257 902292 831634 834022 828015 886978 803043 841728 853117 847133 833420 846710 850932 840115 799047 829277 830375 795141 857703 874559 832156 844566 830641 900706 816918 825190 780344 831828 864219 793293 838985 836536 871314 833257 823829 825110 840449 842266 825013 878003 786903 764767 846572 850173 805972 798513 882592 821122 844315 823192 842569 791235 882172 798909 840049 849835 894690 864768 802742 837758 855259 886077 774017 872922 897593 853011 842303 835805 859110 846016 788003 884405 835587 805965 843896 818820 818894 750594 866340 833007 873482 837066 812154 855879 818142 814372 806789 845681 798510 921683 818037 863659 811195 831162 797725 812883 913055 822818 808511 817378 801875 886029 806285 781059 812166 844378 838065 815698 813974 811827 873190 811690 865218 832001 824536 799246 851962 814557 831897 836099 795573 856547 876484 835577 760163 812757 842414 864981 845356 829658 866343 837899 811637 868760 808015 825854 836145 813030 852277 854227 848251 797788 807325 893704 858257 792813 822980 843467 862283 812781 830171 812067 842835 781053 819847 867960 815054 842764 823243 840542 881044 886812 824512 819499 864278 856630 767863 823069 775395 807003 805431 827918 840639 843198 817160 824163 834664 839442 835912 883976 797617 799187 809617 782923 828479 855659 815996 823608 826052 805531 820949 853408 790111 854438 877984 828774 837908 825477 864991 819080 827781 837692 859775 831238 864901 838423 761268 762937 850115 825313 816961 852741 838769 836764 872017 818259 803882 864152 811625 838567 806213 831975 824490 837263 807641 842156 785355 840799 849449 781496 774805 831585 868153 857697 863343 843475 852080 850006 856652 789835 848819 825023 863985 825367 755208 813247 834577 846262 830283 809528 849052 846830 835131 813989 827437 841488 828143 881198 
819535 829097 821163 794582 810571 813944 837095 778222 830635 837603 817594 890185 787958 814800 837542 814957 804284 800773 740296 847690 800443 784989 791149 797681 851480 860364 771052 808364 808532 803142 804469 798081 793605 812285 832129 853983 862665 858052 791323 747773 819987 808490 779146 805996 857747 828015 768796 796984 842700 796493 862850 826242 848658 871405 821413 811685 779941 866341 889840 794284 760603 795594 849659 829096 803321 820309 816197 817911 820806 802635 849649 764982 807756 848804 817310 863084 830258 774477 873813 863582 787594 824847 792856 790432 816205 874198 812992 869187 857914 813253 807606 792059 810102 825542 852193 754708 808340 776319 845710 797347 798443 856947 794606 886700 800229 844052 866928 826623 785686 812388 755514 833245 815601 819493 761032 885042 847730 851278 824415 880651 813664 816831 826428 859739 814436 872539 832881 796374 828506 843297 836270 821705 775478 794599 843837 811041 809149 834549 840900 824517 845677 843009 803539 811719 785136 797970 843421 799804 861942 824472 812528 846361 794525 819280 829567 830857 817743 827562 791438 732987 831143 802638 803853 793812 877766 807308 794682 824050 791008 806120 864831 820407 853199 853874 859351 824376 801795 829533 842758 880655 779325 841307 892706 811089 805848 813582 844236 813110 787545 859991 791782 787613 808716 802194 820985 778653 846495 794024 857168 810704 789132 858916 777553 769243 803623 790252 792491 877079 805740 836415 772065 826141 777932 791983 879692 824529 782633 786545 845011 873775 783853 767823 815953 814942 826696 777873 836450 805592 847872 805130 847645 801312 820873 795349 838877 805290 812950 823895 787315 809335 852522 818208 737368 833416 814633 823614 789519 792176 865709 822666 793811 829504 802509 828410 823471 823301 820897 816965 827985 781024 829586 849534 812196 793423 841990 856070 854299 778921 802067 815841 811936 793717 788174 845478 811220 834868 803514 825628 848058 853953 793676 836290 856256 834885 754600 838649 776165 764415 787034 832248 811078 809339 841020 839535 833540 830151 819865 868737 815452 764594 830146 760150 842871 841014 793001 817748 799906 809439 836607 835470 803996 841484 860807 811342 818514 815083 841278 812951 807354 799023 817505 842640 845945 858283 750391 766633 849480 785140 809395 834780 825794 806443 863946 806855 801682 892346 845273 832277 807118 801911 796947 836401 833161 828980 817620 807238 837196 751498 751840 810081 857759 856464 884549 804142 840738 823194 853908 825122 806669 817684 855547 800754 763997 801663 792233 843073 829843 781614 839704 831893 832999 799828 762852 808533 804093 858875 
805766 799168 819510 766265 798646 791905 839612 760703 828433 826812 818083 861666 754758 828219 812396 793354 810697 780964 741017 831925 774319 776643 782933 774022 826977 810746 767626 782789 781310 783399 768200 784972 808436 782315 822286 812767 845724 839521 785090 752896 787788 787199 786083 774188 831814 828437 802138 803708 778819 799959 863625 821948 803919 827530 806924 792011 800099 856273 850033 788660 719631 783757 817295 807089 766694 812912 821029 820522 809310 803599 828121 753930 782990 837082 806817 833684 812871 758656 858428 851247 787870 824672 825536 779305 781672 879350 812735 875490 827744 765350 776391 779018 774105 829439 813131 757271 780829 756737 810281 801410 798854 825323 796320 845062 777438 822044 826881 824119 761915 765246 737567 817274 798462 811109 744183 836475 840912 844237 769596 854957 816429 818458 791059 870690 794501 814089 824563 784982 826292 845142 841690 817114 800606 770849 839376 797432 804098 818488 849230 823844 808108 820212 796384 811194 731540 806015 828617 772736 830166 804006 799799 824791 786394 790110 807856 787158 834664 819842 752129 783672 797771 772078 784036 804981 853520 830420 786264 812218 772553 776532 833970 795848 827462 835771 869354 843188 792977 795923 787258 839812 777743 844105 883115 812810 824730 793798 830707 801990 775054 869079 830745 796270 796089 759784 794071 741490 803619 810402 820467 822113 790383 852782 787416 744991 824836 799062 789047 842673 799839 802533 800190 814497 766110 830889 874816 824709 774726 803174 786808 843738 787249 771639 782357 803431 807092 760348 794940 779285 868826 785209 844350 796416 824853 797584 827131 786925 818468 818714 775755 790816 872918 796207 738122 823475 801777 803429 809450 797704 868000 786426 798871 856427 787178 839734 794320 818574 804913 809327 803616 803934 806240 863390 801546 789271 803066 828663 813253 758973 808058 808873 770230 807697 795756 799566 784147 795414 804856 785194 848116 818709 793843 793170 866997 808243 752335 814252 749895 750579 762747 815039 784735 777563 806039 791017 798163 805619 801915 826399 789167 787976 784466 731765 837015 840244 767541 809351 810910 777992 799332 811538 775551 813003 861023 807870 823039 818949 807960 807694 793794 842263 789873 808849 859009 819384 777509 737920 792070 789372 762353 818236 786701 808512 880329 787343 792550 859447 853973 815502 808782 806629 782382 786479 822461 853551 807771 763435 806718 747991 778520 819891 851987 848140 846547 795010 834675 834762 824572 824354 800415 796411 816432 799688 772823 773690 790469 824815 796424 788764 827336 841094 815687 817610 797712 785258 813044 825345 
804898 791611 803365 754064 799029 798898 832896 741911 824624 785375 815767 829230 771660 793907 796077 770198 800164 786193 714838 838089 762613 749430 761323 767301 815062 786945 825103 798339 798479 760872 760149 752779 762919 780812 787161 802175 845789 808662 774653 735874 790461 765863 794782 792099 814027 800295 772583 769527 796331 772324 830548 792048 799405 818907 813406 823315 769816 828165 802103 763872 724346 755121 751179 815658 792652 803562 787778 814986 787102 767236 826343 777790 794188 845495 765072 783668 821066 751429 842982 808401 767734 796513 773625 782757 804636 861215 769575 833929 804687 798458 783571 765987 764325 783274 823497 728212 773920 754523 787528 797056 816114 811126 815986 862978 765325 838900 838472 742017 788233 759070 762006 797187 795794 766916 739769 822987 797691 841465 775543 825640 786341 804531 782042 836918 775330 794780 822821 762938 785898 824268 835226 807911 787678 755867 830527 769055 809762 850944 810043 818905 796828 828838 784280 795299 753008 764364 799627 776820 847586 786860 773870 795585 770641 803893 795327 769415 831418 820756 758120 748070 787902 788427 777949 800923 819374 827200 778961 768172 771071 764283 815068 785910 816800 827281 839649 813925 763372 762665 806812 854812 745670 807047 862546 774626 760363 765320 820977 795055 743350 852883 789778 768716 768769 747187 774705 707630 825151 759867 839065 804268 756995 821110 775647 758367 780505 784211 744898 828458 793685 804464 776512 825398 759517 795301 868967 776351 781073 795410 808970 847560 772768 744409 785029 827787 804187 783233 778807 810784 812652 759018 833949 793697 794384 821890 831150 788715 793144 792837 750787 769407 821906 757998 737365 804747 793685 784412 780305 794853 830448 787108 772731 846776 780278 790645 769986 828270 765566 805120 802522 779563 810284 846616 769346 756084 797514 813063 793905 753312 785370 792132 773452 735777 769331 807022 810540 782960 790757 804271 804427 814879 781309 786448 839277 817117 734633 771027 718573 720491 767673 805185 762735 779219 791862 802830 787947 801677 786701 813727 774202 765086 766053 733467 810771 817806 782181 787206 786781 787715 765943 812643 785471 824261 833475 793380 789382 772515 806604 786574 753663 781260 787055 784265 800560 799563 740771 734097 801076 753278 790096 780814 781496 752236 847373 779991 766633 809039 815612 809808 780364 753116 758478 790178 772487 801552 798550 794526 797649 724025 739724 790181 841790 823727 871570 785242 826971 789644 815728 792697 790774 783012 791306 789357 769352 750544 778157 796395 782476 785289 777501 791909 782377 795560 758680 767011 784583 822039 
825312 838010 832803 797909 823069 811436 845836 775129 864492 824368 855101 860917 785447 844301 802522 834405 812214 822931 781659 870921 799826 775000 799427 798750 852035 831156 818192 786897 796554 790848 801633 802259 784127 833655 806460 843904 882562 836462 795293 791097 799972 820088 791572 789156 850980 846729 829182 810005 819643 807161 853628 813948 859165 864193 825946 853506 828904 876422 874954 798126 781265 783922 835582 861902 780480 842370 853295 844165 823333 834768 866010 784673 793906 868889 830124 869106 859426 760997 857851 846804 799332 827055 855333 796658 828029 894608 824857 874746 846438 838056 803773 824897 786633 834682 831933 743703 811403 790393 812208 836853 842644 861826 813441 900175 814718 880544 883990 809489 799058 794337 767155 871878 831267 848761 779690 866182 882856 868817 814732 881456 856598 846067 836296 886695 789987 817725 848942 830243 847401 872783 870522 842508 793482 819573 835008 808698 813732 852546 895008 844668 835683 883069 850917 812690 772060 830942 821285 772452 864369 840147 793500 824766 794863 809260 834742 820145 805272 872734 780453 757927 820685 820790 787739 816001 851919 821687 808016 801110 807492 783067 864951 857167 872332 863261 881164 815979 787181 819916 869177 866142 793887 859391 877298 833956 848193 825343 838188 823936 784207 910558 829217 800977 808279 792942 795321 742278 843238 830020 866735 821536 818632 849114 807982 791242 815409 805955 774142 878284 826075 803378 801433 828385 801784 864146 867117 852530 790438 800992 855198 834611 801411 788813 807594 826642 822425 800291 843029 811506 873807 808333 854467 836629 840626 851047 838748 831447 862542 825666 781997 813186 896258 837346 772802 797963 808278 830783 782361 826768 843908 817124 791917 867993 797222 844517 822289 804145 828607 833010 853358 801862 831668 867031 849050 808011 830966 820768 840258 797000 821573 827735 807234 759925 791813 809874 805688 832493 830195 822856 844073 838110 826415 825726 869378 829080 761567 827212 767668 808032 808867 850170 837270 826118 826457 808478 797987 816101 812527 850436 820436 775667 833746 780982 837150 854534 800058 818177 804184 794367 813418 847797 806941 831680 855459 826343 862439 811092 863601 803013 831889 813445 798866 820423 843834 824993 798174 774091 834586 784592 794014 806863 806225 817030 850777 798830 794123 881784 864394 822798 822599 775540 785934 811910 833834 860856 813848 821197 826078 773663 770119 819616 863785 868086 878564 829826 845603 818862 882595 833950 817661 803847 824652 803590 761575 800172 827446 868909 850844 767961 843079 849923 825886 814350 822171 824065 810420 842312 
776117 792234 784418 762708 783919 769272 823549 743006 796473 809880 810778 811758 757107 785967 784138 781212 773388 780107 725714 797453 722277 745159 728915 756277 801991 785531 754908 752275 753109 758929 754809 753426 776632 746892 783597 775255 810693 786399 761251 759464 744382 760815 770827 799627 785417 791340 748356 772323 771253 761495 799924 787475 784760 822474 788789 784158 759130 807701 819293 769992 728293 786900 757063 795233 779249 767977 778146 774919 790491 719415 808899 723757 769439 816743 759493 792703 791693 759915 831455 802662 787502 766415 787919 745419 750463 850999 800577 823200 798492 759258 781661 758802 756751 774337 795497 702600 765178 741094 780829 781674 793427 814518 789791 843902 762056 843221 813922 764545 767623 744923 743106 795861 778564 772132 733529 807370 835958 827227 753772 823305 778588 780614 761055 832977 757095 774953 805922 790237 798328 790848 797298 792918 760423 778029 834081 788701 787368 804251 827316 769894 783682 830310 772572 779643 768443 779459 811575 741030 815465 810778 771862 804151 768590 767058 782929 774322 789626 820071 740687 700276 809314 763863 738268 745705 824693 814960 764592 761358 790460 755433 810751 768108 811934 810158 856247 807583 742291 786402 788585 848927 768975 778105 842655 797977 786880 802154 805448 805511 748049 802890 780136 731840 783226 758861 754719 699808 764560 788833 811258 783755 759831 806022 738891 743297 753005 783688 724277 822630 764216 778478 747115 778683 748690 778552 869787 801071 732569 768965 792420 832658 763870 744957 749009 789718 800909 737082 809839 781211 790803 737433 828376 782361 813890 801306 794247 776134 774128 773801 769167 774969 824504 760709 716607 778088 789622 787635 788341 754853 835402 788728 782152 809129 748016 794364 769511 767409 791245 785021 787493 782623 765027 830342 769124 739409 788350 810492 814576 761117 767042 786478 757107 754206 745828 799447 749387 809558 799357 789936 771493 777144 771124 752485 815748 781296 726768 755367 751320 720462 768453 779002 816005 796394 783815 808279 753342 777258 782044 811918 792702 746503 766569 739977 785702 814522 739431 810437 809723 780464 801709 794109 771189 796613 795469 778760 826160 766717 784366 775979 799721 768487 783762 786100 825618 797416 722645 743758 792470 774341 734717 784176 747355 779706 833939 744755 767674 816459 798746 803420 779103 748786 733005 776056 754652 804144 762330 765705 775721 714575 759703 788260 814751 829806 800206 768814 819970 778937 827942 760109 799089 776291 792283 788281 707328 760281 755354 795348 764225 729517 751632 801347 766347 776398 768984 801354 777950 815228 
825559 833519 830742 796358 804868 824159 880929 796040 839638 825642 852395 867810 781139 834240 823201 784626 813549 825747 758151 867845 791909 807348 792655 782956 829414 837117 817440 839896 772018 785061 797605 800842 829905 775756 828425 836981 859112 841470 815524 786716 817460 775219 789398 799834 835345 890548 782144 807870 813656 791890 835218 827355 850212 874829 824612 829632 808311 856658 865041 777669 744094 766166 819072 826388 786483 804418 812797 817980 821819 809444 854559 783680 797841 884528 808265 831335 868172 797908 846410 824021 768855 817312 812592 818304 804848 878382 831413 872386 841824 813665 791242 809594 801161 823581 825927 758921 814541 772224 800438 813982 807676 852192 809954 866349 809005 861196 879225 818483 799478 807970 787540 843024 798347 820957 760144 860961 835387 878363 794562 853627 822462 829818 812075 843703 773453 834842 829819 841573 803326 852178 873168 805273 817447 797757 834853 790985 826510 851625 865608 807791 817485 887532 794116 798076 775342 819013 832974 786867 886568 825653 817753 835112 824498 810476 806235 828303 798732 828076 744504 753474 825356 816925 771105 794072 871906 838295 830118 793163 853977 773111 853373 796639 825728 838037 887369 830395 811877 816154 831778 856092 776909 820047 862900 830803 817424 793018 817578 818605 808934 866382 825762 800519 818073 794250 815748 753727 840819 830207 843400 832472 790782 846162 772535 777488 849072 807464 778565 892022 837942 829502 781549 825072 742272 827726 856287 826505 783592 790577 833360 875729 784044 764018 783034 851850 837597 783687 799639 797800 868852 780962 835814 817661 825921 787442 861294 780221 818285 824536 776519 800833 864823 803954 743599 811702 810425 819620 822731 813664 840768 812333 773935 866125 796184 845197 786921 821387 816569 837519 838306 791194 831449 864513 818226 819408 825688 843541 853888 771648 827475 803644 824563 769745 816548 829534 830280 802006 816846 840760 834845 866142 815938 809417 841511 827912 770766 831379 787337 748193 802876 832591 807920 813272 813804 819430 822322 810004 809968 845157 779938 758830 814963 750164 853165 859988 800278 850403 830094 780034 832010 815474 775013 850929 856887 807139 816545 811659 855033 824374 799695 844746 783300 824896 854043 857484 787300 788183 850760 812249 791393 817671 789217 799635 850812 818175 813946 889905 836011 813851 808095 783290 782676 812991 825611 833888 787285 814060 844764 775922 768411 815190 865170 848424 864843 828113 823327 814390 857797 822193 828822 816564 827754 834928 795772 812713 799999 833890 811914 780612 831503 854422 798219 803876 786199 809076 803968 873845 
821658 829460 815248 798434 802191 824933 871099 780325 828173 840204 831479 881734 772920 798440 809951 805247 803954 800998 791141 819811 786443 797672 789370 782853 835231 845447 826692 832142 774527 788607 796107 757717 833933 787876 813187 838989 876838 835897 814126 785114 776321 810462 792806 815266 834477 824926 797102 788301 823064 797072 854436 841681 844008 869083 825037 833821 815726 820822 869038 785556 736806 781468 828394 833127 811881 832967 850198 838068 819226 827569 849756 770337 810562 876494 785325 839445 841235 781138 866638 836938 842124 816731 826032 778625 803209 911338 803511 857266 837722 835340 832931 809962 813047 848117 848456 730561 835088 784877 829879 823838 857152 881161 820105 877628 794908 877385 893354 803063 761203 822018 759135 895645 813107 823358 766310 872376 855698 855463 792110 876257 802709 818962 796745 875530 805697 834815 833693 812387 799424 823050 815801 819811 828699 805877 834576 825564 834339 873775 863618 811766 800433 874904 799982 837344 787617 820056 847576 787889 893404 816476 827169 819833 796188 811359 844513 829397 803853 845096 788320 729002 824837 820958 801021 792721 855273 842103 795599 797824 809226 771597 829689 805733 834180 861311 869287 840571 798613 820734 846632 876292 783722 832523 898028 809152 808894 806901 842730 816450 776538 881778 816766 793947 821057 779033 778415 733624 852455 818813 870011 836372 791077 851125 756640 781127 796234 820099 808395 876176 813281 843294 769259 834958 761810 785677 868153 810524 796378 806691 823328 834797 785757 738546 805369 824035 843541 786258 843397 799354 840429 789466 844017 838201 841137 807309 833760 802750 807647 820363 772852 803464 853041 783829 763904 806404 807872 823787 822196 784631 868170 798995 807901 847007 799301 840658 793432 799024 831232 841493 825777 788865 797138 851837 832264 819342 825495 823095 853040 789698 817619 802489 777326 769070 791036 840392 809379 831830 833680 814916 830628 827351 795669 797702 861870 846643 766415 831503 760318 758567 799138 811618 867844 846302 814847 852099 795681 860360 825015 848402 805256 779482 784580 762503 862568 852191 798532 814986 822593 818412 831472 836984 790550 846422 861762 848095 822529 825797 853559 815631 827932 801938 807230 824439 859572 822024 727244 765526 841731 818491 758446 803145 842953 814929 837790 793674 810849 871806 838287 838394 811370 769514 796554 807983 822349 869491 821727 772162 827432 768984 744553 825534 876913 839507 854091 821611 874656 806046 885377 844817 808001 833491 807054 808725 760437 773600 819383 825990 807454 779054 815630 844776 808748 809875 841063 813461 795554 844628 
825885 805124 833519 788271 806658 838203 830755 743212 819991 813709 815628 810284 779442 785319 804753 803548 798118 782568 765332 845706 759107 790431 801514 764630 808757 841446 786449 784875 756771 781444 814278 777444 798777 785514 830837 808039 822020 857848 767469 759936 795231 789020 780864 823827 835144 828435 787839 774005 817428 777802 811364 817504 814863 823759 794876 794149 794721 833889 869563 770123 730172 780262 799820 793054 779108 817183 812932 828044 829965 796527 843094 778091 825687 850003 799910 830773 844696 756240 844800 825466 781415 816519 803937 805314 791684 872391 781987 846445 801171 798644 801313 807175 807466 820372 811508 764126 822207 775036 807408 804194 837128 839854 786733 850830 774293 830150 860604 817181 737484 804336 740342 849479 766137 802174 775421 861400 840790 862744 800228 871238 791061 793919 799168 848861 780839 823829 853783 797881 798761 831836 839791 807171 770115 828545 850451 767245 825282 852174 825270 828422 787492 859477 811742 835097 759950 812681 818140 792505 851134 804318 795763 824015 778369 819957 801270 811985 819938 845396 770148 750610 819790 767158 765314 808586 838570 788502 807303 781911 815313 780309 844872 806025 831437 839090 886578 824005 793380 803718 823250 862894 755414 836076 868300 798089 781462 791838 819138 803196 762779 862292 829078 760645 790753 810031 769545 731194 826107 823228 829610 790688 766138 823383 775022 757618 801490 803667 750080 836911 825100 788601 742249 794769 732921 805455 861021 759975 769679 794165 794461 833376 798432 758050 828082 799442 836961 758865 799545 798527 851784 797350 834419 799576 848434 781488 803943 779839 808266 804536 764169 819277 860629 786490 717491 811945 807312 838635 809396 786244 848852 814192 781432 823170 781970 826129 778739 832080 805837 821144 841867 801140 826121 853939 780382 798346 806904 816735 837168 757705 784546 813833 784325 765889 800489 815450 777113 822864 799034 775718 846619 849231 801739 791987 844096 784759 761755 784184 747129 762721 795520 779990 791134 801452 799609 805512 824401 816918 818009 851740 781287 782145 767693 746477 839575 813615 753304 763390 820243 775453 804943 835744 773279 845721 858869 781012 791325 814569 843596 814629 794049 814843 819617 803955 822193 810165 747225 776835 837500 767109 785225 795284 815044 811379 815101 806503 787342 871573 810155 812125 785210 788936 780543 801344 787315 828069 779922 789472 814235 783293 776183 814911 821422 838916 837301 817540 804050 808018 850403 823345 784880 824250 822723 803702 757732 779701 798004 825818 795551 780537 812987 822557 814822 809873 797765 794850 794191 813735 
778105 768112 754551 709465 747819 795216 775286 727397 776441 772730 786349 797805 752851 783187 735646 730402 754961 732355 711909 788358 730550 712943 741548 711790 749437 765255 733839 733605 749618 745205 741094 723141 735796 733493 755134 779854 817676 773500 733598 708950 762618 764866 727881 735997 791287 753475 744432 735088 742871 708336 767965 766590 766124 781690 758714 759763 732086 788406 785402 702918 708725 752345 755136 770765 736232 753783 755146 756263 756323 756808 791050 707013 707671 797121 766961 766599 784740 696979 796438 761870 721793 753769 732724 751512 745980 810197 734723 835206 769441 751804 750356 726182 711869 739698 757179 712191 750849 695809 759472 747176 752585 774062 745288 830657 730709 797116 805752 757747 739231 717344 719218 787270 724007 759256 703560 800537 781505 784058 740096 802249 744594 738259 751916 798995 686131 756942 729309 726185 758392 788120 803792 757043 724426 720253 791804 727867 757236 793132 760070 784030 756641 809963 772307 740035 698646 754709 791008 710063 807374 745735 748048 752086 729166 746726 749439 720764 768831 761300 726004 695749 742953 749297 723516 729647 786207 743771 763683 756441 741173 705041 798421 735468 787392 787039 818411 771039 733276 756412 770743 795398 741322 764271 814356 741457 773521 759781 768829 827912 749868 799552 757800 717710 732998 756497 746175 717399 787713 765245 804221 787621 736609 781119 725028 744257 769532 755239 739738 808853 745045 767423 722163 744722 726956 751727 805619 732432 747618 748394 780967 808020 716412 693887 740984 756590 813718 715314 762203 768236 788115 711748 799621 766380 781925 775201 769567 716123 750023 726267 700041 745528 782368 758593 711232 753295 758558 759978 748855 749614 795263 755821 720838 811110 741714 780670 766420 784765 768197 747566 778533 724125 744700 788664 758053 728718 766298 770444 777591 736577 760055 768678 735395 736309 719094 752906 745000 753360 727242 758592 780999 803534 786147 754915 764587 762026 675712 756293 691596 697750 749061 775765 727540 718268 772588 762452 774740 737855 758076 765087 730346 726098 742750 711000 790210 798328 735575 743268 768488 762378 759890 777097 717677 796331 780464 761049 757200 740129 750910 748030 739191 776599 745974 749542 755874 774952 696924 727901 786441 725865 731442 726004 746598 709933 821141 756943 726079 793333 749985 750091 730811 733674 724753 769795 730370 767160 765960 751223 766995 705850 707728 752761 798271 785074 791001 761764 753067 769043 788588 744689 743372 756882 796636 755136 713781 720957 731973 779336 746949 720867 765728 792142 769983 729789 734302 764597 731947 764601 
874280 837920 852630 821042 838682 836232 871655 804885 867318 842358 851877 878782 820176 855240 841636 841946 842000 824049 769544 884407 817273 823370 812910 777347 868457 862701 829963 838546 818528 795618 846158 807369 820571 836249 852393 862472 860444 881966 812542 819298 818422 843608 818313 837236 863669 863096 832229 820771 870920 816665 868851 844667 866840 869506 846648 864218 826791 870864 880327 802577 770940 845707 841081 843482 830891 869055 826916 856351 883441 847708 881531 798487 850276 888105 790144 889287 847355 792126 895519 848916 832070 862985 845078 803664 821227 898261 850724 898100 863013 820069 855082 828863 837496 857645 859731 791100 853465 820677 837097 837780 841561 895266 879021 922975 816394 873513 875673 846794 817163 821821 779803 860435 835150 862938 788425 886369 857021 872557 865070 890046 852692 868353 848799 892120 810101 864599 859553 818938 843410 846479 869194 839256 855614 813402 895000 820376 877450 872892 874033 844306 853491 892561 851511 842769 785734 828284 864338 787317 889848 842895 844500 851300 813817 837749 886546 826100 825878 891025 802441 756299 853445 826464 837581 787001 877058 871075 832607 848401 839116 814130 889590 836956 888894 889513 927287 859214 835017 830029 838334 913512 808248 884070 901624 816571 831018 840441 868575 857426 818332 892251 811091 809367 860304 804321 812375 759994 855206 836706 872019 851199 801706 893321 818872 799346 802893 855724 798177 889483 816299 845577 806140 857311 800716 817696 896251 832744 819832 830088 853136 869880 829725 785405 832253 845504 875283 834738 860938 829542 877898 789094 888694 835570 855914 838732 844027 817368 801495 833348 796050 835264 879746 806676 776167 838886 842116 863317 827923 779775 908390 863793 801653 875364 797560 858496 805974 827769 836628 851138 867002 849223 841099 892654 836390 846135 845050 887640 863378 789608 837713 822296 821921 795635 832931 853466 819617 838475 866635 839256 876529 865785 834304 861414 866355 850489 785831 840649 773564 810023 825391 830343 835908 828942 827240 868887 817443 826312 828130 861237 827347 777316 830167 780373 872613 868697 809617 834227 828484 810247 851651 866534 828664 868620 880799 842593 832615 862891 851311 846993 851664 853695 860968 840183 870743 856940 774421 765207 841997 824873 820588 845214 832255 826395 901819 811049 847000 870398 870221 845422 785679 840318 819511 825541 837315 852431 834812 845821 839948 769940 775597 839103 894137 895463 883396 811656 868732 853313 867703 862247 836044 843435 831982 842688 758269 844035 800887 869338 795040 800019 866208 862007 813044 830198 810452 890391 837763 875653 
853433 832811 840346 805156 824459 842232 859170 786285 883800 860149 856706 867720 797125 827742 835049 833709 821800 827392 800310 857692 802800 788913 796665 805080 856746 867258 824680 831066 813989 832519 812317 818443 827056 826875 828750 842692 876637 849010 775075 807051 827628 845082 825201 813344 897506 850373 820261 814638 822973 817543 857672 813567 876088 886097 829650 811171 831253 875409 866547 809445 777672 788237 819078 859419 820384 848999 821422 878689 800344 804129 871440 795565 790840 866135 823071 877651 821149 771489 875009 861981 786269 847807 818068 794370 834347 903990 832298 897440 843518 794012 826104 823315 816234 843809 835397 753157 842044 826494 832401 824064 847339 898139 810749 898676 809156 888231 866499 863637 819857 800156 768042 848120 795043 845599 764664 893018 883611 891892 822276 904632 842912 833505 868397 897503 823439 840567 834976 821163 845690 850859 874590 829779 797317 809781 866662 817625 834949 865067 832214 850956 843175 865433 844459 824242 776918 844932 863934 813019 860832 840970 838129 814461 831338 849469 864707 812196 801680 882271 810036 777978 837391 854435 833665 830163 849536 837543 836855 811160 840097 795277 880904 829775 847683 873802 881747 873204 801315 843518 856000 912739 805853 862697 909246 837233 846950 826578 852150 827475 768228 878567 835105 810292 837103 831283 791778 777494 859882 845922 891992 853368 782854 861132 792613 803321 833225 833575 817684 898682 818209 851553 782401 850664 774377 815277 900675 825892 790665 816352 842107 866126 817450 783255 820620 818360 840544 801564 857546 818274 838935 805512 857849 816532 853560 821261 860027 823148 829063 848266 771292 831739 864106 828278 767230 850363 853275 878562 855757 837884 893255 838812 796303 854993 792816 848648 810545 831839 869735 846701 858321 786381 831049 843700 805755 795979 817164 826618 871164 787216 813346 849843 801265 810424 813326 849636 814366 859253 853088 866028 858494 861507 842290 803169 856323 855098 771517 838965 765619 793468 832965 809561 846551 866643 837397 854042 834047 846537 820137 870414 837170 781842 781522 773889 847836 847479 806456 849183 796703 833762 854907 825137 792908 866930 889441 821304 844327 803013 884340 785486 835762 829139 850802 844181 851040 863493 789406 806623 839207 816970 835475 836697 834101 837868 867314 825402 829780 876506 843312 855412 830070 795060 788211 826310 857048 844145 849112 816699 840907 769567 790750 831682 874400 876179 885604 826847 841147 826310 874986 840905 845091 814014 869864 829310 779942 813833 851019 890220 819297 795858 851060 844888 841003 843528 806110 843480 832547 878525 
810211 822017 808039 759768 800097 811957 819860 751483 827134 780113 816975 823325 782830 782801 794066 796132 814069 778351 749813 811769 770871 752396 764709 789178 835183 803077 779569 800969 786619 762726 794662 749560 778554 766429 786105 811643 847017 801872 767834 746752 780878 810355 761621 777053 814532 836578 775151 776532 801989 812774 808599 820251 837186 841647 835432 825228 784518 869046 838629 770907 770878 781711 789787 828528 757418 789944 814737 783991 809641 766412 840805 770218 804049 815508 811735 837706 825732 751847 858828 830621 784573 792810 813271 780439 801791 871637 790590 816035 822155 809888 808652 800340 763502 783902 827397 748851 765330 752854 818779 792341 800724 833116 831305 881647 769656 846690 804803 795290 795380 755332 770246 825690 811441 800836 726884 839127 817068 852520 779944 847870 809603 806828 809209 856329 772466 856095 813974 791270 798611 808161 797086 814006 800498 787215 842773 789720 804680 842923 828487 804370 800267 866255 809370 781324 748464 796114 781882 768380 869797 797728 810610 771719 808133 793000 807065 780627 811249 830792 742008 728501 816946 809973 760915 793926 867202 801970 769442 801091 817851 766576 833434 806545 857947 824850 862256 792074 781734 797888 786060 841796 773183 819278 838499 821093 815502 771471 817309 787632 755555 854218 800699 770926 784140 743442 786808 755743 814972 776875 835275 828273 788521 845185 796304 778759 786648 797877 763064 832233 787355 803038 760397 811547 746180 839792 851951 780623 785080 790074 816278 829901 767289 745926 765392 807340 789094 764863 808336 823942 835217 783780 836394 800780 809368 790383 825403 789512 765541 786050 756911 787196 828154 760051 753285 822964 824288 818755 794852 766708 852457 809389 783265 845974 781310 791167 782047 838892 801369 812024 805761 808196 782825 826264 783051 760976 797223 825873 805901 760134 788410 792989 774805 783654 760110 824782 786641 777773 808309 786589 819005 824855 800830 792403 833943 835833 733948 797851 760365 744850 784736 786716 798235 792942 778588 791379 795405 820239 815861 844502 761939 787264 781103 752646 846839 810654 783017 783400 793400 773742 812734 797390 753405 826849 848029 806311 819690 789799 819450 818671 770952 800760 814860 808348 821933 798777 736511 784437 810277 787713 778974 807002 802859 765068 850065 808169 786965 848141 805305 806795 797615 764253 778519 785133 814237 835233 820466 797914 799877 727074 762693 797738 851052 842690 826843 790005 814542 800755 849410 811463 800960 787215 843386 789097 733249 753373 768093 804346 781559 767167 799764 818087 787386 792107 759059 789220 821453 837812 
846848 816619 848132 774209 788178 816765 861997 777372 870019 842672 842563 889497 815962 824977 819294 820697 799143 804134 786175 841585 827125 806756 807859 793161 851624 841645 799613 813564 808137 836322 787923 775522 820127 786810 841486 842861 859582 867153 805887 766398 815394 809669 789211 824124 820149 825137 787826 802799 793591 815332 850047 820975 815678 861413 807323 839610 811597 868046 875516 785646 780362 802905 821033 834839 802995 829875 815597 841523 828571 837196 853613 773753 811046 855676 822434 857637 819362 783892 886872 832524 792836 831987 810785 796093 806022 889281 816060 880541 837377 814409 835828 790460 812463 815394 840815 764309 826415 807334 821812 836578 822712 844532 806760 893635 819505 857391 862564 820491 787054 824255 792994 883206 840582 824048 784251 867192 864271 860845 789663 872702 805581 821381 826526 873644 797363 863313 829513 798034 823865 829376 847141 823592 797121 811438 877058 828621 843657 881597 856747 816369 843066 855828 818964 832710 765528 825185 829828 777510 868933 807438 830949 836610 816701 796783 834241 831592 808585 839905 809505 744553 825977 817709 803698 815798 861599 827421 796048 823529 812348 780774 872532 803980 848678 871207 874420 860032 791302 821129 813755 846508 787232 851980 858929 822895 827891 813215 842471 863755 776900 844705 813304 787488 802528 814577 799310 747745 824557 821595 869769 827422 777988 893817 770296 778736 823165 852286 799752 909228 818939 825342 773341 823421 771865 831376 853867 801965 794032 830482 843891 874278 777403 810115 798242 823093 839843 780261 851540 828915 850640 810378 867429 815357 848658 814438 855316 805000 839039 817707 788237 797594 879837 812624 770824 814083 833781 854552 829510 801031 862920 843130 822530 860904 799029 848688 822825 825037 827626 833786 821471 796243 816091 857399 798987 809186 822389 860814 844512 755171 832695 828141 804949 777274 797722 819228 811335 827528 842690 819509 856873 844814 798732 785267 849182 839208 734390 799350 769851 779167 819047 834762 825072 829090 815038 858837 798756 827688 812298 879300 783111 801989 804451 772924 843990 854948 785702 824759 809845 818208 822340 840331 803876 856958 872435 821362 846580 797867 835089 808599 828696 820653 801273 798711 839749 833871 764408 769384 841199 802323 787615 824532 836816 810638 888478 805393 822776 865795 805636 851985 817222 799880 810392 818201 845610 842000 806263 770527 829765 764804 771091 816868 859738 840761 869083 835519 849016 831284 888057 857820 829850 799948 853127 849213 745447 781731 810671 849535 800636 778028 798229 864396 821298 808614 797023 828298 819591 858261 
839133 792590 795958 778597 763227 848529 813977 748604 814367 824114 844411 819555 768883 802218 809597 769252 814842 761876 779318 837951 796389 771560 801374 771862 808810 835594 772154 797405 770603 754029 772767 761104 805242 789932 797265 827518 813916 812289 792210 754148 777657 809677 775459 794798 849375 804616 796878 782570 817978 753079 852500 803488 846760 819448 809028 830724 800501 834985 843078 767932 753558 781712 811213 820009 761101 807150 799663 806130 822720 806465 842493 746312 778682 829669 798135 830055 819807 785331 836491 787523 750479 811260 809665 771452 780826 882325 806847 843534 802434 797214 824113 764637 778078 823773 851264 754407 775505 773650 797611 807287 816037 821484 834587 888576 772657 828472 844553 825072 764723 771438 726596 839863 799053 824666 801770 841185 841105 833344 786917 855417 808007 806506 831445 851632 799224 821444 820351 775620 811264 854402 812909 840029 784334 788025 836040 773259 817832 845895 819180 833514 821289 823860 813966 834614 757380 805545 845392 754121 855731 800890 813060 810402 778308 808854 819284 778242 805410 835694 787190 741378 822831 791397 771116 818643 858240 815522 786120 788388 807922 748658 840311 783086 828218 851921 875358 828358 777917 787487 817064 892018 770033 842869 890123 808075 808863 786742 832491 833230 783498 873377 815492 767646 808725 811237 786572 737166 810958 813260 842761 765578 777216 816363 793992 768954 783616 810153 783088 858363 804539 811341 741509 817013 797312 827585 877154 807800 805198 786405 800359 826401 761919 781680 782957 815269 831678 797454 801465 804536 853082 752700 818833 816811 824102 799605 810212 794173 777795 804049 758657 803365 842517 803264 715725 801204 814647 817159 795033 770489 851068 810873 766858 852065 780776 805439 819070 800249 800321 831710 828401 781133 808452 846142 770500 776222 824805 814805 828580 758374 800154 787216 818408 771652 781732 778838 802140 791695 805247 810696 830971 810101 813378 775504 854663 805569 739347 784332 742496 755657 798528 814382 778861 820567 805240 817195 776347 805124 805450 842027 782799 765408 763283 738806 794733 862055 758614 813059 778666 795027 778514 818430 772344 827450 854203 806403 795592 784200 806103 814519 800040 833555 800045 798888 800676 796406 756144 745921 822412 768086 766434 813923 787006 763857 842277 802744 778128 866002 819458 817014 790901 782941 760216 797913 787002 812660 811493 798163 825892 738146 773994 835659 863742 823531 845275 785115 829326 795315 836090 809588 794807 785746 819819 815343 745296 781821 783245 801285 800356 772880 787914 858296 805674 756561 769453 799153 801853 794134 
797733 789650 809541 797026 801647 838707 799155 762261 834332 799324 821698 814661 745982 803731 771662 761410 784856 756012 731692 788729 772104 757635 745866 750496 805466 819089 787975 795434 785975 771714 761629 741821 799416 748103 795838 779208 834922 815346 752436 743967 768257 784626 745782 755605 804066 800508 779547 775122 797319 736733 794356 776847 801632 822789 783741 802036 764993 839354 840743 756428 753515 757852 764036 817121 786260 753969 771425 776334 775941 782756 813591 738258 762776 830481 790624 813628 810857 734068 829041 795590 782786 785149 792421 779948 797565 873002 758969 828235 819518 778009 788176 775094 778522 804619 794491 733548 763158 765048 786036 782892 805006 848289 778998 861254 768779 808962 832239 782728 777218 801996 761464 837861 792048 780441 763518 843851 824731 790254 795744 847639 788875 802220 788072 871626 769495 776491 793586 770706 820665 844467 817426 805044 786024 762913 798273 763873 779869 831911 803167 794836 815773 847471 763039 774815 755597 784503 808685 735946 812851 784553 788486 809887 761789 775068 792890 795597 795628 827051 744267 722372 796859 790186 797096 772448 818994 767078 785686 792404 780518 744136 822418 784449 821945 832558 828091 835047 777235 785398 808701 840320 752617 830237 844130 827285 755234 790345 802768 808163 738442 819950 794837 770752 796755 782921 789453 730944 814008 824356 830585 824278 786907 801084 761725 753456 774154 750084 787835 831088 758202 787613 757462 824079 746209 776833 841246 775314 760498 767105 796939 837450 785222 729823 769964 793818 821612 758535 768058 767721 803855 764059 809785 779767 797096 764944 804160 752445 772353 791554 787247 790628 848698 760080 734748 794688 814155 784472 802551 781144 833095 788152 760408 806693 763710 787737 800083 784109 821902 794761 802435 753221 759848 841049 793385 772142 796130 809048 808717 756721 778060 783141 770687 729739 770445 802245 777782 824703 786387 802502 821001 815538 815471 794264 812239 791471 729748 767854 712908 722436 792119 813014 793279 771617 798140 787028 816522 794239 778497 827847 780630 766293 797221 709626 797315 818902 742723 779724 782658 777327 819470 798831 764240 824230 834029 774524 787070 800742 821666 784327 775763 758183 796228 786483 791884 807794 751117 732947 831616 758269 763947 780601 782714 795782 837334 781547 782629 848037 777984 797726 789685 766283 775880 802996 794229 804511 757175 777938 778831 725230 733555 769435 817005 815274 849596 769356 820908 818920 830389 788737 733636 785532 832420 781869 722782 755406 766910 813525 777989 747475 794006 792087 795782 793952 778548 771420 791970 812466 
859315 820116 824919 799430 826801 811351 868206 793516 854061 829768 860994 842486 804003 831488 821961 820930 813132 772041 773272 834755 791806 787481 796905 787809 838202 827263 806961 805941 829983 782187 817568 809912 828529 814449 784659 837760 876986 857024 798829 769731 811310 819729 796166 848350 848217 813121 800485 820762 831320 791679 856553 797179 832582 833745 814365 795540 797687 841579 890978 769760 743435 826940 824960 824368 806336 801939 847659 863821 861660 831743 853477 801218 811427 866731 816206 853259 827007 778191 872586 852861 799685 867712 833069 800942 804813 885176 811683 869720 854816 774851 816174 801011 804657 845938 863121 758001 840346 786625 824417 839768 844407 879441 803221 880194 804901 871949 840857 840876 793181 794171 746150 845621 827266 827174 780922 890938 856778 854076 828448 862872 817119 827170 789115 872158 782841 857785 862070 849174 824878 867331 851828 823882 780135 823022 871358 840052 820856 858353 844059 822713 826577 868118 827144 810606 775306 793623 834336 798366 842656 816656 825758 828188 817127 821424 829286 816488 835366 861905 786057 762813 806245 799472 780493 824765 837920 848346 825702 803722 810511 783799 876239 814003 855101 831106 890812 849087 816573 813485 827070 844087 788692 847333 894340 810595 855475 818336 846726 829838 783161 865141 824147 784033 827712 819410 813638 767134 846177 801733 882256 825741 806957 850860 787986 785019 797816 852449 767289 850295 800649 854876 769964 825833 783226 841914 854048 818853 789069 789877 842625 841729 811901 786585 800078 842260 817087 779241 833274 796259 858582 779826 903695 841419 836526 814066 848239 794198 794090 834527 781682 793558 880158 820669 758558 820568 816318 835859 822888 816665 853109 833896 809339 840513 796596 840227 783527 840472 821018 828863 836621 841227 804922 872431 801893 800619 827945 833363 843789 819543 785875 847768 798060 794517 786724 858644 822800 850711 854742 838368 859073 868585 808537 805301 847417 795799 785873 834783 758744 786783 817455 832921 816507 812393 806516 849700 807219 825494 827003 837317 810726 768782 795898 763263 850767 842537 783903 823399 827978 810600 831839 861130 790582 873099 873791 817846 857743 812480 825215 818542 814724 812431 800810 827935 841589 832366 764661 761480 868480 785654 805327 789545 824767 833265 865875 829476 827224 852886 842512 813509 819206 762900 822884 796776 812270 842365 796870 807657 825478 730572 766563 827688 854321 870423 879396 822170 841049 807487 856594 838722 824868 806515 834338 797194 789357 784564 802346 831788 829617 786161 846796 859994 842453 850284 794132 861068 820046 877583 
808513 823351 809880 803391 783957 817027 870222 784245 857525 844967 845625 860669 792617 825094 811987 798200 838001 773065 765328 836203 764998 797182 789979 786504 814528 841726 808215 802537 774472 809277 789067 761503 773708 809616 823536 809963 826988 838243 773133 765000 841609 840813 788348 791717 833748 842624 792634 796231 808240 787550 844641 813421 817047 848042 822820 826238 802162 844915 850698 793865 756260 787515 773980 825482 791075 828316 802494 839860 817938 804778 818079 756702 785176 856606 801396 868537 819973 789536 864674 838015 810296 813999 804468 836549 800793 888805 791629 846682 835602 798807 826447 814311 801289 847013 841695 740726 832804 805908 835527 846038 810111 844629 809090 886114 811081 830600 833685 834146 796772 808860 770800 859793 816555 806360 772288 852004 873698 826481 818016 864345 805362 804047 811243 900865 765957 800669 825184 824069 823227 832077 867788 824496 808116 795503 866149 779826 827786 854129 845837 824939 834870 875443 838420 819875 802497 783241 830639 808101 875281 840459 813697 881203 807690 800356 812869 780624 790958 852483 771328 740371 808643 798741 787591 783033 856519 835268 818840 808251 824717 781956 858134 823261 828754 849956 868046 867367 769775 815524 832150 856938 781381 822727 854914 843902 796829 800736 825136 814823 805062 858877 824599 788864 818336 778807 805320 743026 836922 807531 825431 828216 805040 890029 779179 795604 800863 818561 800915 848373 816144 848364 793233 803173 756017 818615 887942 807707 790541 837044 805588 837372 817503 755881 796425 787998 842754 819700 815872 791831 869833 775823 866645 832633 828901 816547 821084 793477 796044 834944 753684 799025 886177 791672 771834 830906 804733 793716 819946 779062 856725 822428 786717 829296 797052 838849 807517 840551 821275 817929 855275 808136 809789 852245 830400 787407 787485 846781 830282 767129 817754 834116 797286 777733 805205 825966 820769 822397 806016 804355 835113 856085 820488 815793 870794 807110 769939 813933 759373 812800 794863 817777 825975 829516 834974 843120 810182 829340 799446 816873 779792 773982 786519 744084 847910 825070 777169 831778 811822 779713 835418 816965 776717 845931 849989 834337 813975 819215 833286 794135 836740 785433 824222 821114 854184 827972 737945 773278 848910 803036 776135 787799 813686 811355 891216 777566 827898 866389 826331 788254 806822 802759 797699 799171 814618 828667 788894 787254 801715 776722 760842 811845 836718 830545 891569 790851 835332 817485 839223 825301 820373 817484 857142 798598 747491 777597 809751 820537 796998 776516 827740 872946 791353 777190 827757 837460 813949 845894 
790243 823808 819848 774659 815112 838150 863146 795607 851526 833229 843796 849435 792685 832989 793291 789105 796603 816372 767521 845374 785403 800934 791414 799476 805936 851354 799878 831639 773923 765364 761798 795266 781322 801000 838880 829951 841109 831549 797042 789890 794880 805183 773698 787488 845911 824437 799101 822827 792654 765260 822547 817917 826479 848220 802593 823273 798747 865351 875212 805514 716308 781570 793683 834276 814341 815615 819011 814039 799460 819504 835384 764906 770681 857524 800368 827983 832061 753846 870067 837417 798145 827830 807779 769379 787528 888953 804576 866859 853099 796222 802245 810283 807255 847970 836194 770975 806936 766275 797571 812799 813438 859338 794414 906784 801116 846553 821841 840050 792568 789160 778696 849891 831735 816967 753125 876957 845908 847833 806243 836755 781551 857067 817989 851990 818371 790435 832964 810298 812969 882340 835384 817204 769873 788883 818518 820044 803941 833265 839293 837914 822520 862045 792470 800356 767794 812691 828890 777473 830618 805018 809204 832776 813069 773073 816612 821203 794473 796581 774434 754330 809866 799510 798300 787653 862611 809035 837793 796288 808756 749618 842479 812792 829914 856368 890187 843680 805226 827490 824829 869402 761827 852565 875595 819927 778961 768229 827360 808392 749222 867187 804505 798511 798196 827448 807504 747663 840938 818151 829492 815966 772926 871276 795420 744684 777085 829906 810328 849326 777700 829788 793806 820204 789140 804516 855118 825148 806181 787564 849883 868700 821098 769404 778461 794899 820669 812441 809538 783093 824659 802943 838766 800188 841169 806901 859720 797008 814518 783603 802892 815596 867905 804738 780258 810249 814070 819273 791493 795402 830175 822811 797411 882827 743019 836793 796089 784665 816489 785686 836580 795650 790122 863675 810513 798741 845163 849410 830515 796611 791910 798948 780732 757360 788552 821719 805538 826338 804938 825727 868807 816985 778385 814145 827089 808723 767536 824100 743681 766541 782555 799133 803272 819175 811657 831227 799245 819421 821253 841179 807733 746408 803455 771718 836826 853496 790422 821160 794744 784245 823832 817512 781778 861375 840556 806800 808970 796804 844143 821607 798639 812452 796435 804157 837558 817571 767487 754874 816530 818811 760838 772132 836152 793886 842607 796004 794683 858495 833050 860196 801516 772112 770587 836313 783198 835763 781159 785823 795292 773326 766334 825442 835225 858275 871860 802528 815070 802768 836020 807819 812629 786139 821827 833780 779573 764962 816755 849463 840248 782156 831314 824486 799753 793123 779703 822836 821896 843273 
816031 793573 786168 757204 781614 794751 813763 766335 818243 801178 813109 821480 743296 783238 788226 778244 788197 789248 719196 825932 758533 787471 734155 768567 789248 805703 772629 770415 763990 761685 746052 761642 769010 774996 781773 805114 805306 793221 778128 741764 786834 800574 758259 739335 822698 763168 768798 774827 778017 751701 784025 800852 816153 791854 809013 757127 808076 848461 845206 737695 716509 769008 777556 788785 762685 778086 797677 782943 805929 788657 806494 734989 788663 832968 753430 808413 798340 735428 847502 810076 747952 788308 802247 768438 759328 847170 797136 794129 824652 776940 780494 790596 778376 803227 798634 750496 755288 756802 793360 786902 820852 799816 792253 835893 767951 801172 809900 792499 776904 788585 724705 821841 771380 765519 746380 845876 831577 826025 770108 825646 780744 791153 806200 834981 723834 824237 797647 777022 773635 794944 803103 814298 765465 768367 814583 770979 799698 828736 804397 802377 797084 836106 781684 757539 745470 803472 814932 733630 809600 790848 806516 772900 782687 764403 814759 756789 778951 804766 759203 720947 808787 770729 749217 785362 841482 777535 783171 774738 784945 751482 832814 802851 815346 797252 820494 812482 800166 782156 771427 819289 751193 820026 849010 794342 814297 756620 804711 780767 755196 849209 778044 768417 778943 762979 805581 697328 807692 779656 821337 764556 758342 814333 769797 751518 748681 797052 746800 830137 774076 812027 771848 774107 744593 781739 816650 779875 784871 762331 790813 817096 766872 729176 774858 751948 777702 761449 794255 811233 800772 761083 822830 769346 773095 770759 791371 758686 762015 785097 752799 793664 846664 762640 727878 815854 769488 806397 802173 768118 811996 794784 786332 833032 764065 782257 752547 770206 757095 796942 784708 737213 793398 835884 780224 759582 781576 822794 779389 760665 760964 778598 781588 747654 770392 798203 787252 813242 794658 783901 817766 804145 736965 743525 831526 770566 731564 791175 726357 785441 766467 786320 780691 780513 797997 794932 784109 774597 774174 844554 758263 731829 776665 733318 809509 799834 752336 780290 799442 768402 799009 812482 763369 817858 831090 779391 795058 796107 806101 764197 776787 801975 781496 791945 801031 818282 753882 750582 810053 739357 760101 779815 781394 773556 846012 764848 783017 827330 808600 809956 775858 784982 758545 785677 776015 781370 786744 797251 779127 743560 716237 781084 827435 821665 836054 774713 749195 781532 828250 791926 776510 759016 832745 778613 747125 772421 767165 780271 772459 772535 821620 816626 743889 800373 762066 807407 764412 841103 
819281 782021 813287 779645 781815 814246 818589 770273 816156 820718 825317 836653 749831 832644 786442 765136 811459 778635 747320 818073 759545 801449 772052 755692 793521 807197 789497 801741 760674 762287 781834 757489 802538 777215 812463 827928 821272 827813 793292 754027 786120 785510 761491 805570 809335 838742 787063 791128 815723 773177 851537 813582 801416 843379 828611 841174 797862 860933 828016 775056 753658 790845 783204 824729 773204 787852 815407 782087 812462 772377 860956 737957 780156 836603 819873 816044 809973 760311 848829 814684 778802 812797 760263 773138 785448 892158 771883 823939 838279 784298 784064 776576 770884 799865 780938 741939 826509 781484 796778 787340 818171 840502 763449 873711 776091 808505 828046 800169 768742 790226 792706 829088 791659 815388 743112 833633 833633 818161 762007 849788 815100 801443 783394 844568 783307 825979 811644 791366 791294 804490 851717 808025 783784 770586 822749 793020 816963 811541 809950 796403 801733 830566 791028 810438 738192 781003 811981 811158 883103 787215 771246 822989 769020 771334 808925 804169 807333 825640 769326 757087 812509 772036 787073 775356 835979 783658 793563 786467 784119 764380 836927 807082 820201 818850 867427 835011 793600 787677 796524 841206 771827 827400 857737 819925 753859 771336 815126 815846 745604 856045 837665 771684 793795 795585 790645 722726 829484 799261 840353 807072 773796 840300 776505 745656 807711 816492 776470 869780 790695 815212 787010 806223 734721 798655 849357 820924 800844 763918 827966 810483 779938 749974 780826 801226 822559 779636 777197 783539 840436 776896 860770 816678 822993 787729 812258 766192 782812 779113 785042 783533 840152 784150 739021 825366 791080 787696 797576 788448 836621 792146 775131 842378 769154 822218 801387 798586 785311 787988 787804 793518 787478 847892 809065 784072 804284 822394 786496 775514 784785 785157 766156 758727 789798 790997 795901 797566 777110 786397 834669 819785 796717 778195 839203 799213 719322 756681 739959 750224 803501 795532 776481 792082 796463 821036 796443 805983 815507 824132 793133 790335 793954 767531 805924 828126 762360 789521 783490 758064 806645 814989 764828 852486 829846 800830 813255 828371 806717 822670 789858 780902 813120 794075 833690 809098 771286 722959 798778 774735 782873 812341 788847 775823 838171 818283 784565 853816 825242 820597 787796 772254 778348 790612 809787 815049 797084 809862 814718 726564 761940 764875 836818 813365 833246 808896 828970 794298 840470 788312 791159 811141 806124 793652 738438 739649 797536 810245 806743 773024 805351 820314 781603 789796 777086 804556 791419 834444 
818362 802330 809650 800115 803600 806397 851866 763930 827737 832064 845040 832639 788262 820325 787545 802879 802660 758772 743429 839201 763722 790303 766616 764360 804216 808800 781271 818991 777624 787410 783542 776203 805466 801367 803603 830975 844344 827948 758306 790321 786081 759912 791760 806142 803688 821989 791393 774779 811785 779224 827270 793215 820343 827028 779519 783954 784286 846624 846563 792515 770455 799165 808678 797129 769796 794706 818914 820923 826746 776101 860095 774511 791104 842349 803897 834302 818547 747484 842904 820411 792460 801580 818886 784471 778046 845534 788154 828045 840809 812884 802362 816175 791572 794794 832242 745409 826152 747395 794497 793068 809038 844245 810946 868237 789412 845555 845203 811254 763943 782520 767636 831149 826231 839047 782568 815267 857837 821991 789900 860695 808284 819865 793994 851174 773221 813307 820955 776927 810778 847681 829181 825032 763581 786801 849379 781173 814466 829548 856320 821607 802621 854740 789608 814270 755814 807916 812394 770210 840287 806209 797539 807588 797179 798246 806842 790688 821268 817715 766421 755634 794774 792736 780965 775625 843977 814105 800104 794015 784788 764576 851005 790394 849143 814816 865961 824977 789427 812041 810839 833091 792379 840224 861255 813614 825608 793895 827176 833632 761768 839178 797576 782506 813537 789616 793253 713071 825864 828012 866229 808243 787936 843216 765366 772481 804469 792356 754433 850681 758672 811220 778632 833358 783929 823901 858583 827090 747680 785178 815593 852101 793723 747094 795448 831273 835747 763307 832659 814605 833211 791350 881766 801467 823121 817746 811074 774124 791526 813148 775959 762442 855476 806932 734425 821368 816329 827662 787708 799207 825881 816594 754360 836508 791874 803672 781283 812966 839795 822067 792890 796425 802939 867968 814622 768589 790852 825657 809997 786008 779861 801224 778907 763809 810207 827351 793797 818944 805804 802909 819223 844669 803587 804789 849049 797514 738473 843062 744448 741347 805991 811877 835613 769712 786355 802264 790369 806224 787712 829645 792269 753881 794393 742959 829537 815905 785945 817309 834439 766998 801427 783544 775409 841585 846092 787697 819544 778276 832637 801670 793312 799571 809786 783997 815860 801778 776425 760057 823195 766757 763307 801231 800192 813279 841236 796384 781720 848867 843952 812015 784715 801356 785123 777614 798240 837652 794411 788875 828426 740456 756960 786486 865783 848808 864940 799786 840179 810953 853119 793717 787077 784551 820616 785456 731508 811527 769774 821061 815084 740981 815372 851759 765122 811882 785613 793766 811379 876846 
820920 818745 839263 783424 816948 841998 880306 778519 830795 827692 836180 849931 788505 826268 828111 826722 824705 804068 781698 818078 778579 792795 769179 793658 828568 850560 823028 809029 807933 814145 773634 779287 820254 799696 824659 853851 867521 824717 796432 761003 807388 825819 825058 786233 879911 851688 837227 823292 820720 782932 865379 830413 842344 861060 822526 819528 825551 868489 850231 788953 764254 801927 808667 843788 804655 834519 817745 862677 836824 832820 843157 783380 812172 879686 790611 855284 859967 753613 866823 862636 804171 849864 817333 806038 816870 875304 816133 862103 849944 833945 825462 795795 797431 812715 833159 750820 832664 786406 810066 819626 832945 865900 845240 906452 772907 851251 842817 800948 814918 784462 792123 832590 835216 828502 771157 862808 849587 875410 846521 839974 826914 851282 804524 853288 791815 828162 823095 824968 826265 860932 854167 833998 806146 813287 856629 836001 858287 853495 852843 848387 815503 855067 837510 826908 783370 824143 854181 792633 859120 839234 822260 843415 812198 822684 823674 789882 833688 862483 790976 774471 806700 799127 805703 849352 832048 820925 833899 815392 796611 802142 854407 828199 839807 845579 885067 850194 797218 797980 843660 886029 799583 829479 886922 807147 832135 819487 830331 796943 765306 900992 825592 796052 834773 802640 785227 752243 854326 828588 855693 822940 789107 876870 804942 786191 811336 816439 805188 865942 820152 846631 791176 831571 771849 825257 872453 813995 797967 825846 834935 862222 808962 781645 798102 843890 859556 788229 822965 807926 848426 806239 859018 823035 843428 842709 833926 805674 819696 827069 779162 812820 843281 804374 783645 843541 857188 846734 845606 823657 876515 836232 805786 874011 768310 843655 790222 842406 816373 862538 849121 798452 830096 861039 808380 778138 828436 826799 838614 786847 808314 801426 801245 814560 803155 835446 828391 828651 831384 838602 825396 861422 804820 788753 870020 839813 766169 822862 778896 772456 811543 824419 819310 834624 808367 876392 818064 808353 803729 838825 827098 771191 779005 775419 865078 860571 798833 829333 836418 835269 821157 823528 803299 853417 855973 847754 848038 824207 848814 818439 820103 841655 824126 830642 828377 828554 756824 781450 828420 812906 810301 811367 804817 792409 874593 834333 794412 857873 852513 855031 810063 814791 793983 838649 803040 847396 808827 793404 810159 741212 775651 823818 867639 840455 902111 837122 850937 830634 860363 831145 831927 821128 833084 830551 801702 827768 837401 840326 827014 820232 831290 828189 839773 835511 806652 837762 827485 867635 
829457 819201 826255 788282 811860 835328 835023 771478 830109 804991 814800 850725 761431 828921 814009 803693 805674 816904 754822 823237 794377 790098 771987 801669 829053 827741 826335 764464 805040 795104 775907 759002 803862 811203 821090 821465 837395 851157 782622 757116 801574 825068 798724 771832 826873 816209 786644 776620 814395 806178 838479 800093 839291 834948 845875 795473 807556 845658 841478 783426 732853 786895 790135 829369 772093 819027 809567 814378 800192 803956 831043 760855 786725 841108 802771 820989 820715 730954 860041 825119 781113 826043 791589 798432 811780 877577 814929 864730 826685 791863 812512 793462 785062 821265 829143 736550 808828 746823 798106 809768 823891 832934 803741 893586 751296 865009 826777 819785 768705 768164 758589 848241 803399 795974 774427 853453 861563 840096 815222 861370 824545 810472 790651 851171 749205 832109 812943 803147 819310 829724 851735 815401 760995 810227 838811 775696 811531 853745 789960 821624 826511 840392 806874 788847 758515 817194 803104 756177 847640 797648 789326 848252 787868 794548 804617 835972 799876 849974 745857 739658 803416 808511 778991 793658 849075 828267 799712 765679 804958 777158 865642 764949 806016 817228 866783 825227 787456 819776 795828 857912 759058 821641 849313 813848 775963 791762 814908 803576 773554 861201 799264 798824 791788 760174 777832 746111 802060 779180 853989 818645 772088 833778 811501 776516 804128 796888 784314 868304 771073 812303 781633 807302 780008 793577 850680 789958 814481 795924 802986 841281 776343 773377 779958 806802 820926 766889 823185 800713 827254 774304 873810 812204 815516 800908 851833 808002 788468 783714 775590 805350 851127 793397 746710 826940 806755 838721 800203 773369 848042 810623 760024 838440 773889 810888 806066 838207 820264 825982 826854 785151 791363 855948 798973 772473 812706 821636 838982 769248 786098 789428 797601 777541 796163 840668 822334 799966 831213 828336 828140 832274 793221 805581 849516 844506 763230 812458 782754 771388 804463 795680 816505 828706 803876 791239 820178 811235 799123 831228 795775 772729 781329 769636 808996 839108 775286 798781 802177 798099 845089 829726 759821 844994 858744 825894 828725 790465 831193 788326 822809 805314 815962 806139 845294 830123 748669 746237 849701 796626 786593 804719 808231 784236 853938 760268 783175 861708 812231 792785 772342 779898 785349 798972 806502 819954 774888 800573 821008 780113 742013 812736 872426 852353 871916 829334 822641 822147 828655 819962 806572 793473 819061 791905 755327 766036 796008 835559 785025 789277 819692 837993 826928 791694 775259 818678 826906 849879 
889311 877588 880417 864275 849547 894501 911214 830816 891210 881508 904571 918188 828771 862398 852313 846242 892774 846004 795195 889406 845534 820980 844262 834877 916571 909479 871774 858798 860091 848591 857459 840751 845882 837109 865628 880872 913217 890830 819899 792079 865888 846597 855128 818536 906868 891281 839010 871153 888065 828235 917301 871518 879422 882238 891191 883913 858544 921474 916501 826131 790225 855115 890234 884196 852759 876685 867944 867850 892925 858438 892274 832646 871300 906124 843669 902975 902448 822582 938473 896442 818810 890273 843399 825291 843018 924624 857144 915992 914635 867517 850424 842537 890244 886214 920870 788077 867019 822649 874746 870452 866921 896703 869398 927961 841695 923535 906211 883184 863605 870186 829984 897626 863753 862649 808737 902716 890354 921600 868498 907175 878456 884185 878620 915941 840967 884443 877156 853327 876036 912221 913682 887414 826386 873058 898683 851842 922840 912291 881595 868146 907539 945258 863469 867258 850426 854374 933123 841918 916743 868238 874848 895268 849625 863557 900409 839414 886815 911111 832576 794198 857291 861409 840773 855887 925524 879999 874185 853501 884092 821688 944833 866605 924639 903413 932383 910451 864740 865590 855392 897116 824133 905608 918774 893733 871969 882612 883761 891351 832729 926380 852213 841192 864183 829466 829015 812923 880820 853836 911265 869173 867507 923288 848530 820606 854924 870872 830676 924388 864296 874143 846951 866938 835336 891212 942685 868385 845544 875105 850816 900561 831446 807766 833793 863324 887644 836003 862008 845004 908673 852195 914905 842470 858163 868546 894264 857937 860706 878407 823448 863924 908390 859499 790146 849910 889038 889271 884250 833386 923352 884155 834466 890886 832050 912847 857718 873488 868911 884368 892976 877240 855935 942431 872792 845531 876240 894908 884887 842885 864994 876721 846095 838598 821790 887623 891715 883790 861192 877628 904932 901450 876497 848871 890262 894175 830172 869624 821814 823036 835973 900383 893552 872771 886652 898298 867498 863952 884312 912462 847809 816006 859915 813537 896667 905346 852551 899105 846027 842642 882204 892383 840070 898339 908825 847389 857069 869419 899008 871034 852712 883589 870469 874764 863892 871888 798299 845378 890218 847877 830716 869093 836223 866389 922756 866337 877591 916718 889290 873475 868378 852292 857113 864940 869923 891893 871005 872690 863965 810701 826587 873466 921466 897109 933335 853366 905786 883583 919155 865023 894703 850634 910626 844761 823123 830562 881074 870272 870760 846942 884425 881945 871548 864081 861790 896647 851472 871744 
850410 802054 806459 795977 804223 824169 867003 744024 844577 808622 833931 827350 770995 818701 805372 781789 841332 780681 732186 822437 756590 791562 764147 778941 824225 843569 790028 808305 781451 791083 785188 773088 812000 796808 822719 817926 870778 833341 783462 763505 785546 838375 817768 782407 835646 798727 778706 802669 808836 815389 822889 817087 856743 831496 831933 809961 779500 866094 839363 755927 752177 783405 793871 815708 775107 818765 819174 815122 823343 792807 833118 790388 792511 837035 811163 823405 853355 768657 838102 841155 768109 812102 806072 801034 819625 863057 819118 848083 812909 825945 789180 786779 782766 794180 857922 756072 798101 783015 785645 852249 827749 844387 829902 885918 790973 881086 824506 802344 786704 805855 761266 855362 814773 807680 773931 852103 838949 859418 848228 875880 814558 793129 809097 867979 772929 834560 788062 786147 807597 833089 861916 803574 806996 821811 827050 805217 865941 852205 816317 831489 853318 852632 825524 795141 746160 813647 841965 775446 850777 815982 826201 835059 802947 790168 813079 795252 858667 839034 778577 736988 831929 835783 768713 831760 846979 834703 793179 792670 800517 795618 874641 804018 851983 854840 881731 829255 824099 834117 790485 858190 781655 858722 885833 822303 824664 804721 837027 824216 781958 845490 795852 787860 802512 803038 809939 721541 853487 805232 846978 794815 796618 840763 788967 768214 779838 808651 775116 850235 787386 811254 776379 819578 773398 829789 877182 803929 797354 805842 780649 836568 800851 764515 784559 808206 825587 789670 795409 814321 877218 782268 857255 803777 799739 806830 830416 813622 790736 821192 750720 812171 880999 795924 737348 824187 826322 809117 834071 809111 874963 823196 769989 834804 807268 826555 798309 814276 859449 841220 858045 792249 823576 841227 819647 792054 805368 863755 839251 816223 809821 799936 786425 783112 798354 842793 805203 827983 781226 820192 837523 846099 800390 782641 838452 806460 778901 828656 777173 781396 816595 814695 823133 833923 805567 833357 786571 800958 800422 843078 786394 760646 788539 760723 832277 800470 792454 807922 819782 793143 806177 824426 757301 839200 868687 784504 817625 782740 839268 810375 825795 840924 849519 828744 836341 821706 776612 749140 817526 784231 777164 797948 796401 789546 862891 818655 829010 858130 818389 791584 804955 826817 774510 792343 820148 811215 771991 780863 779053 763634 776358 826008 840089 861910 874117 796324 833507 820714 837575 815327 811430 817983 857170 795103 766942 793805 813739 827068 825414 756584 812782 858059 806987 809148 743872 817534 829194 840804 
787373 761748 783049 735272 745679 786719 791973 697318 780981 777603 816379 784210 743378 764578 755031 745585 795631 769175 726787 781424 742417 739169 739190 726839 761998 789573 762775 767648 739078 749206 747594 729193 750765 763339 804344 792596 789179 819071 721912 732670 736786 742182 764858 754485 797380 792509 722626 752944 764995 777171 794150 764758 791992 826273 780475 782559 748180 801024 837560 753608 706362 767579 773437 783846 719455 771591 790214 764942 751518 780880 816035 735557 757245 778876 782717 784047 802863 759728 821312 785254 766038 770319 762278 740447 768908 876454 786061 797441 778244 755654 775789 792395 734395 783085 776193 738018 790277 742472 770077 762750 778138 807559 802165 844867 749993 829485 803002 750433 718500 748500 716364 826107 776866 746596 721213 801430 819804 851667 734853 797017 753927 778534 767508 820251 773041 787774 780115 774637 779467 780140 814967 785747 728778 755446 823639 748771 784217 824316 792905 776484 738869 807869 744367 768342 726461 765795 737534 732736 822995 780638 764611 786542 760259 782782 786656 762674 797672 789094 746760 682949 811688 756355 727612 764597 816690 783906 758246 771016 762743 727546 782977 757136 782087 807983 845292 780648 750327 793767 804165 822395 731530 797259 817808 785355 768181 756927 783179 793792 751997 840432 774497 755211 768912 760246 753413 704426 799254 746669 806417 770329 716509 785912 746806 746498 755726 805344 712005 826295 760565 788632 726582 765487 706702 784073 832650 754108 769849 744626 803280 809757 767949 728965 748336 791220 755054 725830 767982 755544 798571 741753 808673 766595 785466 751531 793541 747450 770954 770334 736151 763435 832105 732822 710595 787944 758975 770467 771711 730734 826381 785306 751359 798813 771586 754250 779465 773626 777682 751151 777119 745519 776626 805417 723453 754615 772524 824456 786483 725242 756881 773485 739231 743368 724550 790942 794512 807748 772481 790011 791474 790970 754468 771630 804717 798005 714737 744696 724774 733285 750913 767630 794592 790237 719007 818656 768396 772999 769299 811593 756990 757514 766771 739490 797817 760972 713025 761998 785226 772505 782776 785799 751739 831632 806543 757777 757686 769955 802723 784488 766150 776064 753286 761188 784865 759713 716501 742634 793849 762122 781159 771455 778891 743527 786944 751541 765653 799485 790592 783755 757902 742103 726440 756972 770847 809676 751167 773281 777915 713815 720954 807723 831950 779943 826362 782763 817654 760687 811654 779954 782999 776714 776950 765620 714747 713211 749965 795144 771135 727252 778744 806426 730274 753875 755233 763891 772025 793692 
818622 799177 799083 770362 779369 797364 842725 749925 841275 816410 833152 836971 772150 796401 792513 796249 818234 786972 747931 828623 802639 771793 756273 755547 816987 836380 792821 788692 753763 787159 799710 778115 802336 751270 793304 820161 834834 823411 765998 740714 807892 821145 777418 764856 848121 834728 796101 801284 796787 796033 844509 766903 820460 842580 813792 822433 756107 827947 846074 772896 744667 741751 793687 801610 786692 808368 814230 819721 799143 829437 811300 762298 780822 836293 773536 820545 812527 779125 821694 838060 773622 815869 807627 792009 783189 883762 805768 826219 813642 772180 808028 790950 759978 825641 800650 738421 791473 784132 806432 808054 817996 867509 787716 845860 769204 847258 823255 805891 782583 781293 752169 833356 803351 796491 727734 859429 810583 815024 809096 827943 797570 806958 788134 833088 803860 825092 812624 792409 789826 821822 822441 779592 783314 796275 838879 777739 796679 816503 826809 801036 835046 840844 794551 809725 763915 776177 822491 773600 856241 808413 802163 814847 790995 790824 841037 783747 779139 826913 763858 725835 808542 799646 772583 738561 829598 833950 790927 786705 808164 751023 837558 787671 830704 827573 844498 815170 816969 806487 814211 843170 766702 813992 871769 811818 810760 778786 835953 814880 766430 840734 804795 773590 794469 773464 766500 739900 826731 797912 831114 814051 764812 850906 763960 759532 802627 811071 789328 842871 807473 807316 746393 791098 748930 785894 837672 790092 754958 806254 792012 844319 787281 733927 769476 795117 814496 797684 809325 768956 822522 752395 836728 781973 796623 783851 830000 780141 779620 771594 744523 786043 839385 787101 741272 803447 801587 790321 803263 774731 838506 815554 749958 828131 769339 853707 821660 815672 803130 803665 827364 819707 790145 857661 809494 805080 803360 808434 822701 732327 817160 812275 775437 747339 782863 819748 809836 815910 832952 811291 837204 822519 768073 790907 831041 801406 764827 789248 739150 721078 762407 814630 820319 777607 798572 810126 798897 814613 782865 839095 776554 765754 773777 729265 847458 852466 786154 795358 790978 793739 816369 817848 765265 815102 840823 794123 792291 797797 793935 810743 779236 806063 773460 774551 841688 809971 744669 759855 802327 782681 766691 820196 813839 790900 836260 786695 789431 822894 822781 790012 783037 783603 772884 791591 800530 831418 791307 765230 815831 750818 745127 810473 820531 862490 862898 793751 839824 819047 833292 830408 787896 798731 823946 784604 740109 768971 804878 817127 800334 774131 802083 843621 799413 785917 750956 799302 829453 818295 
844586 823156 839722 788605 803915 843204 846238 763340 861011 821382 839480 866895 818937 842042 792855 822172 813203 813855 783229 850767 812565 817816 799636 799001 848381 852295 835212 819786 815382 806852 809222 775870 806183 819998 830669 843274 874930 877059 791256 776740 828919 817764 804715 821350 845214 849399 811540 798811 815822 819788 860661 817208 865453 869116 848629 847646 824146 876227 867616 818507 761585 827090 826534 854000 837626 842433 823743 853398 865781 836766 862830 765502 795692 864519 794147 864878 829232 768776 867037 842089 789738 858815 824262 815997 799561 895203 842092 853162 864689 801307 836054 821023 802801 824080 853249 771086 836449 805560 844137 834728 837777 848066 851900 907081 802356 890576 849404 825769 815203 796435 776065 869901 826694 818569 785725 880249 877121 851232 830526 858370 834840 844390 849487 878087 778811 823347 866224 822661 837678 859316 835165 854472 769974 811266 843597 837448 873845 846250 838670 843326 823640 852901 824110 848291 776303 830772 835525 788965 867162 839796 817804 840114 831415 818439 876392 834526 830428 875287 777342 764583 813750 828315 818051 810489 862903 815951 798192 820505 834658 817954 866410 806188 870174 841238 887759 845406 802386 817747 822236 867223 795318 859981 892066 847531 848820 844695 856341 884823 795638 882153 830570 805196 822455 802170 810774 775367 835642 837960 870567 819671 805277 891511 814296 799918 832734 832766 784413 884393 810286 855785 807633 837658 773832 839642 873986 828366 820197 816363 828526 879726 826873 785456 815639 811620 847841 790942 845830 819436 873791 794130 864318 820450 845595 820513 869671 832041 827431 822633 804499 822972 883441 824537 781310 832633 852664 842238 814414 810110 850424 818255 792651 887865 794861 861083 827256 840097 826934 861043 828115 808217 829639 881308 813689 798621 818787 822700 870029 798396 817100 830602 790909 804010 791964 821672 806695 846164 845465 849949 871528 851246 811354 817810 870605 843202 768605 814204 764134 791417 802240 833164 826888 836702 802252 828170 844028 824239 850424 888379 786084 773743 808013 777433 854693 866853 794875 855537 811247 803370 820021 851241 797102 884630 859839 831639 851760 837059 858960 819643 836371 817418 825267 838360 847900 857057 773116 793108 845591 808800 798402 821292 828983 797776 885225 814839 807388 868176 840536 829305 823370 825317 806507 798581 827197 852339 820883 819368 831279 767053 781276 824618 883471 857275 885385 811585 859426 860534 868112 822254 849583 812790 857839 823139 780137 807265 802766 857532 811445 785159 872661 851923 824990 802437 808098 840689 804696 868529 
806238 803492 829110 787192 806477 808318 847938 764135 807729 799609 818555 837649 778582 780126 801708 778667 822649 753104 750488 806719 764283 749136 775516 785760 828092 813633 808716 788447 797433 796785 801193 790657 790686 769215 766715 823530 840293 835157 762712 754764 782263 810844 764303 777475 808037 830929 779569 771514 801642 781977 839988 789868 814361 816767 816446 819591 803625 869765 802934 755064 765405 774293 811960 833685 813712 783618 815830 791475 823027 767416 841215 754530 787810 850411 813568 832365 822529 786041 851020 818332 767835 833022 812166 786925 795699 887642 789700 847719 814194 787835 809783 792644 794055 799078 843131 744571 819696 792523 783549 795669 835462 826270 772291 864741 778127 838283 831333 803726 780889 802116 782965 825009 804130 783872 757394 811324 840379 852521 773671 837084 827597 814649 789436 858832 783657 833230 822846 783859 790327 806919 837619 801721 767184 785562 816425 780699 794804 823408 815857 776265 828046 853405 788060 759736 752421 806108 827302 783057 854056 801880 787986 802099 787959 790640 818504 781984 805281 827297 772645 734095 812349 778742 769604 781827 850885 788650 758004 799683 795431 748003 821141 809419 817137 806183 839303 809859 763947 799702 810020 844766 771213 816551 841735 808935 774583 781969 809761 810947 779788 833719 830744 775146 818180 779542 773797 743232 774983 773140 838633 810713 787113 859206 787528 753127 807660 814015 751912 847677 795485 835873 778468 833554 770365 791274 869280 793023 783266 792445 824816 830045 777703 753266 768774 788995 813392 780813 784103 788605 831604 767795 830454 785970 815405 788317 824435 802809 778637 778720 776210 810739 832127 795454 729074 801689 789387 797683 811427 799527 852990 814403 802244 799896 758749 798319 786365 814546 795489 808213 813962 806454 785147 856519 807107 783794 812793 802310 822068 786777 793605 784443 745488 767928 767686 825057 811518 801563 830648 798205 811644 812791 807892 807690 819662 828599 748865 765849 748694 782748 765768 815614 814835 798670 799275 794277 817766 819324 806116 826475 811599 777070 781450 730510 781635 819658 763606 787230 776482 763701 837868 818586 743955 827466 856439 810361 803296 820409 821276 812223 756173 772255 803561 821488 848804 790998 720670 733008 819094 806326 789074 805353 792084 785519 840024 791356 771770 828767 819584 806542 786030 782257 779072 784154 808358 819192 791641 775701 810991 734036 765582 782625 860680 834959 859856 788374 816077 818129 852624 790255 796079 806534 807695 791279 744141 756499 800361 825243 781939 773287 799811 829028 797208 812663 781503 829999 823419 819884 
835090 822933 835704 798331 807735 808125 863489 778329 858239 831032 849280 850764 783438 815755 810984 831449 813272 783886 776012 860661 794475 775950 778239 780598 840722 857134 830135 818240 798451 775530 787769 782701 801790 778290 813634 806252 849759 841433 777542 752117 797958 816084 810555 804578 855974 813386 815442 811549 814686 799461 857697 833305 840207 863961 822224 830198 789740 855250 881402 778297 749733 787254 853441 847065 808075 820856 821348 850266 797815 789391 867243 758934 796452 860567 795600 830232 833341 771048 874407 818969 785126 819607 800989 817727 798859 854966 795632 863731 859397 819613 791913 790744 812374 831298 825203 722357 814149 801096 825320 823854 818901 866668 778743 859092 801658 849396 871310 801224 822901 789370 786266 843153 824645 811728 786399 871329 864785 836694 852656 863804 851035 804389 826307 860495 790342 807055 808319 807228 812313 851619 866821 825889 782128 787737 841927 819108 826371 848772 859992 832829 850103 853835 846700 803805 761312 784453 826587 806341 862548 821905 803669 844227 816655 814934 839914 824038 850217 835138 764430 753490 814394 827766 796821 792698 835416 824676 809832 791877 833393 775759 841690 833202 847253 859395 885455 816493 800876 830567 837846 870277 787049 834978 871993 833320 831358 817964 840804 821866 761160 896357 778850 772628 791342 767644 803228 768557 842337 822550 841531 817830 801762 861541 770692 770792 796283 819778 762510 874161 811968 854780 788672 822803 755712 792366 880787 827201 819029 815855 827233 827132 802414 761837 795371 815470 846850 803996 855379 796631 852263 785306 856783 815263 832093 817466 836818 796932 804088 829648 776061 812861 852242 804418 781746 833617 828072 825072 808960 798945 891583 803997 787151 846704 803041 846677 803714 801596 809252 814740 810356 801948 837364 887132 833563 803082 799510 841955 835698 761534 801685 827742 812761 791665 795568 879339 788724 821518 846149 816082 850289 867677 816877 826639 842839 833572 762144 809016 768942 806609 830229 811732 799553 817833 813920 858093 777753 818829 807397 853310 778305 788805 829635 767544 860510 866807 786437 822157 800622 816606 850005 834845 772877 839818 842744 798284 859233 811682 817480 789852 801770 813573 813278 817530 825808 864101 750198 768863 804248 795989 791583 810647 823935 803123 871940 822363 803185 871733 847232 825794 819987 800420 781130 822120 823594 865135 827704 826397 807403 776833 761521 813651 827042 873133 876885 810966 816747 799878 842224 810424 821982 800951 851149 815417 759028 780036 809301 834393 818787 799085 844945 840090 809157 803539 797008 844196 824332 847559 
864916 864090 869350 820088 875167 878238 892108 785460 839341 852371 885450 870540 820012 846970 855559 824652 848094 806804 782363 876293 794654 803433 815280 785925 869735 858016 834531 853217 859555 835008 829446 797080 830550 807713 829648 862967 891253 867362 814584 790338 847873 856422 827913 819061 879735 860419 862622 841667 841320 820590 864657 824103 854205 872835 888088 838964 823253 905988 863313 798897 775971 836165 820907 854751 829422 875173 862269 872638 864014 851341 900608 818566 819590 890167 838918 864228 854894 799500 900163 882121 803949 856831 834838 827865 816299 916454 832342 880516 851480 835070 830416 825851 817985 853237 856661 766035 853925 810017 840684 832023 832848 886153 833288 913598 804101 850735 868519 881425 818605 820838 780224 852498 845224 823035 809191 883193 880290 850523 826351 899331 854420 871994 836618 889470 799389 850347 835432 822502 863330 875966 907357 820364 828828 845721 884851 798767 859835 873616 821395 873401 886208 917851 845766 853495 783802 828148 856666 836546 875749 860746 841043 858508 818434 850688 884154 825923 868386 870946 806356 787064 860973 849189 786689 839239 878523 837441 855890 826897 857682 798284 907353 844406 864500 884672 885155 858894 814497 843346 834060 874899 825702 878592 911720 857575 838855 857433 850100 867913 821781 897714 850411 809806 842077 819276 834491 780556 838375 849085 901662 847320 811545 875271 830413 815697 838599 879731 818861 880382 849485 850321 819905 867429 800981 873362 905173 807656 855282 850538 837390 881187 812543 788708 814553 839709 881967 833403 852915 813231 900914 788925 903287 850108 842013 823522 863511 817619 831995 859643 808268 853387 911192 835073 774121 850922 829087 854287 872726 827513 889258 839383 789093 881860 799595 846801 819097 840799 829945 840975 868183 816331 851513 900638 857733 803791 870126 861087 857078 795314 827089 879355 842956 821345 819596 841445 854467 854383 853195 834690 867710 856639 827891 831013 839354 838449 789526 829354 790559 804694 824546 846032 811092 827194 851363 821258 854040 827362 841820 872249 818911 796608 814308 765531 868866 865797 817163 856989 855008 857513 828680 863628 796161 886425 861662 855291 856680 840321 848791 843099 817403 823826 826467 835487 886988 849578 798746 792573 867371 836036 819182 837040 845325 850329 889726 868002 837484 883779 868667 847402 821375 824749 818921 812780 850912 840790 831773 824370 871076 791104 797653 849299 878018 884298 927776 839160 843031 860521 894724 837543 830836 812418 878297 842676 778093 787316 845561 843152 815432 823155 853032 869600 851570 857493 827671 841255 850057 886662 
806471 799517 779506 765657 787337 811949 808100 761901 809238 787648 816231 870957 775018 784962 810592 759937 782561 776908 750542 795821 787420 775531 762102 760740 808944 800629 796065 777535 760475 763005 756857 762723 801502 772615 789313 823261 811112 831342 757706 777899 764498 769346 777450 788991 828076 810348 794805 777004 819926 760255 827976 792203 830881 860511 817053 797953 759379 822174 826015 775066 724373 772767 800254 796029 769523 797515 812782 796611 800874 814309 833544 762016 793757 823064 798543 816547 813910 725191 832046 830610 758475 798256 790794 788070 759968 862822 802335 864038 817346 799957 760606 785772 776556 802858 836446 722221 787483 732629 780996 793930 823297 831155 795188 860695 769998 853481 827458 819510 752978 759512 758596 852869 808676 836779 731484 836417 845583 807971 794588 819998 808218 811287 822454 850596 772744 814684 798314 773128 799270 837081 833703 808452 809248 773820 815148 789496 805672 821038 782867 813479 794030 846859 799913 777105 745617 789971 811924 773944 833888 785797 808926 815268 794720 793607 800312 795127 791545 810095 765956 722259 770666 818865 780715 746440 840482 799256 777609 762964 802953 731407 812043 787076 803432 842266 868848 805062 758622 801493 817601 824475 741932 845155 900318 824698 824594 793713 845016 808440 777837 880997 795697 760134 785471 780370 817131 729265 799829 800616 865996 817125 777353 835394 766412 740028 783769 819367 765718 843142 764479 829880 798970 804122 723427 785232 864203 772687 799059 793827 791194 829834 757675 734070 796755 805093 797872 781520 800854 771324 845153 744959 812615 800611 782030 812433 818861 789971 781636 817945 747999 800812 843669 780383 710547 791172 796544 810131 778404 789966 838107 782228 786249 831497 763641 826598 804582 790242 791883 808801 807467 770162 785627 857295 777825 778846 801243 798130 815625 771180 771486 798064 787912 766861 790973 825506 794142 807038 818135 782379 826906 830965 786637 758016 824677 816152 772395 812461 732480 760417 771743 774643 789407 787316 798288 800635 784330 805267 791775 807365 786043 749991 770477 723255 817416 841628 788115 777390 790650 796774 817018 822398 753399 794149 857571 807736 804917 804720 818606 802807 777918 777570 782317 797189 809240 800216 729789 743322 818912 783943 783107 803017 793372 797339 850264 776269 765635 849306 798740 809181 770460 767414 776336 794976 795477 814007 773181 795525 764735 770765 752152 800170 828621 808162 863423 794170 808051 824020 810626 788621 814201 778090 802608 796671 727072 747803 781537 795224 799006 774816 795171 804362 783550 779529 773822 790007 801590 825606 
828788 795257 845874 798835 774717 812439 856566 762811 831394 842172 817711 843532 780328 847488 820707 810802 819207 802721 759287 816048 819821 790416 799672 799221 834289 828754 816337 802864 796492 766938 824167 783767 817771 753982 812177 851980 833438 834516 803067 765433 773784 792221 800334 799252 840139 830472 799923 761146 835361 813728 853872 808147 847752 844885 798709 822819 782266 870377 885240 790269 746259 778781 819653 804484 767628 785742 827825 817396 830811 813881 866782 787167 791207 850427 778530 849638 865956 784905 871567 842580 766641 820470 811816 753610 791248 895395 784152 856625 831897 817822 800127 804124 776824 825193 846877 758438 814472 816106 828699 815602 827430 843414 816372 887141 786544 858655 850686 764859 792467 791031 748324 855333 826918 827181 752428 848125 834119 853122 791288 838691 821243 812268 799592 830895 804197 804597 837326 817066 806771 856654 873728 822464 798185 814245 850143 785774 812463 843062 848251 808214 821903 858363 805325 819714 802828 803622 827220 773376 867873 820051 815919 836649 811557 814615 837517 814783 836986 846259 766494 777132 807794 790926 824457 794250 850055 837659 782401 788715 810161 784669 859331 808581 843521 841499 867914 806100 787213 823596 821582 855458 760454 830776 878474 815719 808302 805136 849747 829891 757993 837840 818283 777305 816904 780985 799738 753002 815718 805278 853835 809858 804758 862347 780500 798801 828394 821700 787446 862312 804347 816558 800197 838235 780845 840412 881219 831167 795105 819444 838222 814124 788243 775045 757283 854743 830955 799062 829547 792144 870079 773070 880884 799547 858752 802992 823090 801376 825215 810828 781234 791751 876831 816827 737747 813020 813324 836305 777533 798833 843842 828667 778505 828605 800709 846451 799465 793000 831801 830260 834091 820105 811985 873356 798299 799120 803376 830569 854468 777009 792280 810633 815161 763665 803976 832378 786372 808503 820254 828192 849588 857142 805827 810036 856382 801656 755611 814216 792551 767201 813640 817464 819378 835308 798319 802677 805209 828213 824937 824029 802033 786265 795568 734228 851065 837630 783809 819396 811582 787052 842860 824813 760044 836961 856183 822936 823532 777261 813508 821277 792733 797759 821812 806671 836618 826750 749119 767656 826600 802805 769899 826824 820084 807213 850099 778411 823082 844031 811890 806342 774695 789139 791270 819896 821308 843947 796388 804346 816242 748279 765025 814336 839845 841247 865091 804991 857890 797601 855598 827881 809091 789378 820039 811582 749691 772354 803324 819324 811514 771267 795192 851127 821238 815315 781942 803106 810352 825992 
793048 811449 818979 811202 816606 818193 858111 756076 852502 818196 864297 866149 778015 819179 803126 824454 808246 810795 744241 829232 783514 775707 745875 772291 839377 858574 787824 802684 795288 784230 784896 746031 805911 789109 829252 835832 840715 836748 773829 744245 814813 808705 769841 817675 851597 805705 796494 802345 841911 821720 846392 805089 808559 847045 846119 817501 789560 854112 814213 812276 767863 793260 819907 794070 797491 835684 812049 832574 830941 804327 838086 794085 793782 832756 818265 843779 847589 764901 857746 812156 790248 831901 825731 803396 833654 907614 810686 863336 802255 812052 809297 826443 785753 808439 848310 735677 822268 771896 794841 823459 827218 863798 792370 895786 806575 873201 828810 819440 810786 799869 767727 843435 836608 796099 769450 837052 843817 828528 798956 872225 825766 815395 811194 877611 794993 823516 806765 787549 821195 803398 821812 828382 786637 788766 809624 806747 815829 840994 843703 816614 812533 833134 795667 791604 763685 830049 816907 785996 838816 808148 823436 839150 804621 793553 794275 806927 799965 834057 776257 745952 813812 812381 795931 813800 856596 819236 782266 806844 785908 765188 842445 822378 839533 866664 868684 833139 793987 792579 837876 881918 790189 854061 872116 832194 786205 806692 835547 810366 772094 861236 804685 823671 815032 781097 799666 725869 837850 791981 844895 797227 794358 859197 771414 747919 824323 806178 780485 863966 802957 809213 773721 848992 799381 827286 899112 821517 788794 805125 805475 823371 811128 787280 788072 819687 839268 763999 819972 827052 841765 781104 841100 835281 830509 828016 838030 780162 787188 788816 767965 816249 880548 772982 750336 826671 822655 822629 812123 795593 852990 793869 782048 830662 774102 832873 802297 810708 821547 833122 831643 782676 810690 849651 822593 777897 831461 818907 828188 785140 835308 797787 795414 765715 784496 828117 828264 818320 805037 824733 851892 828173 784270 790316 846810 833276 777343 817749 776529 794302 779544 809682 835829 830629 828453 814337 817911 823202 784832 836479 804610 751582 797434 760339 828662 856027 790053 822407 819052 798724 832553 838129 791168 850037 874443 839841 843781 813321 834910 816573 808776 799244 816019 814574 870350 800873 744224 753367 814683 799420 802448 818865 792427 818202 868310 791103 818825 883469 820010 829698 790657 783729 792156 807532 814410 842297 776663 758165 794586 754442 754447 825064 843181 863312 876779 825533 860056 811821 861361 812429 832428 816231 837409 802180 760935 788958 822855 840771 805442 762935 833297 842629 795628 803429 787663 807024 814351 825142 
877200 891934 871993 839665 838520 865384 880048 818146 887954 866348 859440 917677 853457 867131 854346 845361 832924 838497 787134 891890 820213 849029 786631 813080 859397 896325 849698 863059 825788 845018 792452 842391 839196 861379 890828 892187 901765 892362 857402 825768 855722 836136 841377 832217 868385 880232 854727 840512 893604 858898 885537 824442 873125 865220 869473 887232 839675 910234 942346 826542 788187 824778 848388 861518 860943 860085 856391 863641 879189 852045 896771 792652 836976 897405 856062 869668 866466 797436 907342 877563 830520 864840 843061 829940 837881 919849 853367 922577 892959 836709 865308 839426 836117 859549 860187 770553 860403 822990 826928 889469 868202 916524 869684 930522 815089 921413 892240 857802 814497 871264 828942 872848 858109 797592 811395 922402 894040 884312 843200 904654 846514 859573 831528 889249 839912 879179 874189 833792 851568 896875 865997 845355 866060 845064 875568 839523 866080 906838 888511 872287 880693 911352 827070 858883 798152 864526 896286 829966 890550 876201 852822 911527 859988 843871 869947 885177 863159 902746 812684 783733 866333 866146 836057 825388 901335 849716 852831 877501 846923 779091 884507 854784 874468 914598 915647 871254 835315 839369 851035 926784 827965 882751 912778 885288 860309 831983 878515 850373 844958 908268 832968 812399 865518 853972 843630 785030 878959 858070 886060 865416 832783 932252 821533 830573 834517 831545 829389 904217 821396 875994 840393 869095 805598 857296 920640 867844 840608 817608 859831 906918 822221 783476 845151 879497 888108 821276 875423 858779 865397 844022 928227 858559 865483 832149 897841 864382 828494 858500 820593 854975 922046 864529 795465 840353 870885 892014 866725 843632 869893 853930 793300 903174 819503 899667 824053 897474 840083 848322 908815 845735 873992 889538 866016 835481 853558 855568 895027 804254 863780 853314 817473 821287 845121 856074 891875 881346 853070 895913 884569 873204 805891 837513 896629 849153 789822 827857 823064 824881 851937 838490 857640 861008 872654 888626 866200 848739 838569 910042 843004 818394 832907 812708 907178 857928 839824 862052 874319 859116 886923 862067 846144 886255 921565 849649 870645 846047 882811 821101 852205 813862 831276 829234 884738 863984 772128 802279 880851 849260 820118 872454 832899 851257 926023 864371 855769 920540 878364 854054 826915 851611 837150 826645 839296 864810 845321 833146 872280 788604 803832 856407 893033 903923 936545 860622 872502 880288 879422 840481 835987 829163 878152 849750 821012 859714 844372 892084 874075 828268 856483 885306 822722 858880 838377 863528 872506 883566 
858667 818668 857723 826274 789610 852990 852202 769928 854105 855804 852858 860132 819603 824152 835774 852489 859318 862195 764924 849256 820172 796723 769047 779902 838524 877329 847459 844464 807732 807049 794996 793403 841551 809076 865164 857958 881151 857212 788148 780129 809458 820704 790344 800605 849574 866189 825030 821673 826305 817202 880639 819693 883711 857945 844932 835356 806124 875435 887163 802227 762121 788204 836834 838402 824090 876001 832148 841391 812085 824510 838960 793963 821842 882617 803070 866725 859555 806412 872686 855802 802719 868921 848777 812068 825251 916771 823776 887955 854403 834599 821040 828123 811186 838571 839448 785718 843628 845761 813053 839633 850583 857138 847846 912932 803783 859490 885100 845522 799496 802720 787555 871234 820011 836993 774753 887586 884066 888604 836549 874945 816790 857969 805368 845444 844620 848570 854467 837189 844928 866906 877321 844596 808157 842093 886481 814164 850135 862141 845713 837281 860013 867247 819970 838805 766895 844402 852931 808474 887600 851934 874783 841011 811131 821779 842200 817328 840173 855435 797884 780319 851444 817613 843336 820743 875701 846842 830251 828884 842646 818358 857465 828570 865201 889139 880046 866122 816212 834248 844137 878311 816856 841927 909749 826777 866903 826342 839872 868360 805800 869507 832589 816976 835234 818701 807325 747851 852289 813763 860933 827446 795985 885317 806940 825378 831160 853926 802381 896586 816097 858800 812358 860356 809007 817987 899195 833891 824038 841965 834563 880807 799970 782466 810436 825041 831301 815043 831999 823167 840421 820362 883821 821430 820723 848220 861615 815575 825198 813156 794577 824849 889026 847258 782460 830451 838331 828834 823876 800494 902805 849913 828095 870689 780113 852468 841784 842988 831041 845616 853652 791538 819695 875649 835231 815003 818489 878967 850160 801808 847899 831374 826925 810603 811502 856759 847587 864174 835591 857609 888552 869273 796024 817343 864719 866636 768488 804856 779877 798061 824071 855562 838524 863539 806536 832367 821895 819992 841923 898245 820856 797179 802191 786041 831997 870143 821816 814044 830770 817322 833240 864353 786768 868197 858623 814497 841170 834124 831467 817818 861219 834525 838422 825095 860163 854897 793494 773663 839546 817961 802057 827712 835572 801866 875173 807955 842849 859600 831538 842168 847349 820455 802846 824195 826269 854026 802716 812005 835381 779406 785522 843074 898550 898670 908741 814019 879639 863938 867305 845286 824402 826555 873867 829863 776869 794373 838241 869628 819238 775104 824254 831736 807902 826697 804182 837450 829384 870356 
797856 808465 818496 786191 770391 813627 855609 763708 803947 801340 840832 824623 739130 798638 771255 804663 805223 787684 734974 809092 758190 751055 765759 765649 825435 833960 811888 812004 774976 770679 757166 752560 790989 780111 785076 850408 844068 834428 775425 753140 797580 811774 786387 777420 806211 832341 787181 798614 786795 799604 838809 796099 781800 830185 810752 791466 812780 856145 820531 762446 735605 752030 790745 818572 747670 793261 826371 808650 816131 787899 825146 745660 790621 853802 830110 839034 837224 751545 814475 825797 778063 804892 779879 792370 785535 856452 801180 836709 824950 822962 792597 799189 778084 803428 837700 729800 789157 769464 801223 788150 814774 841682 776927 854005 774180 838022 832278 812710 763470 788903 793612 848799 800194 804723 755355 825629 817239 862247 807673 845214 785057 823383 799110 860529 780673 799615 800261 789255 786602 843883 838382 795095 781184 797782 837968 744908 785878 839459 854116 798363 826623 840909 781441 773725 765719 788370 787584 772616 836546 800633 779141 799412 771595 792939 811333 762170 798018 817370 768275 744856 805700 782728 760399 800755 823270 792329 800577 788197 784576 750665 818105 797688 850164 825836 873126 832245 762497 794149 816016 845822 779136 829805 841945 794138 801341 777716 807471 802611 762475 848252 810858 782808 773047 779916 813910 729021 800089 796777 818147 791681 767139 829576 775350 760047 815454 779476 736621 851440 794676 787971 801718 801224 758177 806530 842299 778242 788850 776798 818185 843343 779453 764518 773598 808720 823490 792216 792617 780972 857034 779061 833575 800793 831575 791985 834464 772882 799962 785703 779346 797850 861404 790555 740172 815451 773413 801368 785089 781573 802063 790505 772131 833398 760015 793633 810484 827538 805499 809393 826676 775541 795345 826645 799839 766767 805881 818380 792354 780208 799258 785593 807348 755296 783721 827430 814757 821432 820916 808148 808337 829109 801903 796910 823762 815971 761804 799317 725765 767685 780160 783640 823663 806705 791075 813158 793776 801699 801477 846710 792291 766770 769036 749562 826105 833543 779574 807203 805573 773081 811336 821825 772839 829969 831466 792158 798944 807060 810175 783936 790382 783907 794138 814915 830059 831485 758396 728787 841896 767672 780562 802276 792965 778240 842933 769956 791486 838246 812597 795474 781925 769190 758049 774596 813772 812317 761631 783783 785967 753371 740945 780478 847279 852067 870875 803006 809800 801814 832102 795922 784689 797697 814431 804270 761712 776164 803080 819767 810415 759026 790078 847933 795593 785072 768229 796120 795027 813440 
788244 791576 771124 724312 793267 802809 839440 759393 828051 806266 813245 830635 775906 807238 798066 787509 780824 784017 724310 826699 764128 751467 778022 743173 820434 812878 771742 791063 757294 760466 778945 761691 782330 745435 825025 803343 805570 818533 745053 754400 779024 769172 729335 775100 825931 797238 790865 788956 791914 738290 794372 803917 808924 834394 791723 796637 771949 824536 835600 775642 749684 764635 760737 796063 763588 803670 808690 802766 801322 763686 829282 770859 756893 841511 759881 835717 801727 755755 841344 810522 760904 775632 779082 773803 757791 851099 772381 845954 802609 793725 749091 795572 789655 815223 786912 732775 778716 759075 824410 783438 803310 843673 792982 867639 768518 825309 819781 798049 781083 759342 752073 821058 787479 796466 739684 853038 854191 817705 792419 836021 791400 797423 806478 863652 761132 783932 808619 781038 832706 816242 811274 783253 776913 772419 788657 772406 796994 812034 800675 802759 831443 845132 810347 776830 753511 782561 802884 762424 822167 811061 800445 819585 804683 796143 819299 765456 797986 819123 735294 738422 806994 782911 740036 761731 826749 819719 813424 793108 797470 768778 847925 803078 826802 819629 863108 819668 785485 754688 786249 842181 788062 815837 835605 794299 784412 751705 808593 796150 766862 834013 801721 754958 794914 763993 789329 714693 825049 764921 842733 786155 726055 849103 770245 760551 785639 808160 762851 825408 787944 818220 775594 776873 758001 807866 839348 793935 780131 749384 822405 838962 772304 740851 766144 785825 806219 783403 806566 808056 849873 741562 841185 808100 822277 818844 812037 769634 772559 802607 756154 760595 843922 790833 729335 802990 788689 792162 791481 758940 812063 824789 759254 831062 775024 808287 783102 765570 776009 817504 796650 801757 829239 833519 797079 752898 815126 826643 785440 731862 780298 791396 804336 738078 789668 807313 788410 799503 811744 820044 790391 824551 747187 797263 793517 779783 748237 778451 721551 754133 805615 770295 820668 767130 822947 807364 808099 786512 765315 812082 792282 720747 794867 734340 818431 837708 782141 793499 793099 777854 807438 799931 782803 829853 819043 793265 798819 779134 799862 786462 768067 778420 789427 786605 815773 793776 766620 714692 790912 754838 785443 762198 761575 756218 828169 780262 788643 829616 802008 781520 789553 743108 745729 771363 790143 811727 798469 793474 786782 732863 741631 814725 809156 845202 817053 776342 794739 791221 796469 796987 784312 772251 820040 761545 720230 801899 760712 808443 777089 732537 811140 828452 771051 770405 772649 812411 797040 836041 
841912 847491 839172 802068 848501 850001 889317 800083 879243 893832 864886 900509 787368 837216 838741 840220 851255 827596 775896 872563 801665 819566 798565 806327 856342 861460 838861 841182 800221 833988 803512 824547 849244 818652 865530 857463 879665 875797 805478 770963 826997 832127 812004 819859 857558 868036 860349 832330 872716 856905 891826 832934 902865 874539 830077 834273 830546 885298 890964 820395 796191 818448 854990 852377 841206 846812 876297 845003 861724 847942 876147 822595 818730 896939 847178 864623 872715 810635 876908 846193 843219 844478 881527 818939 819340 950365 875930 898639 850482 861265 818242 853985 834360 853753 847292 770521 856179 843040 847255 842753 871398 894792 842243 886610 826316 939814 906108 838629 836281 868272 816830 911478 829777 882181 774622 900082 896223 905894 843233 892923 856248 874182 845653 914953 805684 840779 844400 842768 876594 863489 895968 869054 835837 844807 897571 786692 843377 883977 895890 854656 847607 914575 838457 830023 784719 848984 868072 835847 877485 833534 870632 848993 837681 824543 895576 822392 840447 889719 797924 801306 878672 840087 842686 829951 893836 840530 824919 866239 824203 811087 868702 828521 909210 869230 885936 861676 834185 840802 888298 919842 837982 837413 911369 857256 838968 819824 875938 865837 801070 922778 830901 823199 823312 841457 858842 774409 902344 842371 898278 828180 828942 884935 818604 801517 851471 848933 815366 896311 845557 855865 800987 865476 814441 861810 907149 867936 826968 841885 861712 859361 817624 808657 830345 859210 864214 829414 846058 848045 874435 822100 886758 849816 872981 834439 844539 821642 837251 824832 795709 859847 914969 845659 772106 850078 824945 836617 822462 832530 896616 821356 830516 883345 842081 863274 840195 850563 859314 878228 871516 812346 838260 883934 869110 799015 856917 857196 874424 822841 854140 843284 799812 824940 844274 875862 827326 871267 851282 870059 869556 856422 838431 839915 873146 841689 798607 853073 780694 814329 832889 852381 864495 856982 825897 840115 846236 827742 840897 896600 810764 805968 822202 815656 874414 855700 820104 820364 822018 825578 846879 888677 807725 874900 888218 821283 877127 857928 847251 876627 807363 828604 829732 856045 858031 840875 801101 795683 869131 823659 837233 813163 842259 851834 900101 835445 830848 897485 878924 841622 859231 817845 855326 836683 863342 856847 834785 829647 825632 797176 794160 844687 892966 894559 891657 852013 853689 883745 874718 884801 821231 865621 853821 853994 805927 834971 862679 848591 861179 821682 898807 884233 849079 836345 856186 841428 837037 867148 
818972 798031 831398 820129 801815 846452 861602 765800 841774 850869 856630 871255 794254 829388 806216 842958 808124 790606 788593 863210 776676 779875 792370 793057 828378 840524 808743 821556 798740 814244 806250 756355 805287 781491 851301 858263 851726 826028 791684 799847 823656 794660 799061 782752 851927 839790 844617 809120 829557 800311 857483 816833 836204 845647 825438 824565 802927 891535 893822 816189 755893 819065 791731 849369 815036 838021 813890 814549 827925 820550 829519 790597 788104 874429 809611 869690 860358 756528 878475 846674 821218 821230 802902 821418 795725 902631 786033 878990 846313 856248 813339 826726 778697 845462 825769 765700 852577 792311 814788 809405 825218 870139 803061 873820 794118 849649 858950 812429 803710 805981 776066 850432 805855 800573 771704 854974 837017 846919 784646 838831 805885 829791 806403 899944 788630 801294 847704 834930 809128 848639 828774 805477 803142 803644 851691 801890 836088 854312 849417 849848 826331 871065 824013 807010 786604 827378 854768 812736 860539 810272 800030 821777 808197 812524 818469 815194 809372 854074 788954 762478 820317 817073 803420 828939 842956 831232 825585 821898 819259 803255 847339 818658 855219 843138 877475 839983 788016 818607 853930 895784 798171 839196 873814 828089 836102 793050 846095 855557 766023 860969 818039 803245 816530 798882 780607 753008 829002 844480 852349 824933 792228 838286 792870 793082 825388 819064 778795 885443 837402 817484 783524 824811 776548 827241 865179 816863 787797 831775 833866 835688 829437 783492 815209 852969 836775 799321 829977 832493 853288 781641 862065 842939 845507 816754 811507 801348 811902 809154 762391 804950 839820 804345 773830 818292 817361 809017 841876 806661 872721 836164 775538 839703 790460 841101 847098 820087 848686 835431 859225 800763 820207 876944 802377 814610 833308 819766 853295 772207 822655 841675 790355 772990 819216 827411 842562 821583 818949 805337 849956 857475 821469 805231 845725 807443 800528 797122 728250 763309 821779 837018 826172 816558 829514 824324 812861 810907 829099 850643 780335 793224 798431 788294 846126 843565 826945 831576 816461 806761 810796 830833 794026 820223 876827 843308 809840 809788 835477 824408 829569 799331 813468 835851 820680 846304 753819 795097 834253 827716 791599 799802 831754 824680 876255 811656 840813 856041 842271 832364 812146 771990 783619 818713 818975 854261 811440 775828 810094 782455 757119 845638 829907 868947 878594 822751 863743 815531 861484 827982 841919 815438 860663 854222 771548 798672 795824 843945 775706 777389 838138 858485 799515 818569 822691 818034 818419 850112 
864037 869004 833207 794127 859280 838957 856262 793527 874731 838601 874529 873762 801628 850532 813380 838683 813216 843747 788639 868782 806896 785274 788744 805916 861849 902526 818040 808853 819398 795798 816650 799420 819352 838818 838837 844723 877796 866719 802064 770769 832342 830457 829727 805732 884823 842915 822754 840755 855899 821950 885944 843257 878893 849602 841585 845804 827236 852524 879972 797878 786290 823419 846153 846954 826123 872695 870184 847824 850368 847126 859982 793286 811999 911900 832276 897333 880982 783305 859803 852357 788058 872062 811546 825414 817111 920191 836714 863226 846901 847109 863761 816644 811985 832857 856467 736330 831105 789688 818232 832804 844505 867689 853686 947592 811187 880183 888870 869392 803497 831336 782596 850296 809157 834051 766322 878784 881011 895724 833005 890889 856342 872321 851815 905086 810470 869910 836931 856302 865684 852809 887780 843123 807196 827252 832988 814284 853505 887111 849669 834435 855692 881867 840587 838603 771430 852965 859005 786159 887492 847721 843071 847859 826114 859874 826705 833299 843387 890177 785250 772608 850878 834287 783197 812881 872520 838277 828125 829591 852696 816823 884608 817454 863748 864963 892411 870564 821306 827603 838404 874020 816790 843021 908734 839824 804136 831385 872593 872442 789216 894367 812257 821772 843201 799175 839119 787374 873118 826124 894593 823813 811672 876899 830543 797121 822554 804140 797253 869191 828499 873249 803822 830608 816429 845007 875457 826591 820360 830964 864979 891445 830945 796459 829815 820763 830314 822546 820064 841736 854896 840727 860306 849670 851564 835804 866292 859185 842325 844505 802018 839774 913036 806170 763715 843662 851189 852040 828318 826682 867172 867271 797371 873528 814529 853646 853943 839059 831436 850519 875867 787995 804851 862989 838976 807064 851089 872978 860517 784655 841020 827265 851983 815729 818109 855254 841215 817096 826440 877957 888089 851408 803496 852459 884480 884358 795733 814418 790906 801338 787655 861681 823670 808036 839686 848848 816786 827458 848093 858923 835494 789528 838085 794352 855420 871825 808363 810627 822924 827213 843036 869006 836432 871157 872653 848436 846586 837754 871389 852950 831844 857146 838904 851632 866407 834415 792315 794644 856338 801077 818295 831550 800959 822813 900538 844713 801483 898940 866156 856031 855700 820837 832130 808037 835955 844150 844832 838169 865364 783385 801958 843837 870339 887253 913536 829866 855858 861470 853960 828163 816270 832958 865062 833772 771131 830858 819108 867734 812115 834713 871695 861260 842736 807575 802723 883905 831016 884296 
802373 830001 835216 803764 793880 857750 857343 757928 848252 822887 859047 856190 812286 801380 820734 808737 834112 790482 766255 827355 782398 820225 775615 772062 828197 839806 818620 826025 782958 793484 815760 781643 811392 793031 823394 823494 858454 849045 786097 791848 790555 803409 787188 798561 825636 832855 803738 789392 821639 786455 865489 805033 840140 832089 814588 852674 805265 867212 860036 761364 746261 809959 824929 837083 798599 806253 804184 806081 834642 808179 839671 773925 789473 835629 801346 854719 820502 772085 846737 843708 793401 840802 804655 810989 789990 888547 808489 882784 827949 790910 809642 822729 786139 840539 842675 794968 851081 797542 787208 822454 812258 856649 833809 872537 762726 877980 861977 811470 800369 816256 793548 857231 830292 818656 795281 860495 846936 859516 819905 861915 807370 825461 802781 859631 816353 835953 839396 797381 835123 867490 856334 823818 802690 796142 874558 787598 829768 870423 875150 826828 834396 846575 803519 829850 779011 817626 829550 790698 838415 812261 804295 838932 817372 809986 852839 802260 839472 863827 781100 736198 799717 804449 804865 803108 844760 822088 793660 792859 843563 796371 850349 794970 871078 855122 897869 794807 806886 804298 814714 831858 769298 854990 895558 832835 816644 791893 838828 859911 787134 876337 817108 787849 815700 806655 796489 740275 842237 835300 852261 820517 779010 879202 771940 782688 792022 787447 813122 855408 794987 827746 772661 847785 777788 794678 861825 827059 788122 786147 812531 864629 800449 785784 786787 802061 846473 810335 847093 834291 870550 799691 843266 821615 839411 820985 819646 797817 774594 848859 781825 830681 854516 797518 744594 816674 844433 847807 810064 817987 874177 806201 771643 854376 792994 832632 834260 806406 816630 857308 817217 780758 807015 865063 824984 779439 839864 806082 846184 800556 814313 818641 802542 763039 851392 836926 810695 857641 812468 831906 849762 817415 822853 805767 852222 826146 734172 812656 775881 774443 796632 832518 808900 830918 799267 853856 822389 808159 809354 841309 770149 771943 803380 752429 869167 826049 799246 807557 825739 804623 830549 786563 818539 861369 848283 793636 846675 804348 860747 798365 832527 805452 812560 795899 806344 826527 759833 760863 792981 797588 797269 834557 810216 807202 869240 813346 841070 861455 840973 848092 788311 797365 791971 822694 811612 817565 826323 792715 837397 759884 772512 818085 854103 854171 872753 796012 833509 841634 840796 826784 808451 833888 813461 791202 776201 782350 816298 827136 799843 782609 823081 840200 786388 796840 782046 817400 815398 867203 
819618 822643 819694 775587 779261 812759 843362 774706 821988 807217 830752 824596 786382 819607 791945 791140 793442 763467 745459 837306 771523 774048 784330 772417 803516 822455 783504 805555 796522 768190 781311 762784 758537 812110 821310 827905 851185 819903 775355 778816 796927 765108 786717 788992 828813 835752 741799 784362 798344 768566 845779 793864 819491 844423 814378 829351 780684 866361 840973 750882 734169 785467 785288 821419 769283 778924 801828 829845 826363 773477 822600 743807 775597 849475 784235 821615 831438 786485 842734 816580 788483 808766 787152 766282 808839 866268 809564 826456 823724 774260 816361 781522 774411 812885 811658 728234 821314 773482 787087 812726 805717 833317 824706 876209 749226 835533 832992 786384 787341 779057 793001 810031 844424 812047 778619 832749 844694 848432 771689 848922 805053 817790 792406 847983 795783 819511 821301 804151 828021 829846 831922 803165 770602 801072 844089 811696 808432 821216 846700 827826 826063 851037 809124 805872 754567 803714 818171 770150 857946 813000 791469 823364 779865 823853 825904 807486 824455 831729 787267 749431 814183 809077 771728 801132 833331 813185 789048 799651 825918 764221 843421 796834 854432 824700 850532 811361 756135 789926 793593 843350 753995 804271 849139 826347 773907 788511 841769 815118 785657 842843 815846 756242 813838 810374 771109 745232 799458 814875 818209 803695 798271 855027 774560 751151 802406 805615 766417 851230 779604 772120 781676 805884 746151 823616 861273 815661 780748 767086 830137 834765 789059 761352 771895 825599 798966 774569 792102 811238 857242 778618 849596 792466 812607 786864 847472 772066 806003 802189 759242 767362 836829 796739 758644 824194 821677 800767 798461 790657 857610 812238 761404 864186 776700 803960 794356 821119 784950 819959 813318 766017 805911 853759 800591 791635 823186 802612 828487 747931 809384 784644 788507 793208 781659 793886 809260 809000 804404 826913 825231 841337 798508 792671 833383 798807 765799 803356 773949 759165 804442 831197 784243 827873 796044 845851 791918 819414 801495 835943 790854 773442 794740 761923 816640 811467 765650 806735 821238 784075 798258 807316 781064 825595 824916 788902 829272 810505 838209 792843 803659 799636 795174 803868 842970 818232 758494 749862 818030 767485 796237 793160 776977 782944 829459 797601 797398 842761 828965 801896 797524 781210 744717 807660 794445 827367 805360 776119 817379 742258 737033 794331 849303 853033 877298 789150 831054 811435 875449 830518 796531 784196 802384 794646 781493 761157 739931 813644 794771 774266 817502 828741 767656 779562 770534 801882 799356 846134 
782314 796684 778378 730102 755903 812632 820992 715203 775729 785592 798602 790448 738032 762921 790956 769655 785789 728818 702563 798064 757442 729984 737382 716388 785633 803645 770071 788749 784901 756470 731581 722782 748680 749015 785852 766033 812639 811081 759553 744512 774966 753248 756000 764326 810222 817860 759618 791189 754978 748062 814858 768599 796333 823218 796131 777740 759093 805139 764703 753759 736954 749580 796079 799340 747851 780713 810835 767736 757559 761165 790598 743843 744506 835924 765230 838244 785174 720101 823358 812703 764421 804956 724492 765352 761607 857119 741809 808245 796163 770074 777890 751567 757878 736006 797029 721088 772039 742773 788325 781276 785137 787088 750444 855368 753360 820796 807122 779382 784963 771892 715424 811102 794992 782752 728703 802840 809555 771104 760003 802599 769337 800757 770707 803703 759896 777281 768054 766551 779477 814109 811310 794137 761974 759522 818045 768025 783675 797744 782601 777833 804851 829819 785442 777212 725266 757303 792125 758986 820934 783455 765951 790419 747567 761566 798124 766472 785133 779242 749340 712258 759984 777867 771802 760038 783063 798978 760698 756457 764384 749371 789022 796546 786996 808426 840091 781642 744130 789642 796222 792563 744168 783779 842198 791863 765833 741715 778690 800201 713143 817767 764599 742266 751863 757111 775617 694208 783086 770019 826386 776877 755970 788231 749983 750807 774053 765779 737649 818518 750516 797239 734958 786864 747707 758490 850171 755957 762933 757095 776923 792731 740704 718181 757919 737344 790940 760269 786911 783539 788312 746093 819235 774229 784960 766441 789709 766704 745021 794064 731367 755081 848525 758125 714334 783083 806626 777685 786239 775292 818766 757034 716729 796992 739435 769613 766092 793837 783740 774334 783351 764569 767395 818318 791779 751953 762933 817426 757056 741375 766370 775055 769865 740211 761385 785449 778248 758771 773912 771845 799335 790761 773160 764125 800447 776110 693954 781367 700414 757551 757485 758869 756531 745560 787418 778323 743714 775042 756296 785993 758890 737663 783554 712508 787205 803035 753519 792800 770335 765021 790919 786910 753621 795327 813696 793711 760072 758751 809974 771101 787940 747579 786874 772955 789695 777708 752742 726735 798170 742246 729159 765957 789729 758235 825144 754648 787833 834902 773264 755544 768895 753572 774861 731731 790601 797373 777221 755301 771781 697634 726731 772299 822237 806099 842014 774021 811850 800608 813870 803112 739349 791736 798993 785017 699940 745181 762719 774974 794072 751720 781926 780804 776600 762339 757250 758499 788033 803203 
785958 767264 806306 733876 757025 793213 814658 754730 813292 786710 792669 819067 763994 774819 780178 784917 778424 762857 723434 816744 762957 741479 747348 745352 781199 811637 762813 764906 751831 780379 745960 749737 738060 752997 793396 807835 794027 829411 738389 734327 773504 732933 744477 743953 810617 776930 761456 775046 792954 782379 809338 774210 788034 831283 789314 781198 763715 790255 807819 763864 752166 739157 776792 788850 750091 757006 779203 783992 771709 766512 839432 730404 776059 828719 728060 809334 791963 723075 836985 811772 753222 791212 773186 751154 771452 827405 749096 836381 806372 785010 755659 759855 778434 776032 782398 719585 787990 743416 751309 764662 791495 811220 764235 844546 761238 833973 829547 786320 778643 733103 752813 820549 778681 791339 715703 800895 801121 793714 765612 795923 815595 779712 797233 847072 744296 788731 775836 768035 807361 796774 797645 801751 740598 763557 818239 757678 767190 835646 780050 804357 782007 815461 795999 736405 748317 744798 788908 750598 809740 777895 765729 798983 752888 765033 788982 778348 813366 801065 727773 731128 755635 780045 772397 766523 814778 775990 771158 774888 735961 753854 802471 769601 823017 802540 829099 790617 744139 753154 781970 827796 750911 810244 821345 772867 797400 747643 812845 791789 744179 827850 778224 718700 786486 742619 768496 692740 803299 763199 821464 786607 724801 799418 737817 737818 791707 773272 725593 836885 771502 783271 734901 803780 735639 792305 844575 765205 743565 762731 764361 812838 740608 723555 747702 775709 782385 754070 774087 745246 795715 744271 825225 760333 807477 782813 808973 770804 770940 766326 726469 769527 827223 783805 744464 785681 771697 791254 778075 743043 814324 763457 756596 831742 743806 805623 758991 792724 806313 782082 779688 741061 782489 827170 774841 747630 798323 786897 803274 729116 759034 792499 740960 727935 747105 780739 776747 792854 790489 788283 809219 806803 771578 791508 793476 793586 718760 773212 704816 733209 740463 763173 778218 760172 772655 772609 766621 752638 782084 811919 776164 738830 777350 722082 812987 805554 768605 764064 778762 724779 779710 779421 757149 800828 833683 791667 793697 763264 832267 775857 771400 767831 741921 774196 779730 782021 722249 743673 803186 758889 777655 747036 782813 751898 816791 774823 765677 839368 802323 785516 753908 768582 743482 767680 755754 813597 753342 778848 787655 725349 711563 772245 803459 804497 837814 772286 792649 789060 808799 806272 786052 772797 781691 771269 727012 740853 788411 791503 764569 755144 787575 788338 759603 762612 773083 788379 756154 785859 
824072 816468 834193 785665 802504 831044 841838 772352 853507 837345 854495 846350 807430 820980 833138 795928 839536 799590 763966 856642 799660 788204 764284 786130 843803 832945 798258 804611 777305 782804 799048 785477 811752 800562 775266 840932 853930 838386 781497 777045 787933 798590 795946 764226 863355 845312 795306 818392 824926 800655 853066 814626 869383 836257 824321 814871 818037 882724 868337 778412 749473 795047 817431 819653 790168 827744 810762 840325 831468 800669 843000 775447 813075 850186 797838 850972 839377 769912 833655 856204 791455 840524 836151 766080 827243 886270 840312 840290 825695 796181 799748 813270 793012 840618 838380 747010 790093 776625 802251 814492 813968 865557 820655 877172 776133 840765 838338 813482 793852 780218 790495 813765 851436 807680 773414 861854 827447 851578 810343 831398 821730 820861 797140 869964 843605 837660 823640 826298 806298 827253 829049 816597 786473 775775 857043 790055 809246 880527 840205 837343 814675 840189 818167 796761 757834 814961 836112 792926 847333 814265 795791 801059 827509 846173 813906 814298 823716 842234 771978 765274 799452 804049 783480 820067 871934 847347 823018 806106 814258 799156 848765 811884 844107 844344 861180 802560 788457 802782 824284 857431 787364 839921 862978 837243 822950 801716 852621 791705 765439 872810 794283 744754 828067 780035 824757 748573 837848 794712 844254 828398 746755 864646 804033 768231 771823 838109 802938 845276 778678 814642 781948 846817 803206 851651 861084 836668 834496 771910 843403 872841 802856 760932 793230 829386 798114 805626 844631 778728 853321 790585 847489 810644 815171 799825 860356 781359 814336 799914 782108 806543 833978 831788 740991 820583 853559 837507 794752 788510 844301 809253 773910 883637 769731 833460 809282 814704 827899 824154 836498 821129 795004 853449 809531 775550 820130 839210 818669 803480 807112 801461 797264 772826 795188 849673 820296 810691 839091 812751 833191 827313 804659 833866 856284 833602 760990 825382 756494 756203 804407 802922 805998 802741 818274 836823 793838 830372 819706 836439 821323 779195 815716 766549 850942 837060 798922 821749 823818 804414 822553 833622 802333 825072 858084 806035 826030 798313 834779 841593 777616 805134 820749 816941 838191 812602 736505 767228 795463 783146 811086 831334 829049 810166 855546 812237 781645 857204 833808 823279 776101 784369 788700 829493 810117 822960 799210 805478 839492 731948 758199 824616 879857 866439 882106 807390 815249 824222 833246 814055 818536 795653 810941 807741 754747 807112 769868 825728 817069 799333 787439 814799 800541 800936 766528 799774 827400 841536 
770093 760083 764297 744958 750683 745618 793891 719438 778650 752599 793331 798489 712094 745479 751516 758989 762035 748680 721597 779730 737819 703303 753304 735506 754548 762711 756950 745380 771889 731607 724610 707999 764640 746019 760164 813194 797930 785414 732885 719875 746616 717614 716693 755469 789377 776647 747852 733307 762603 712784 776009 743219 757690 792196 740789 778196 768820 815450 793684 721136 708377 737492 754687 778066 733005 777459 766880 749016 756381 733085 821799 729190 728522 771484 763751 775536 771080 736247 790694 786450 729131 727806 757578 723600 740748 835197 740205 800822 763686 713776 748131 742766 726294 780521 763480 698807 743082 718925 763706 727216 765712 806062 752211 811097 726657 778961 775120 744413 723220 717391 688418 773148 765954 750823 720400 785548 787836 795869 710733 806813 767509 776855 749363 816888 724894 747406 778627 726981 805705 789483 788516 743563 731000 731134 791594 725855 790051 784118 775176 736465 737292 785287 761017 754025 720086 708632 779301 722406 790071 750841 749261 747042 742958 765574 777877 745877 762225 768486 688807 700655 780661 751315 715181 761977 802091 782610 710248 764676 734038 739926 807954 749162 800481 789276 788697 776691 726796 758802 772636 806454 727343 790540 794337 743795 745297 751520 787145 768426 712992 830798 761105 699926 784855 740717 711976 723839 772571 760012 796204 781514 704694 765893 719300 731072 739290 742384 729863 830037 744344 733256 703415 752440 697162 762056 817353 752342 753223 709981 775638 782925 742155 724394 718059 762619 770181 714530 757920 718043 777156 689082 793708 736852 772047 759995 786102 734548 735723 773041 731711 725956 814703 757978 694929 771320 735197 756732 776971 729428 794846 750349 733384 799577 757174 790121 787859 753700 746849 778209 770300 711801 736567 790892 732115 727912 756253 763642 794881 707487 730069 776731 725321 729689 754220 751999 751444 795520 774062 737881 770099 760737 777649 755230 798496 776760 692022 747077 694949 688852 730201 752896 750931 779257 729738 761489 744263 753574 763272 806118 763697 724479 717796 698853 779947 740801 748624 755553 747010 750283 792414 760481 746081 780508 769370 769731 748666 747478 781236 744178 748004 740419 741468 760842 789901 777591 708512 699581 763631 734213 736139 773900 769688 736801 790820 743618 728588 786443 778909 785936 745433 751945 720910 752546 753742 763215 773272 772231 788245 715150 687697 751568 816400 759762 805260 759938 804558 755342 787266 769151 748814 776807 780347 751618 673433 729151 740009 757223 763614 741782 757708 779716 727527 771715 782663 752396 752153 794164 
831721 806942 833491 799990 809030 820005 837331 767327 848905 819706 835177 840122 785454 812262 804391 785986 784688 771769 746994 813327 777175 767404 778472 789975 802231 842562 803363 782692 794203 761591 801948 771706 804092 775047 777938 838732 851236 831986 788171 767788 785620 755327 765141 787334 815791 843927 785970 788605 806122 788322 841931 793693 818349 856429 804482 821649 766986 825719 830943 794724 734732 776383 816465 821804 775774 818795 803166 818020 803143 834142 829032 773472 804198 831818 788811 823373 810383 766242 868753 819660 792194 774953 804029 776218 827904 866643 801743 857852 811368 784227 796657 793277 783901 803507 842864 764984 814306 790562 791644 792253 774284 846829 812681 864921 811155 870683 845389 794470 810071 792545 766327 820386 842234 809292 737740 825648 809012 842085 813808 859406 812445 800667 777769 848944 781386 819630 816124 790230 822567 839326 828204 815417 775325 775570 828111 777214 824483 815404 820712 813223 826900 840826 787714 806713 767675 807744 824537 787213 829275 814246 813288 844782 788239 827475 810399 799559 819287 828292 751846 710839 800204 809707 805918 782371 844394 830869 773746 800658 795473 789799 848199 817467 845876 856540 868788 800962 783387 799117 799457 849212 776158 832353 856866 826347 823551 820293 821909 810192 787938 845004 771252 780102 775228 791437 781876 741307 809278 795490 835541 829869 823323 841381 784066 768704 799549 784593 751633 846219 797358 810838 789374 820893 766633 814003 876690 783432 753721 826254 811226 838437 815273 714001 756696 817393 811044 742712 826201 788404 841653 794891 820584 831195 797902 810806 845635 802857 795945 789722 762255 809770 843078 792335 723554 789779 827111 798642 814610 776591 863986 821612 767361 823762 766245 835112 800662 823329 812577 822420 850202 811695 801917 873964 793741 813419 810287 802724 836718 786516 813967 841888 791984 780938 762889 812184 806239 846435 787537 814694 833010 864770 774597 796093 814260 818495 759789 827185 747380 762438 814035 803074 827587 798216 825505 791827 801234 803817 793320 847763 783678 744041 813848 747631 809208 854770 783083 802403 775166 818362 813552 819379 741855 816853 844995 798833 803293 789462 821870 784018 787700 811454 793439 818736 792970 818985 749395 749427 814977 779070 778876 769970 792586 792681 845272 813586 781415 832421 824113 805520 779685 753329 751605 768613 806775 841267 777249 780175 791975 742392 758489 814238 842748 842882 872402 781122 838133 815011 845654 826073 811491 782353 836555 812085 765300 769911 786033 840383 791861 750619 824431 824349 784071 793043 757832 812405 813467 840065 
802858 795579 797497 767848 780175 848947 817709 751477 812998 817168 837515 826470 789179 819553 804616 789177 794986 755669 727858 837829 773375 773561 776948 768325 801043 817941 794779 800667 756940 761940 766536 732658 786786 764034 798292 830407 818631 818978 754171 734321 797592 768217 776496 783530 855489 787340 785393 792094 785826 761559 836226 826587 820150 840728 817489 795019 790653 836732 813061 767307 730334 763602 794763 808097 788392 826726 811256 813863 802470 790079 832241 752461 762913 840312 776782 834413 829895 744682 857704 824916 759185 799417 773456 766163 787938 871570 760736 834495 831831 761001 799249 771910 788694 802844 803710 716935 835615 776068 811961 793609 777507 825058 780419 858353 780589 850423 801094 807588 795925 784189 744001 846395 828780 795313 748427 841716 838578 796210 801441 827289 793393 802281 804396 859786 756916 802609 814320 794432 828589 832430 833126 820414 754443 763051 835887 789400 818472 822542 833445 802285 815890 834835 817617 778809 777560 750957 821275 774088 850580 768678 795090 790659 796836 810215 838458 795847 811476 800026 738113 744852 775858 776714 773635 788717 833975 793055 816725 791340 802543 788762 844231 820856 828539 817536 860102 817774 772418 775526 790674 854720 813805 826319 870870 800529 785781 807630 805358 809701 742156 876501 761902 813405 777486 750765 784717 742603 841139 800164 829388 794978 779772 834608 772125 781220 798071 777595 799917 867726 792082 815043 755797 828897 727306 802168 872103 806362 764625 798525 785818 807103 783413 727330 811280 777477 819807 782373 826565 787927 833923 770072 833693 791827 808877 817117 794378 779834 793367 788396 759317 793036 818472 768057 739439 816489 809556 829803 809139 784970 842822 778113 758732 814424 781804 814825 812324 814338 794905 825231 798388 747781 792384 861062 792840 769351 813973 804795 790873 745882 788826 824936 791299 778794 776190 814826 787315 794889 805769 794094 817604 814911 811820 810966 827361 832269 759486 797222 713044 761627 794220 814957 799766 801209 778685 810424 804738 785279 767586 862996 779695 754392 787756 714302 851582 821756 761945 812011 810610 786913 788218 791353 782899 829914 819738 805026 783282 790637 823650 788528 803498 794791 804951 798997 813243 834033 742321 720370 794887 797338 805368 776244 794567 773685 866326 781675 774022 848090 841894 814703 766364 783255 772262 795021 797838 811133 785346 803076 807002 721124 760109 770385 838574 827233 851052 753254 827586 785864 795581 775611 793370 801166 834767 812316 743731 762584 761785 832466 775003 744711 821911 825477 803826 788798 784704 821455 786935 863924 
798344 783979 837342 805209 793259 836187 851252 769049 840957 824995 845488 871053 797068 796457 812721 825634 837790 796607 757735 834469 822718 787538 816562 804634 852327 830476 794999 818496 775018 797975 805100 778778 800504 796071 825107 846063 860143 881411 790789 767844 807416 795090 788789 824255 853445 823799 794342 813235 845986 818211 873246 845056 850942 854308 837339 826693 818159 870495 853296 828957 763838 825933 815085 824598 813338 847076 822611 813741 812174 821822 847087 791325 806015 845421 801841 882119 816710 789172 868095 826900 814730 835497 823407 791285 807971 881901 812110 888541 833722 816021 793833 839487 799141 820331 853794 775040 829494 800789 796088 849208 867834 868137 804093 893841 810931 856314 843021 856114 797561 790805 776242 853996 827065 806138 765439 867428 841816 851476 832873 868173 842513 832532 862647 870541 832410 824959 817149 784621 834308 847910 856222 835602 784993 806060 847088 804639 850330 857865 862743 841256 847421 884173 810113 805475 773146 835530 826807 770739 864164 823317 804784 814679 812090 818233 832961 805284 840641 871624 769693 760121 819835 814245 798840 804471 847074 828709 796042 819939 825770 769178 856416 816279 853774 866294 873470 856470 797698 823134 831706 868567 813043 845593 893219 862091 822136 811858 852091 848812 820002 881114 839654 797212 815454 807681 794403 749735 802572 823244 870432 806054 806161 872248 792137 775861 794410 814433 791888 877499 801992 822394 786197 829553 785497 819389 884371 842671 792746 845381 830590 865258 790797 795934 810954 824861 873241 783292 828633 840000 860725 815139 865674 820455 833778 835503 824399 809886 790641 820531 793599 838450 855323 815396 732115 839450 845278 857291 842317 794072 861086 849975 825797 852597 779659 857627 804593 799659 826654 854529 835614 831011 817945 881085 837160 805049 836333 846338 833662 790625 814792 821462 796858 783974 792354 811807 841731 839643 836757 838827 882394 870656 845754 800893 875488 839447 758303 849327 750778 786294 808044 824406 845587 834086 820521 851196 832824 822644 818015 843658 805392 775848 801893 753794 852100 865733 784900 821397 820972 798654 813208 819117 795839 858038 887721 821675 849852 835631 847482 800362 819298 832078 849429 824537 846840 831985 766360 774003 838532 813291 810146 804133 826732 834254 859751 807827 821026 873702 847906 844645 833889 798423 791992 801094 798349 861243 808179 800114 813288 733516 812668 832776 865447 854626 882200 804402 859794 831179 847095 842986 809598 806083 867010 812433 793422 806608 793022 851889 793356 780971 834419 866974 827309 822081 789680 841763 837952 855257 
881437 870036 855935 840668 858839 892111 909913 821019 882203 866689 912334 874193 817065 874146 841630 848302 873399 868180 823106 886450 851582 856836 788354 832570 873354 911277 849308 888925 855715 863900 819482 822250 838215 832184 881140 874957 924576 922311 864292 815027 828786 859882 848004 848801 907661 875030 845426 855428 853729 848515 886692 859182 884657 926616 872461 863854 844842 902469 900355 852219 798394 846954 855979 874288 822941 876687 875096 869801 871257 906686 889449 836365 839711 894582 871047 906920 897017 808065 896290 855890 844649 909365 846660 843572 821062 945602 879049 919683 870010 861978 857711 851128 869617 854322 888717 827072 906207 825404 855839 890743 896229 891396 851818 927314 850798 908817 918788 846615 815930 873615 805033 898038 895329 870015 796792 892863 891863 907890 877705 922756 867986 861896 881660 929520 838252 878854 873459 884590 864808 912831 903825 853339 838196 840415 916552 846718 863749 890591 902741 873710 859086 904304 855075 883568 802328 860272 897762 801848 902108 876799 893249 871775 841475 873320 858030 848742 892381 876916 818213 791754 869207 886972 848994 864797 896923 872965 858346 872272 836907 797849 919592 859742 896786 897987 941684 892517 837940 869891 893146 914731 821902 900431 921834 854616 865121 831999 873419 898859 824411 938438 861150 830963 877366 843677 855706 801474 893340 832193 906943 841874 834373 926536 831516 839390 847753 861086 844646 939787 853386 878149 838428 877364 817715 855395 914668 851284 860020 861575 873839 909018 882483 842405 843419 872598 868126 844245 857864 861819 890918 855490 914062 919046 861452 850983 911358 831144 896279 864889 819348 878511 902970 844251 822686 913841 871866 857517 861503 856567 919434 871116 847390 917700 823462 883595 856222 865231 874427 879887 866825 824972 855290 910461 869023 839317 861191 923515 875593 846390 837653 862029 832563 822135 820438 882506 888792 877505 861206 877630 916368 863983 875799 867998 905500 898312 812657 876790 800261 836749 826937 857989 896727 859552 870654 876884 846503 888832 872877 895527 849676 829344 847478 785943 916931 902267 825933 859111 864662 874668 864476 893854 833841 909953 904705 823982 877206 872759 899299 879834 863998 894726 862250 868828 887326 860049 812714 830992 907624 872298 872853 864406 868803 852734 929730 864861 866967 900968 886686 862194 887696 810587 842826 856725 863371 906070 830805 836321 859094 790945 809884 883945 915194 898672 939335 884581 889417 885327 930322 877374 842959 850805 886270 861248 805790 834051 856241 897125 894924 832711 894411 900858 868953 845856 839168 886977 871616 883710 
832884 850754 833045 810272 805764 823949 870881 775003 847187 812766 852169 880522 771301 798072 820276 811291 829970 815509 786697 847366 812067 792046 771666 789242 830794 851654 775526 821644 810200 802920 808144 787048 817582 822477 795969 858548 863116 846902 772514 792515 802192 792628 788505 823991 861815 843140 779118 783214 842614 803495 858185 800126 861737 839591 842600 824294 816306 855108 855745 781193 762166 803146 825680 827053 817970 820511 818012 811407 834946 832874 850981 791275 810028 865755 802263 861209 855566 792570 863165 845108 820642 830371 827533 797433 802810 914566 818161 848344 852722 800814 829975 807131 826460 842758 851494 772006 833684 785556 820031 797838 828817 876841 826947 879033 798909 910598 856692 842363 793859 800338 774569 870766 845129 843248 773544 830766 878376 878160 802823 892146 826622 815714 846841 872722 784027 823998 870567 798557 842942 847438 845639 850032 811492 820180 861763 821895 851076 869362 830902 814416 847760 886090 828708 812380 779159 817577 858691 803869 862151 838898 842413 851951 799260 807491 854192 815696 849875 848198 775815 739385 854341 800719 807890 822769 880518 812374 801334 814339 795718 799468 878055 788548 841501 876308 901583 838758 785842 838868 848258 882947 797632 849876 888730 810848 846170 828631 829795 824237 792927 886280 807871 795379 863740 802147 819949 751614 833991 810585 871133 823825 789640 864803 785884 793538 820371 822263 771868 916246 832097 838206 780723 850701 763535 811577 904153 803812 785087 792367 818190 877347 794198 772242 795091 833749 858944 778857 836363 807835 862544 779113 867251 813696 856284 811434 828906 775230 823734 842119 772380 817527 860229 835758 761154 821514 830327 849857 834524 800004 881606 811840 830328 848605 760020 847300 784593 824634 818749 852113 829447 797661 830024 884476 812949 827026 837061 847978 851880 790373 824388 833671 818443 782207 798084 829811 808814 836700 825473 853043 856770 818692 815200 805265 856176 849858 766463 837902 765214 783996 802034 841447 848242 823869 819739 851981 811854 828596 836532 875243 826167 789105 785497 772460 842686 871369 788937 862868 834575 797746 824313 867611 813587 856150 875105 815953 827124 822397 883744 822779 825164 794488 772720 863985 850264 819191 748803 750006 855119 806895 803070 826467 807979 809660 858867 822654 814490 855989 846515 849328 809069 801793 773210 788466 848850 840808 827800 817871 840201 759879 760551 841710 881033 846797 870918 793738 850172 821404 842616 808051 800876 809526 840427 830293 769643 797456 819478 814732 801940 797556 827662 873104 811520 821054 811586 832587 809763 856334 
774530 768160 810761 743804 754118 781573 811844 751909 804353 793175 807834 789860 765859 784030 770069 753591 771960 749322 737559 793371 747403 753814 764201 740893 794913 801083 767648 772834 734169 740022 769938 740766 760924 756598 757292 769615 815359 788926 753450 756622 748959 754458 768879 735617 795904 770861 762476 746008 810224 748278 809444 783796 805850 799305 776121 754070 770478 797422 817329 743039 735166 762686 753775 767958 733557 783981 777761 795837 775102 731219 805401 717278 752924 805513 763921 808090 794328 696335 806183 804597 741758 793750 746238 759536 764568 826519 770084 821802 822839 781345 802006 765939 785574 784771 816281 691767 772787 722724 796246 752121 773820 810165 787582 835804 765435 819296 815351 762959 779023 776264 719039 768331 763457 775136 759076 813513 824685 805044 781676 832613 780316 781815 776557 843766 772787 762941 803210 766237 770734 809927 788815 806919 764997 763068 807331 746548 759999 819216 808542 777754 757970 802040 777015 735219 750990 772373 760469 751413 812792 785744 749632 783627 783373 765289 799672 746681 761804 813108 738562 748442 782078 758000 742551 757033 792613 798677 776834 772292 770469 743915 796813 773541 816458 771372 838875 799107 737809 793440 795513 818364 757746 802288 837801 779047 784584 769554 787784 767135 715120 841287 761358 764537 763682 772487 766976 721244 782839 804034 817955 773761 769451 826011 742179 742912 777692 781799 730302 813610 755108 769082 744100 788577 738045 783384 845403 787408 762513 757866 793054 773947 789135 738502 764993 803532 799644 764165 774371 748633 818023 754657 809667 776162 843146 759760 778536 768713 751060 782358 760948 769304 807298 763474 705508 774242 785373 765904 779844 803463 829793 774176 729723 825667 744898 761475 736071 782285 763156 795886 813753 766373 781531 818306 769630 760448 778368 797372 804132 769498 764083 795930 782915 734229 724553 799659 721802 778643 789203 784570 786326 795228 789951 785187 804350 774912 716968 771829 717470 739330 741896 768462 785261 790247 771191 791108 750455 780446 777285 757917 776083 744226 800152 709361 790556 791933 731955 777179 774446 751594 798869 782598 753960 794183 812858 786017 778477 779299 827049 767143 768688 757574 769009 771100 787230 810230 700765 737993 803329 749141 773504 775129 786024 766435 818581 765055 750814 818966 788640 776897 746128 748592 759733 756940 775726 795132 771439 788903 771669 693451 703595 763842 788247 798201 836628 765671 780675 794956 807529 777089 797714 760231 789030 781255 701721 739662 782537 815266 776321 725736 764432 805028 748334 751460 753616 774011 774130 803919 
786418 775882 803156 759315 768853 798577 823411 729067 831116 780305 803238 822620 744095 806014 792561 770457 781895 784120 750987 796477 765941 746877 750194 783913 803400 806878 786627 797202 750424 769359 733246 715457 784652 762752 772938 791173 788946 809768 740249 752060 745383 766538 768754 774765 823541 788430 761791 789101 765287 742598 793107 780944 800401 808865 793676 791401 767007 836841 844753 738330 706771 768110 744061 806701 763483 767640 777481 795294 790424 783935 851583 753692 784353 823129 769700 829448 812119 732931 820580 789491 745591 784966 782871 757073 780756 815250 767530 800759 794188 781398 765770 773362 777745 801975 795951 737149 775748 757877 775735 770119 802870 809432 770704 859407 752303 788997 793410 795640 757805 781753 761059 818284 780371 769016 728435 815628 834133 809010 766251 838765 773880 763902 787907 848816 734558 800831 770855 771955 792365 782162 845897 812961 766294 789389 819867 751563 791418 827447 812025 808449 780558 833138 774015 775146 730882 785882 803815 742091 826604 771953 771320 784136 773418 773430 800437 783079 813535 817423 746289 730761 786556 746405 762864 759581 828405 769219 800676 751761 765348 763375 842764 751714 803923 794082 844010 821118 744918 770219 761865 818311 776562 799076 839331 785306 781988 762286 786626 779400 742162 852663 790278 779025 780831 756389 793248 713558 827002 763726 807971 765368 739823 818660 737330 779363 758239 796782 759525 825180 772843 805835 749328 799478 734328 824492 835482 797001 750878 757409 778313 812359 778776 741647 765118 762051 791715 776595 801003 756490 817255 762594 845297 777256 810829 794960 814006 766783 776610 779239 751941 782878 814999 766054 730792 816075 787057 790226 786693 779528 820547 792173 751596 819582 766831 789087 768197 793376 787774 797394 803942 769524 758170 824870 778604 746525 805202 790191 788570 761752 760968 787331 760318 750181 793249 800400 761006 759457 790699 785685 825391 815703 753580 765038 813931 785681 729620 790143 700496 773877 768715 773417 765487 760887 765058 764074 763564 786933 774521 822233 750426 755687 773034 724074 813461 826452 744445 816006 787614 766592 776149 761520 760390 827265 806448 797577 794058 802043 792215 788318 769762 779058 816426 768223 797588 787402 734836 741665 810179 763229 743015 781794 776948 792533 824519 792131 774459 832505 802590 811036 767002 753103 775406 781687 791465 819275 777327 771336 789150 705246 730421 765599 825380 833785 836466 782950 808249 789829 792286 771930 772623 785240 788718 790649 707529 791137 784036 814205 766415 756959 808827 785015 789123 769331 751396 785723 777060 848089 
801015 776422 816418 791780 794825 801274 834112 745932 845872 806766 807458 819571 770176 794345 789955 776842 823180 812735 743481 813916 779230 793382 774664 833526 818462 834081 771132 789389 793794 741383 789634 758812 791303 776106 790721 782625 853232 809913 788598 769232 789858 795880 767876 778129 822956 793855 761719 778702 769503 748771 798227 791335 818626 842165 784963 787323 785576 840961 854125 723367 727843 775930 796531 801711 779478 791271 793970 805887 820922 798133 807101 766224 817152 831668 769883 827082 817589 766938 831529 804262 757820 796779 794053 770580 782195 853837 801519 830094 828870 801126 803934 781929 810609 834968 799360 735221 772953 760908 813288 819495 839190 846332 782409 850922 771145 828578 845511 811373 762705 784180 759196 842657 796271 814532 750014 871164 814951 827056 811477 847813 771761 782773 797140 828641 774555 844759 841739 800852 814938 828757 801340 782910 779111 787153 850517 783700 819084 827725 816726 778012 821287 843253 815741 812072 731920 780445 813898 730088 823678 824927 823648 791775 758642 775410 810651 776318 824196 811350 759417 713817 811186 786779 731600 773379 854548 817669 777889 782913 795166 742201 813405 789743 853658 822060 859104 832490 793169 805389 783216 802907 784209 838275 864373 782400 798904 768594 802242 800970 773344 835639 807237 750627 760993 781129 774313 726374 794930 815664 858685 818229 748552 844166 756762 755148 772606 805486 758271 846530 780680 826929 768942 809269 757748 776231 850828 785525 758935 792645 791616 857244 786293 744921 764763 803913 819828 780805 807731 778845 827256 790777 829700 808931 799784 790907 846827 756439 764006 801910 775229 800145 862147 780791 734972 803689 805927 820938 793635 776262 845530 783795 793667 807730 774950 794551 805239 800715 809790 832884 809307 777995 771164 855889 813944 769198 799065 836574 798324 776207 795213 807717 794755 755559 803109 799169 777996 832925 815906 804234 808188 825181 791826 799732 821923 797288 736210 789774 734687 777690 768767 803395 829129 801621 796300 812335 788911 807439 830606 853264 794843 768869 769076 727204 815117 811627 769592 787856 803019 799276 818027 835467 756413 836542 843526 804149 794104 815274 818952 786323 780956 791273 801432 789075 815550 808831 714401 746508 830378 769822 752837 801891 806519 820673 852818 783987 797948 837607 804609 799184 815965 778506 782099 804897 801548 809096 764517 767572 814238 736176 739064 788881 831071 834568 837965 797899 815020 819735 861267 819088 761712 784957 831491 790330 729910 784450 772744 815393 776401 754073 795510 845132 773023 802208 766861 823118 790745 833234 
763714 805619 795167 775171 815367 799101 857974 744200 810594 795115 839922 801654 760618 801123 797583 797996 799154 783621 739120 829597 783533 771179 776622 770689 820372 831647 763654 786427 794003 782141 765761 747695 756281 797791 800998 805356 813186 821453 750017 746241 786485 792488 778936 771028 832079 801478 767080 760905 786274 760789 800579 791201 829683 844380 799974 805161 744004 841762 822388 770644 752298 793876 781324 811887 760174 801985 772686 793324 799458 791397 817753 753408 760740 785454 795984 837359 797442 736629 817541 840241 789468 827645 804112 796258 771328 844871 796715 853968 810779 795852 775570 792414 788579 804030 797138 763841 807544 766892 804096 807703 830007 819264 785064 883660 770751 844470 833988 789028 803164 788898 772716 844991 811043 820940 741869 822131 813011 834635 812456 809139 816669 819958 801564 823114 768929 808630 838838 788605 795776 843612 816265 822349 764845 798996 845062 790703 831260 806863 844078 809771 796522 825698 807915 775269 733356 786846 809151 741392 824408 815938 801001 816690 772219 764879 798791 787770 808679 831870 744554 739465 796068 786915 754108 767072 820914 816934 786496 783027 793086 788344 840401 794836 825412 849021 872284 830506 771840 813084 793694 850584 755024 816612 859682 802072 809784 769473 795172 799807 776785 839872 789107 769439 793143 779125 795870 725259 821745 788691 805547 792325 777443 847736 786787 767350 792123 792196 762657 857301 795984 807710 771789 800338 754044 790370 844585 808473 775589 789140 797022 837818 782030 742051 765637 787819 813330 764287 805433 777941 830521 785805 855556 784547 814841 803124 842192 771015 802327 774040 773593 795747 845810 806137 737010 811359 787691 792795 784472 800959 856318 812430 790553 821706 797862 821790 791125 806056 788382 815352 802627 778521 809011 835085 777888 777445 789390 795038 813789 800383 776043 809773 787318 758895 793504 792039 798974 802366 795375 785559 838133 819278 787686 805105 813421 815382 722813 822573 726464 757249 772750 799296 804107 766791 794826 802734 799288 821112 784962 853085 783068 746590 796265 726797 826785 850748 778040 813918 794920 773290 789999 780476 768555 831864 824176 800594 805633 799913 836026 785312 813196 802720 783621 781692 785392 813785 767672 725973 827936 787900 776845 768877 820328 794522 850668 797935 793452 847804 813758 790817 777381 780384 740905 817166 811824 813737 785471 787177 783876 723796 740165 815804 835362 816556 863140 796091 793697 821388 832122 808502 784911 802136 818972 804355 732762 771000 793120 808316 762914 754222 806435 824756 757797 786158 764517 808052 782764 844826 
830411 837093 861906 799962 817124 861086 890566 794933 853074 856730 870822 859802 787958 858760 819344 822882 843715 843447 794688 875549 807231 818087 787045 812901 827015 857999 835423 821511 814581 809545 782741 798249 817958 826726 849099 852485 845249 852061 837291 793539 819836 811545 824950 814405 889552 842629 818713 828278 827770 802685 879752 806051 821737 887934 830478 859736 818959 896217 872656 816071 778491 809264 821525 840075 792727 847082 836672 849809 837982 828295 892344 808253 806022 875468 809361 853462 885054 782098 891777 873241 828426 844020 808438 823206 803780 905400 828133 888536 831449 834237 813113 830568 803539 837717 866598 780882 828699 814151 834467 824174 837441 883756 818540 918537 821085 892879 861632 807967 806728 815864 804165 871628 837977 860109 803715 865909 890604 872367 821127 905139 839616 870281 826862 874461 802082 817866 855017 835865 840329 851532 873661 848929 794608 845173 851924 830877 831463 857603 891952 871553 853270 857505 819343 813975 822450 845676 828464 801975 845174 886887 815080 857167 836865 790558 839920 822176 863613 849872 799761 771546 821293 811124 823600 811677 888811 854686 817638 816759 800692 806386 849826 823199 889140 852094 902358 854835 794425 810593 848395 919065 793745 870621 895147 829833 837431 818601 854842 852232 795481 896578 845277 813780 816956 820535 827726 773234 870466 813367 887674 843729 850843 872093 807176 823818 826033 810311 778551 881433 827620 834895 796113 873137 799890 880686 914238 816006 818887 822219 817810 843561 839313 800721 798635 858951 837241 826288 835799 823788 885335 805538 888954 844247 862944 848514 878578 861236 833737 856925 821068 846443 895034 801423 728554 855591 826201 814182 846984 802869 900104 855755 793031 861894 835208 850531 849890 850982 844006 859030 852726 810902 858550 874013 822900 825524 860931 860845 835973 797366 817342 838555 817534 790935 831614 867783 851987 858029 824320 837157 841588 881966 813852 830847 889796 809393 799383 826920 775302 780190 825176 852676 809345 842493 858244 851297 845296 830989 833346 868896 816795 798196 807853 773549 843807 870405 817941 869868 797278 836943 847349 824667 786104 875162 842619 868341 840338 830435 849538 835409 843865 804031 829268 857956 829613 853218 783646 790720 861829 815250 804454 855890 819605 818281 918466 842801 836861 860674 818505 871781 810815 798424 809927 843117 817403 873293 817238 801292 843591 787264 800058 827485 868757 849793 896178 808714 877871 844402 875703 851057 838264 820367 872697 848421 804542 794854 860911 859988 845920 793639 805326 855655 820142 823994 821303 846439 852161 876068 
818030 801477 813393 778333 803074 789203 838910 765568 800717 848433 819797 827929 765016 801122 788842 807803 803811 780332 745808 848193 765500 762939 777024 773778 825772 813164 770314 807323 803929 786491 762277 749859 800227 775070 789399 816179 825420 803617 749573 731788 792089 778222 779481 781668 844557 788973 787614 779272 807482 772899 848675 803045 825471 824410 812395 821777 759778 824836 846890 768952 727785 794772 796829 802640 797312 838854 806994 832669 814568 797173 848285 772518 787529 813522 786866 823530 819861 755724 870334 823128 787593 806504 807064 765268 766541 878686 789139 834560 815245 812339 808975 794011 792875 838039 793993 739892 807399 770744 849226 777922 799646 847836 798360 873402 776384 847018 841769 831603 781144 773314 723258 845111 804912 803650 752905 853480 824209 849776 760849 827143 813284 790842 808532 851621 764203 811013 822910 792541 817577 860343 822368 809693 796369 794802 835611 782638 818632 836617 797360 826695 812450 858331 797203 800304 755748 801224 827684 769697 794710 811074 793955 835868 781395 818568 828497 828663 821948 849755 770908 752191 802955 797559 765762 807265 864759 802166 821117 823949 790226 757862 837197 813260 845825 851632 835329 859924 781007 812934 815902 836042 770767 822605 871177 820906 793248 833693 842217 828536 765154 851450 791889 795101 817998 761494 768099 718988 817771 787141 862872 819549 743378 852838 782101 758542 808354 812234 785266 869731 817555 809185 778672 802101 771663 815478 866428 806213 774846 796718 812647 829057 794103 736638 765453 804405 830655 775366 811365 795081 806100 781317 867371 792740 804720 807780 826811 793559 812908 809979 784151 813708 840781 791340 764910 823879 820933 823862 804698 784724 848922 811274 804103 820611 794759 819261 791800 804901 796614 825291 823201 759469 806533 859543 808988 786437 811517 828123 828058 761483 784292 798444 775820 768214 797038 818366 782217 834919 817965 771761 833210 798692 801425 774902 828650 839205 750817 775749 755323 757718 780436 839225 833520 784204 809831 826470 804840 802549 770781 871107 802750 735128 791066 779776 827187 834999 784201 801699 789098 795324 809705 809784 781125 824030 835787 809169 816367 792806 814069 806332 802170 794548 802920 809998 825789 809958 734938 752346 810986 790057 795737 795157 810024 795519 854264 826132 809157 834071 836606 831898 811409 761210 783884 808951 795335 841514 795917 766009 806797 744595 771129 797884 827474 841101 848191 816271 835014 798817 812312 802439 840496 798757 815874 801901 773453 744190 802913 805734 790497 773680 827087 835965 783577 795890 791866 792557 811793 837558 
818559 779275 822514 775941 757855 791641 821397 744836 823506 778762 823057 838757 783501 809938 771259 766118 793102 769814 753973 842526 752853 796206 751676 779106 829113 825293 802477 802108 752873 773772 765468 777170 770042 789220 800193 828530 854059 820587 796046 769561 782766 760985 788509 806052 793380 852134 807924 793156 786522 796689 864776 803693 806958 859526 823294 815323 785836 842960 837931 774433 756065 780300 808895 786287 775071 796394 818258 840533 852160 817139 821874 747784 789958 820613 805204 835687 828450 785755 808380 809724 780659 823790 786084 753948 806237 871950 808264 834988 853873 771488 802525 750556 778346 811629 846509 752067 807729 790674 777679 773591 826791 825919 809534 897418 771434 859087 822952 820404 792165 776497 805117 824533 799529 800483 753772 834871 801576 835548 793793 828454 787557 845190 821888 855872 790078 817500 819130 786373 827750 854831 812262 817468 786981 790277 827327 798261 817475 840076 832730 797605 832420 858263 757278 804929 773479 797204 823542 765714 864744 802302 805963 825015 790392 778571 821108 788693 797110 792582 769078 751732 788779 804111 782663 781488 831753 802361 793347 832108 823260 748884 810523 808073 830939 842010 855590 817608 764941 795671 799886 835965 767398 824867 882575 835673 806544 767403 827331 815178 754307 858367 817169 748014 777212 793054 806485 756720 805978 823151 845427 818270 788635 838271 793968 734703 815442 803368 755019 831283 779901 805170 786615 834401 759374 803542 862111 834376 766899 795976 827170 847775 786982 749752 789359 827487 846643 773251 831083 798619 824343 772702 807108 780294 817693 797076 837071 796613 796140 806437 742341 820849 849944 782383 717276 794057 827866 817394 794522 778282 838112 820932 786718 836141 748620 822908 785486 812408 795232 806356 806584 793064 803494 856759 792331 786954 835664 819800 804845 751278 809685 823012 778858 776121 780747 794357 791614 827957 824965 810918 825812 849630 797429 803267 841265 836402 764021 807178 742937 756968 784243 802529 803719 812424 812505 826569 789268 794429 811873 854430 778283 786449 769074 754420 824868 817489 796346 819700 803918 790354 789655 808453 740539 816338 849997 801987 813992 812287 808724 790570 778436 770428 790602 789427 859736 792490 748417 752718 800823 806664 762250 833774 807184 769937 875070 808919 788249 840483 807205 836137 796330 808434 783046 817818 807934 810771 787954 774746 820701 783399 748047 765640 845697 847971 881701 785576 830776 833554 855297 804940 820449 808961 830412 852836 737891 778101 786785 834618 795951 762524 780687 853850 746219 797213 764988 816855 817034 844047 
819949 801720 783764 771315 799468 775673 831299 755457 825086 798016 833938 833626 783936 797276 776191 788726 798934 783785 752940 804543 785752 750348 785205 746596 812307 837760 794439 804689 780405 763208 781230 770422 766669 799537 798055 808432 823659 813657 787083 772344 800643 768152 784886 778433 849839 837669 776041 797998 814788 789076 814998 792760 856086 831605 801660 823419 795847 841109 854412 746771 754942 768004 794147 801079 772711 807972 802336 826946 818752 767675 849486 766548 791170 837879 794907 821805 821936 799536 825469 818992 783773 795751 809370 773108 804059 891556 794526 815474 822377 765508 803527 793146 775493 803854 831852 747198 788837 798130 795700 792342 800993 825978 809395 874076 773846 870503 832833 797562 766137 775283 761438 824803 823141 809522 758673 840488 824249 852649 808959 853788 802671 816623 819243 861451 781297 804585 792169 796818 848431 839912 841673 817559 768189 791155 820093 800368 815420 842755 836433 800447 801017 872989 788429 811556 739890 828306 828260 763925 873553 815479 826227 815079 824277 798038 815688 775582 811848 834099 751402 716875 825969 785571 746030 814709 837652 830031 797199 787938 834066 755670 832732 795080 847454 835180 846107 828516 780822 807893 834759 859478 790397 813378 860904 823612 793843 795082 821352 816962 781409 864341 781847 778873 781665 767137 808833 725288 842497 807398 836308 797698 772482 844029 759379 789620 756124 824459 780085 847093 791844 849872 757050 811187 765763 815412 853962 808645 782072 794758 857772 824645 786853 760195 777628 812524 788832 790328 830580 804297 846866 789077 856599 813706 811377 809803 811227 758944 793089 807947 765607 781699 867684 779523 754490 785226 847423 810224 812538 805234 849236 819167 776206 809009 776363 786247 780588 784178 813360 818406 806110 791363 792295 853240 805287 792418 819224 818895 829925 775793 820941 794267 828945 782295 766803 808845 783465 800367 817555 807586 806852 831884 780411 800700 835673 799064 752846 843647 750673 772158 795219 795588 806565 785882 768595 825397 781593 802623 794191 806447 779561 765231 763824 741229 844529 814063 750097 823831 797409 772884 806837 800335 763638 839180 840285 774677 798082 791013 810858 806943 776941 765529 785317 820767 800879 793914 758782 768711 808548 749765 788556 801868 810930 804257 840037 780628 787646 829691 826810 800202 788402 781378 766468 788128 807409 789970 814816 824880 829563 756804 748985 802662 854400 859860 838877 798287 839559 834251 850336 764299 779852 774521 830145 783415 734766 785678 793821 816738 803126 775538 797257 846237 780563 794583 792261 804961 804794 848919 
829102 830757 827375 774495 782699 798743 864369 784515 840661 815818 841089 840557 788938 826828 821273 816852 809367 777756 759802 818674 794043 790367 795135 746009 825123 830341 810669 822687 784544 787515 778368 763855 790456 800954 808368 839096 839938 859658 791206 801777 771487 776065 777992 808290 829672 834291 809245 812404 823180 803544 844828 827145 811864 848473 823891 826422 805329 845864 838298 802397 768212 789786 797432 794475 790607 822281 816061 831909 844091 785411 867100 763246 808123 850597 761027 853323 842393 777007 845114 837344 770150 851687 799306 785767 784465 850304 812894 840915 834909 796147 779935 807890 792861 844988 845933 713234 823943 765678 813816 820806 815974 828845 799061 882680 795838 834312 859092 794469 770600 772932 751204 803680 807147 798286 786367 830090 862338 821525 819922 866007 825739 833003 844217 864286 807429 821954 833251 782131 812825 828209 843320 801968 830500 775722 838645 796746 825157 825974 849124 788311 824600 851377 798265 811397 772423 813260 857122 793856 870773 824931 819348 820071 793754 799833 818808 771735 819514 842873 797340 776267 831780 794988 782367 778592 865016 810367 808758 799829 830887 797329 856740 802039 842291 837645 872272 847178 781253 813991 814772 834921 796307 829410 883681 830519 782704 799588 843697 819451 797412 863583 805756 781724 819903 796069 778602 744242 834599 833557 846844 803888 794793 862775 801669 756239 803224 830119 791156 851518 798392 830360 787419 831068 776273 819170 875335 824803 788751 801848 830814 825371 780528 740467 793541 824762 833854 793997 810959 787578 864548 790935 846662 810860 834317 815435 840926 774864 794565 832305 780764 793743 859953 792547 733167 821203 802843 822890 790944 788851 840633 807768 772109 839500 764993 838476 810670 803276 807234 822482 834734 822821 821624 866851 812900 805656 819699 818709 826180 794825 824109 814615 812449 794988 814275 799466 817350 816572 854857 822547 852431 847571 805173 800226 852644 822514 769512 832942 774124 780698 781902 796391 799027 779344 831892 829674 801452 815524 793886 840419 790244 770529 813337 742430 852253 847498 816609 815917 809265 786066 795134 852592 791008 823000 845558 811317 820021 820042 836156 824373 778980 805105 818454 787123 847228 839551 751888 761663 818795 796921 810002 834408 816206 802950 805402 807154 824236 853480 836104 815079 807178 801841 801330 784446 826461 838370 793673 799873 821674 750756 748787 796252 835100 852556 863613 814145 812854 836914 831054 820499 790142 804385 826435 799425 749193 796348 811609 817948 784472 795024 821867 853448 786884 820641 780754 817363 794694 827156 
838519 825914 858181 781714 833469 836454 862502 773640 857046 838435 878128 864402 804242 834003 845399 812359 821295 792082 770618 835681 823704 790903 796773 775715 854491 856630 817297 826958 806571 793870 811611 790128 800868 785602 822117 866967 867343 862051 850758 773997 806508 820507 819966 842651 839435 874853 792553 814654 824067 828944 855438 835810 878068 866314 831648 864945 791134 864224 834626 785759 800949 794808 816597 823037 807589 845311 829387 810958 821500 818506 864983 757060 814644 868450 835274 829299 844343 799569 862430 839343 801751 854092 813061 824923 805855 875452 803379 885033 833002 837416 813406 805668 793840 823220 877175 759763 818676 801038 830642 841115 803414 874942 817430 875551 774262 902872 895443 827134 801124 817625 787839 867340 836557 833587 755090 852866 852005 863598 810286 863643 849351 835957 813533 907394 811387 852977 836934 815799 873684 856035 882890 854620 818156 804353 861839 803416 812970 887884 886777 842717 848044 884256 815411 836841 782462 800349 875556 806400 888474 849831 821419 851246 809847 834678 845137 831228 818446 866907 826011 785475 819921 815253 826869 817751 856756 840007 825416 826745 839694 789305 851618 817323 853246 857158 871104 825649 826489 828891 831190 859258 791461 864984 896518 820974 844713 806640 846830 827151 800856 878007 805761 786066 861591 819874 789572 745894 823063 824452 887746 845478 837720 874570 794316 799690 809562 809799 766796 912423 828079 858594 786651 851996 752994 831656 897437 823569 801379 824785 835787 863697 786838 784937 786449 826236 808643 816712 845087 809275 841970 813277 859133 814136 807149 805063 868709 811149 810434 838742 807890 820285 861728 823489 769137 811971 833720 844167 826809 844374 910787 824987 828058 872066 812401 851821 831629 849221 812478 855125 837298 794018 861585 856970 829618 800373 838220 838457 829703 801546 839921 827760 851907 768678 799339 818114 833794 829767 822448 832666 850785 824512 827581 815703 860984 848817 779109 827929 790441 759955 802092 853091 818965 826333 854981 836201 814375 850521 823204 847023 806247 785429 791575 751623 845892 861304 800069 827602 818035 813549 823387 822466 794446 858431 888053 836214 867543 836645 825892 817346 814232 833162 820719 849232 846396 850601 766406 744243 830858 799632 805411 834622 834258 831694 889656 809280 814967 887765 842925 827975 828257 805082 807839 789908 811777 838219 820285 809390 862241 757394 776102 803656 863560 823173 890069 841142 882262 856863 858839 823729 810542 856855 834523 835233 795874 796718 809114 864520 826568 774401 816780 874133 814536 831451 770978 832562 838425 873342 
822642 802380 791428 766691 795435 790297 861218 759466 828169 864703 822716 857504 801499 797082 805180 795859 784665 780401 748418 837689 777516 801137 809878 771120 838506 823601 787472 800112 808001 785902 795022 765019 798283 770407 780960 859799 838769 832372 794472 762210 823056 827341 787345 798731 837878 798028 814584 781373 820770 793451 829553 802241 872290 845557 813855 837025 812008 852318 844512 799770 717280 808681 820764 803724 787915 828947 843224 834561 821179 820766 851544 775819 808377 846889 799771 823950 795650 758239 848252 822374 770278 825742 813725 773473 781631 870086 817091 876217 804499 803896 801697 801636 790074 828205 839157 763527 829705 780682 797829 808279 829838 866442 814811 864731 801384 846527 850091 814997 831256 800817 748024 819764 798492 823640 745168 853577 837082 871422 808136 829340 809867 834146 808915 860973 799939 806964 797583 786720 820202 831184 842051 818345 785683 800017 853611 784244 824939 836196 837943 841412 809632 884860 830206 795859 754507 780709 836894 782967 839415 818621 833937 815095 812091 810209 840257 833521 803598 818363 785368 731868 811411 800757 790495 779932 837822 820970 803060 816137 798242 763163 845342 831407 843300 845146 870267 852794 824739 824707 820579 868670 794600 858077 867674 808223 791780 783581 797645 807707 789714 888746 792396 787106 796631 767120 813962 702161 823783 812226 853047 822139 780394 841512 789692 755772 789938 806057 784816 848992 791443 846940 771487 831942 779814 817739 859599 819848 802118 792101 847623 850678 807386 772647 809649 827786 840225 785520 844308 811097 830965 794871 862600 804649 809217 810163 833322 808902 784912 791167 766601 789661 833003 811818 743341 819420 817971 814406 778407 795533 829281 834815 782779 853989 820429 847635 795653 806247 827478 840081 822276 808351 797182 858801 810282 786667 825566 851826 855344 766011 818283 808961 803506 751785 790454 831764 837477 800625 838783 795609 846512 800926 807458 798788 828916 807394 759551 820899 746905 757954 786583 797577 823316 823839 817249 835277 795419 802579 812953 849605 805710 764533 810827 769673 834136 854505 786928 817133 793707 799363 815707 806695 798396 809479 858864 810692 821627 814250 836057 803191 773018 809135 804835 785810 825198 833407 756803 745563 801071 787327 791409 794233 806481 816401 879800 811593 796977 845261 843392 810824 776579 774131 787147 797850 794883 832018 791430 797427 805630 734098 754287 811191 884376 809968 866040 795323 834875 814743 839882 855386 804717 790305 806632 820197 770154 780004 791742 854618 800069 779646 835661 826026 822764 812041 790497 821889 813029 847263 
816557 759434 805128 805910 772943 810557 807719 740742 819526 801961 798113 810303 776366 833044 792882 785347 809842 762331 719176 813865 768950 758742 759048 735855 793808 839726 795522 796266 776301 758189 764422 756811 765437 771785 818350 794362 853413 818645 781524 736926 762767 774551 779565 781811 788773 803352 778440 783076 800487 749573 814980 797752 827890 823023 797508 810567 770903 861822 833957 763915 751872 768221 792073 806070 770621 782006 817196 820308 830091 792982 812925 749122 770178 844672 782286 843134 829622 739275 837014 823901 785901 816421 767965 770610 785642 882297 783605 820543 834997 817620 811536 806137 773737 793092 821179 729414 825578 769641 783408 802635 823623 830932 775860 858289 791505 832739 845738 794951 777275 778261 741012 844055 795925 803870 769660 819869 830777 809854 791568 847430 771341 816263 765643 852247 756106 777826 814229 773623 799553 858218 830408 787302 777695 785815 823447 762249 794046 860569 828559 792773 804612 855277 805831 811463 752231 794351 801208 773616 835765 788891 781820 838786 772262 801022 801829 796365 801476 814720 757830 761704 779415 774205 791095 775324 838100 798203 783706 795826 777770 768402 799253 805929 810223 816715 859979 811092 785119 775992 804852 837930 764174 803390 869187 800902 780712 784459 817576 817352 743343 850342 768205 762976 803018 759177 793550 711289 827136 833208 822485 788397 773561 828023 775660 740187 781681 817376 769678 845368 784785 823619 783810 809633 752851 801249 862660 774322 788858 797103 796618 815050 788414 749014 770941 792592 813991 771623 792459 801694 818685 761199 836248 819687 800173 778626 798641 805536 781515 806466 759989 803976 850865 791998 750011 813553 793163 791536 767069 772453 842464 799122 777171 809986 757317 787039 798090 795259 788244 812970 813443 766618 797163 857823 782830 759341 782865 831667 801747 736198 780051 798280 801289 757098 780173 818536 771963 790746 816043 806061 811000 828455 818872 787233 840090 788290 748725 789763 754413 752335 772577 821393 794962 797233 787997 802030 770980 791350 785789 832463 768400 759598 795451 724709 832621 825386 758169 760831 819176 762186 809381 806552 746397 822836 836919 781631 794201 787505 808031 799727 799413 780410 778952 801276 821289 818042 744676 755513 816783 767295 757633 806273 793572 797306 861381 788119 799286 853648 783483 815674 775938 773548 786978 797994 792928 836338 753625 784061 811967 720624 759156 789630 840090 834859 867084 781454 822879 796347 826778 801585 784855 807051 810620 780375 756448 747144 779702 819802 794653 745235 796553 834752 783012 788720 757126 780773 791873 823669 
839263 833263 866738 821017 833616 886368 876917 787646 872348 856758 885689 877351 820552 880148 842231 847895 854300 840853 807971 865545 816146 805010 798698 830242 858390 872861 838075 853566 806012 794576 824023 799600 823772 810715 863361 847778 900572 862337 829676 803155 811732 827691 829863 850520 882757 864688 819831 816913 840743 813280 881442 850220 861110 900371 865385 828206 839016 873808 899922 835607 785899 848742 861739 870730 810426 867306 822797 854850 851583 841043 872975 811455 854160 872230 842135 906240 882875 797649 902415 894657 831894 844452 851300 802239 855757 904616 849120 891922 859724 860645 843406 842476 849948 846078 871378 792146 842800 788976 835178 837862 860002 899113 854491 893324 816730 911015 883566 861072 818522 840545 792802 893100 861663 860810 789693 907960 874254 897479 832952 876269 833473 865583 851781 894721 842785 834590 889873 855580 856197 884580 851557 850076 815046 800620 873946 842513 870405 898524 875811 855062 847846 890078 832416 819115 790611 838256 880411 800446 872559 861851 845813 869025 811788 839524 871611 866778 873283 854344 805631 791511 847720 839997 811886 852842 884742 849103 836907 828331 842581 788340 862098 831580 900399 898432 919316 877592 864914 864623 854862 919257 816258 884022 932139 859625 831358 816729 859876 865104 818872 895276 854571 824269 847798 821494 823879 787484 894043 834707 893256 852854 856406 868894 830119 813409 822689 856515 809580 893166 823691 843041 809383 859082 809255 860634 917105 847807 801992 857923 850192 884574 830562 806402 850544 853797 869253 816053 845478 859033 871553 828935 886835 837129 863864 830175 875341 827549 837882 825908 786811 849848 895333 820620 789493 851824 850747 833893 843771 853843 908305 860413 831296 857993 795291 873651 842423 835826 826294 850195 841666 823626 831521 907887 838179 821658 858434 906873 868828 794397 832645 856054 838261 810845 832719 848897 822236 856588 864156 840707 881390 859747 841585 849806 890228 840578 808391 852458 799292 810535 821351 887364 831307 843047 829784 866686 824001 871798 853594 898270 853227 786080 816491 784786 864306 869717 816859 852401 868813 817013 840766 871650 815001 875708 886337 840134 823702 855196 858804 856714 842950 870072 833170 875338 857524 841980 791018 752659 873756 825482 825838 802872 854562 828710 897783 831263 852637 887976 890694 871552 856700 823588 825422 854774 825089 878382 844205 806767 845521 774835 804374 859028 891458 896320 911832 849338 885242 859615 906115 846678 834501 843140 846379 859838 784553 809419 836957 869880 857435 797183 855357 871627 842193 826245 800090 854276 852155 868256 
842772 854963 833456 817702 812874 841370 853367 813681 858946 829712 866811 883307 778016 835253 802773 843402 804904 825542 751186 879195 793716 819260 797434 790971 845131 842791 837731 805344 817690 788400 793897 798211 809131 797579 829529 874744 877239 835314 798140 781206 816478 791471 785855 822725 828246 837843 811754 808714 827749 813770 875366 832033 823370 851827 837372 821393 802971 861141 861593 778892 755218 805320 802609 857436 791504 821594 826613 840594 866269 803105 848926 800367 834842 838006 807159 863576 841080 813315 849040 857077 799269 843400 809737 801832 784951 867760 817711 841418 845300 800901 801950 816145 798677 834740 836597 758382 838117 786717 823744 837398 850607 838519 809642 883742 812408 870499 874983 841021 804037 821939 786768 851836 795394 841772 798813 892415 874268 881357 834444 879129 804066 859752 837916 883239 813070 816781 846136 825025 832091 818345 846162 836210 813616 806963 852519 767944 851813 849338 872145 850495 850819 850516 814676 814856 803538 805374 845509 773821 856865 833979 851435 831372 814335 823860 856758 808299 830239 872488 811061 756330 845204 828257 810890 808576 864707 858167 808279 802828 845055 820864 871082 796569 903328 889889 885283 871387 784582 816211 856477 887001 783429 829247 892128 832096 819324 815687 876406 865986 807472 866102 792298 769821 845962 819616 789429 738672 838216 833195 860069 816409 801654 886210 797574 791841 803866 810370 788735 887276 815433 818671 777195 843558 772684 822345 876517 837487 818097 801534 816063 888344 799299 784648 809545 813248 846756 813567 852545 843426 870270 813565 867316 794093 853813 819401 849495 800650 783523 810125 781080 796208 853004 805751 760438 837557 852623 848846 824814 798183 859659 808833 795014 865491 813344 851085 821535 809973 825076 850757 866509 793785 818190 892407 822689 810799 861967 834572 835649 789898 825417 801934 805835 798979 797803 812096 802754 861449 840711 820374 840298 831122 840942 789914 826142 831768 800443 807362 796597 774266 806459 835910 849858 810312 819851 856172 822416 828608 821943 887399 792347 783447 782153 764435 855096 855945 793447 831829 839159 823471 826516 875272 822687 840584 857671 836319 850736 822387 825181 823859 818558 846861 842065 848596 870032 846656 781297 750091 830872 823893 781518 830543 838184 818475 879064 803184 830823 868535 834893 825119 829874 781830 801356 821466 824131 832369 786783 787172 814157 769788 764101 827745 881549 872630 861590 825170 818057 856887 855612 849335 819836 802421 840271 844173 767453 803830 802931 834872 821071 777423 829237 846471 800915 836171 805546 849559 815421 838576 
871870 823436 845568 804063 818741 857469 859525 787071 842859 845246 856742 850492 830092 879527 813203 823490 841032 823130 796414 831500 815369 797272 800737 779308 838851 840655 822680 837104 792632 797692 794854 770549 805507 794255 817436 860296 865269 853907 819741 779988 796175 831289 796595 812622 859940 843375 798741 801152 852503 798656 858965 823708 879397 848589 827169 849446 799293 858187 874532 815895 783475 777576 838640 821207 801840 861792 831979 872574 845340 823217 861253 788872 799486 846295 823825 853687 879561 769502 883496 856832 803411 831926 830328 829583 834631 908199 819955 858482 837762 831687 818009 819839 833539 870518 865554 756188 823820 809280 835724 850421 845634 836786 824614 911350 808661 877549 845357 831601 839280 803469 768346 863701 828075 856505 780418 844917 866431 865975 790403 889396 829359 800474 813807 860854 794275 811483 861152 853358 870925 855794 833661 847502 793567 811242 858680 794951 839954 871663 841760 813571 847903 832760 830654 810795 785651 816369 851668 756038 865839 844228 804561 844406 815972 825969 841811 826765 825418 860827 802130 771706 849493 823188 802163 820199 865886 848866 820306 827101 797988 790086 874697 812546 856179 871756 896674 863522 806769 832887 834785 882755 787566 872204 893510 840305 800365 829874 854942 870001 796818 873833 804695 802901 823382 795674 812960 758908 874374 818984 863471 822023 796398 891772 816586 797767 798708 824801 793170 883804 796821 833690 799941 823775 798702 836707 870039 827406 809942 784505 835381 853987 777854 778387 781357 840387 850996 788838 821467 801688 843908 823843 875517 838255 876884 813304 855136 809343 821869 818719 825379 810875 880185 835592 782106 851997 839320 835004 851291 802806 854913 835579 798034 872459 792353 843326 811814 838185 821305 830862 862788 808897 857319 884719 840180 803677 846757 846186 872979 809057 827930 820417 816155 789680 815791 855479 851329 861761 827673 849543 859184 840136 843753 830792 858716 842722 772152 833591 756418 801872 800602 822088 844316 824176 832213 832362 828433 816434 808946 841630 856725 791843 796797 781047 863649 879153 797748 838105 844596 820775 871995 862227 808565 870603 872908 832660 828919 814199 857411 845578 805966 813627 847304 845869 863805 848616 777240 772963 836053 818533 820469 828485 820357 804617 887672 810824 801776 846791 874206 842319 852199 818312 798021 812272 826719 851925 835342 820235 844030 765607 790718 828289 878289 866612 877549 823391 863501 848927 853353 814052 798647 822187 843339 821577 767016 786051 797981 850117 822595 787559 808971 901214 789833 791757 805576 836540 819479 851232 
801594 804412 824148 814952 813848 852344 856869 777951 869671 834774 881067 849915 766730 832901 825909 799068 832360 809002 780457 821273 787768 789804 798407 795739 802966 822457 815406 802669 789765 796273 770994 749834 814837 794368 843243 813973 857038 871986 763265 785383 782040 771508 793925 792942 839673 827785 792841 816556 804132 774585 846257 805676 845267 842119 835942 815142 801208 839867 854525 809059 749768 804401 800194 823048 785828 831308 797749 809344 796962 821480 865356 788864 789378 861444 805069 857741 824441 755905 842867 825880 782111 824241 811180 791946 798861 895459 807588 893309 831299 815901 796023 845650 781504 817083 863107 753246 833114 782768 772083 837855 837071 859540 804311 883878 778476 849251 837067 801654 791056 784282 786779 856476 828916 823815 784051 832800 858915 841212 810503 863950 839644 845844 795082 893132 782388 841556 816118 825963 848831 842438 859322 846998 808924 798909 840438 789538 817383 842393 830029 816666 871869 866337 808678 815776 780165 805423 822314 780015 869295 830817 813050 827025 807512 803397 812256 812348 822120 862088 770704 775201 816968 821237 799944 811678 844955 816001 810499 778467 813665 778173 860289 836034 830009 837764 882706 851024 796470 827501 836322 856668 802992 862609 878249 835728 812855 794080 833749 839000 802085 873700 802719 781534 801044 803921 806956 723817 834907 822387 855751 801029 785941 875694 796102 778380 818206 845128 783931 880949 793669 837418 807713 850944 765491 822572 877929 833996 816517 812153 805430 844218 794654 784324 796208 808904 827754 780399 800024 803362 833136 803332 850289 828517 809327 829100 840286 802154 826915 814348 794212 804342 885020 784746 758081 814711 815766 834049 841327 797803 842516 815167 802902 864072 782102 810830 818095 805031 828586 835614 838320 783461 827637 880867 825364 799588 802500 826375 847993 765939 818335 812948 800317 765872 792073 837341 828705 842236 820220 837798 863676 840662 813591 789740 845007 817156 752514 807915 772343 784110 800108 806556 830223 810462 814914 813187 815826 816378 779541 829067 792856 778580 785640 756434 835659 849856 797809 829532 820508 800632 811150 818694 809952 832367 863702 842055 812158 820260 846458 783375 825755 803505 822450 830162 822994 849646 773907 746589 823345 810186 791394 809280 817490 818624 855708 796333 801848 857819 810535 816654 803844 785253 784852 802704 813627 845878 787495 819161 835936 786424 780003 827807 846545 839549 878449 816378 838224 832187 861162 802651 812248 810757 837807 818415 734691 785430 803274 834267 792004 784463 826586 835077 803594 798634 799944 810648 814726 844560 
836812 797228 804992 806525 783786 785226 835087 734360 805447 804439 832553 847199 791438 785090 817356 792105 788649 779859 742603 819039 788160 763016 775209 764002 806148 822436 776567 791268 789162 786092 772656 769552 786822 774564 818899 815351 845123 815248 781221 753820 799683 799823 773000 815868 829208 823458 768757 791668 794654 783747 838430 789723 822684 841570 789384 808443 772243 863655 869853 782419 735519 770335 817263 797766 789006 827827 778708 831180 802591 808461 833364 765697 793061 829427 807597 836599 817782 775337 836997 816727 774963 806275 800711 779171 790103 882913 777172 853242 823897 798649 790307 771973 794752 813261 816550 742033 801467 752106 788643 814655 772015 834152 817412 823058 759004 824489 839317 804447 784400 784737 734586 823118 798792 805170 761966 837102 824683 840141 787306 841868 782195 780893 805390 832569 780941 824189 828255 806775 807127 821039 846765 801122 767910 791905 841717 767102 853351 828479 816746 819679 798778 876856 800426 843915 756572 777960 833029 769793 871665 806104 784891 825168 783969 813597 785796 786285 797888 824546 774564 753334 793408 789496 772310 807869 846103 792925 785895 787137 784101 766073 839842 801307 813230 829675 851808 838005 775106 799375 845712 844928 760720 816758 870342 777346 826239 801760 812271 806869 775629 864847 805621 797509 808746 793975 783337 755255 807497 797571 845210 800950 787795 839070 765330 766460 810258 818534 784691 859822 806473 829632 739346 792421 748884 810231 849623 786552 757168 800962 839635 822972 751258 786543 793111 820783 848774 791196 831522 778059 844408 772335 813752 800396 816754 776560 824192 783430 791091 799673 764811 801263 827415 773042 726123 804814 796084 828279 780547 792454 871429 819178 809708 811073 776258 813580 797144 819672 814320 793956 823607 805158 807131 858762 784949 773156 800920 841069 825134 786960 771222 812415 793221 779510 802411 797476 802887 797030 807056 814684 823200 820162 800140 771462 844623 820600 727940 800454 736398 752091 767955 812729 796575 845403 790174 835773 804648 819508 807801 874081 790243 766975 787384 748842 821723 808566 763363 817337 797053 766405 787700 834133 781056 827264 821732 825916 824271 783908 831773 822207 789453 800893 811887 793090 850605 824843 730934 776251 826521 755950 799812 804982 811248 799603 826824 823167 780038 860479 813628 824067 785088 789223 747360 791645 809178 807381 776745 794571 830656 751322 783482 811639 827758 845513 859754 789861 847012 806829 833152 815139 790875 805674 849337 791846 750806 787119 803108 815258 822638 761446 786240 837278 803900 788506 767496 809507 801754 828427 
780664 771146 821364 754992 780195 786023 837742 736059 814967 811055 822814 821188 779749 775400 779411 792560 796932 758579 754400 814382 741373 767457 771154 745818 808617 810820 767613 776938 795988 766363 778981 751518 777425 760030 801959 799762 802052 824602 762586 726023 791781 783558 781621 750021 837292 807578 786879 787179 769087 794271 818638 789949 821095 817120 803740 809318 761808 832303 822616 765059 718797 789129 793169 806179 778096 814387 808545 816659 795438 804622 818897 756999 766165 837537 787353 820970 824013 751129 851301 825008 760888 802304 777907 802602 773718 862325 799080 853420 810062 780269 783344 804087 775697 783794 810102 750613 792722 743020 800092 808543 800121 851038 779167 846126 773689 819517 816375 795535 766172 780018 732399 821654 794456 790743 731801 823120 822990 854982 784786 814732 758555 787635 750448 857036 744278 816132 810925 799208 786149 823807 843779 788506 771561 761737 840094 776164 786002 849782 828694 798620 812695 817954 794612 783898 753584 777277 847202 785211 805310 797541 771386 807334 792717 785017 812969 800461 813838 802560 761314 702119 788295 799013 765974 801385 855004 796734 764684 767960 789276 753440 846820 799710 845148 811475 872493 818087 830532 814960 795743 834721 775429 828144 856562 782696 822287 776470 795345 814452 755705 827487 780011 771552 777197 752062 774087 727228 821672 790732 816421 803485 782067 806400 772252 758398 807124 797150 772791 824150 783376 820509 770947 782260 756358 817626 857875 800794 779826 777832 780828 841495 786037 742885 775845 808691 812295 777661 820889 800386 821754 771969 853899 790314 812382 805367 822554 768335 763692 791743 760512 746664 843202 774014 744579 784114 789305 804338 804340 749873 825234 786571 748015 793222 753648 785013 770912 811168 797893 808351 820450 790102 790899 841610 798752 776376 809292 811348 828704 761977 787028 795357 751726 760840 776046 842649 800192 816534 799731 776416 816351 813028 776840 774364 820963 780918 753504 791507 744504 755920 759475 800379 769759 804796 800577 789256 779235 780604 807375 808526 761694 755720 782273 732423 821812 822697 782551 809695 788199 768138 807692 795217 756323 828100 837953 796107 786548 792026 808375 796495 768288 822988 778979 788206 809148 813386 755966 758536 804370 776184 754226 789587 798645 798856 844012 778045 809756 853744 826129 787433 769679 766720 758800 779433 774925 805615 773659 761238 792255 729070 756380 816266 814466 854978 835014 791143 813882 812738 840042 789635 821633 790442 799781 774605 769024 734271 765771 840345 778753 762187 799654 820758 744216 783521 742071 815412 787992 841931 
805976 807726 807671 770593 795445 828768 803053 773289 809080 806028 817844 861113 775502 812485 820811 789809 784213 787789 710741 808801 789712 779760 774231 777873 853246 837480 777627 774237 767965 760370 762411 763455 788170 769014 804192 823844 810022 813015 780733 738475 778542 802318 786355 761188 817305 835984 773363 772696 816714 797419 809429 790231 804135 818504 798924 820487 788718 880608 845347 777020 763965 772897 786766 815694 789518 792465 806208 775905 816564 762157 819531 751048 790622 823519 785484 843575 810122 775121 857639 849079 770660 822025 780583 796399 801635 869699 799647 817709 847039 816262 786921 770852 771987 813430 825341 724340 793163 770891 833212 781824 827901 828865 821199 858513 745818 831698 834276 805836 781327 768393 775235 849690 785194 805090 729323 830727 821085 817993 809378 814313 797988 802413 818644 843663 804877 828354 780638 792500 785776 838408 827511 805239 776056 782823 813898 762800 797661 834656 792771 798539 815940 867431 784611 784708 747478 798759 820832 783788 850982 804553 800491 807456 800241 792361 799775 807075 804761 829827 749379 763976 776752 790360 759805 780682 855703 810779 771185 794922 787458 755870 816220 791681 834941 814703 820128 829796 755887 791126 844596 860395 747392 813275 838888 811170 795714 742193 815757 801829 758219 827947 817822 782253 784949 789310 798823 745210 821727 784975 851865 801133 776024 840459 799982 760957 809411 785063 777921 857360 782885 782204 773750 814206 763507 805807 888334 824553 762582 783604 795677 843047 758239 745836 785325 793085 831540 790974 827687 787779 851131 781833 852029 798541 795453 769220 803007 764191 800373 798475 740223 788366 818152 786815 704199 785021 811378 816823 792835 776341 832505 787801 774225 799427 790004 813021 770943 801966 810763 811502 794536 782119 764936 835780 794478 749666 815927 845629 795036 772273 796189 786014 765092 764482 802832 806823 768712 794520 787653 798615 828129 839115 787495 786600 823737 793959 737248 777734 742972 763769 782560 806632 836941 818219 774380 818995 808038 810824 813188 830712 778840 768679 784777 757425 818377 809070 808964 776136 776737 763278 785958 807457 762201 778648 804018 811138 829318 793869 806597 814295 777690 803013 798870 791357 847058 786828 747754 740861 816384 763128 762751 773673 803176 790421 838427 770619 789208 846179 815623 769435 787220 753182 770645 814278 773994 805842 769915 766112 798817 757500 749034 813771 826218 845081 864526 794556 829642 812300 826585 835058 799423 794379 807975 777232 714810 773010 812863 816963 776473 776252 773960 814489 816232 786365 768290 795352 810524 839721 
803134 796163 815807 760027 773019 811305 816105 771001 853154 843063 809547 852361 769499 802452 795645 787349 823220 781547 758143 808006 779883 771826 764204 774617 811184 815177 788073 786142 765680 775839 752880 761219 775988 783643 812851 827256 830226 822730 781974 753646 786442 793558 773119 775773 823999 804006 753759 797947 808221 781176 837446 791681 814348 850487 814549 797153 824916 824410 874234 761975 734469 761167 771653 829249 780509 810327 770602 788802 780224 767675 818636 752968 771463 862747 788369 828212 818367 743836 859979 829325 784052 791894 801064 759744 788779 869505 764829 852427 826014 780117 792712 801986 794051 817847 825324 747512 809213 776598 792793 797358 810680 843696 771541 857034 759832 846837 832654 795581 809105 784116 734283 845740 791016 788266 742059 834650 840146 841674 768376 841168 774056 801841 776966 858963 785772 814862 798392 787906 820377 814247 827451 810423 731452 788749 840912 807757 803385 850958 835059 799469 813089 855289 783020 783281 751585 774268 835805 768677 852565 797573 779740 821899 800708 756285 814533 791211 784397 824643 760964 742118 816599 784669 798659 764319 850605 805104 810409 778402 797132 761005 828506 787560 788245 858269 851582 800775 778255 788608 810813 862776 770967 820367 847243 804747 777743 770091 825064 788597 755736 849869 762311 775977 800486 764852 783048 706808 810820 794548 830096 816285 750886 830053 777452 763802 795072 818815 786722 877107 798605 814961 768260 839874 776039 798846 846210 806044 777063 782448 814307 802351 772172 754648 779911 805174 807816 763994 815414 765382 824488 766506 842269 790561 799922 804479 818509 793393 809847 803871 761528 806493 878295 786302 756470 788835 781422 795336 809958 787279 842346 787106 787995 855480 780587 821872 791203 819609 786276 807480 798231 776656 778722 845059 817870 747455 781600 793304 815966 772752 795124 789134 786460 751327 773467 796066 804784 797321 810826 820540 816704 838566 792754 779344 866755 796959 745768 808705 737922 765589 782097 769458 764109 811889 771248 818214 788905 805844 787757 819779 777531 742042 753741 754219 812063 830446 753977 824530 807873 786135 812405 809584 781771 823406 855804 794418 799429 764656 800191 777414 789116 781271 775670 791438 829316 812697 765125 750740 807786 794395 770979 801345 783194 763498 849323 779016 790371 859942 821475 810113 778732 792524 789793 778687 767587 852432 795617 784837 805383 757750 735970 830022 827281 830316 837188 785867 810726 798629 847221 780118 792302 792192 831708 813883 722168 770706 785498 838059 781983 763178 807840 820756 789703 785008 783845 785163 791905 789411 
827565 828784 841735 787998 794025 832430 876677 788835 815950 819436 827857 858642 810714 794981 806609 780951 809957 787219 750241 850344 782782 789044 794849 787159 851732 842459 795691 823389 789738 788908 773687 767175 815379 785548 807958 809050 846549 841703 799310 737652 801763 795698 771247 797935 845587 810718 792542 790942 800772 778066 825551 815548 815909 852399 792912 819642 791513 855778 867470 808249 756190 779772 828602 818346 761406 838046 836005 855095 814886 843111 850789 777852 805535 847166 794187 830211 840698 770614 866140 845665 767554 835288 817943 800402 769198 891378 801826 875314 841393 811060 808276 792181 792676 812727 808762 744315 817004 782944 809625 810438 802723 854754 811215 886277 789975 878674 833800 815877 792983 797255 776092 850717 801721 816440 790950 855876 840685 833604 826980 840287 816679 822522 809282 845481 784979 809038 850473 812247 796001 839963 861864 816101 792259 767832 818263 800762 809955 837044 857818 820357 845973 869424 821617 810879 739771 823208 820912 773761 875281 805300 808077 820783 794738 781132 816979 836587 840552 793133 799286 761604 836990 821977 773300 786141 874995 803819 830131 801180 822972 776712 843602 801533 857308 869144 863942 827087 774412 809870 820482 843195 762993 826386 881717 801964 797896 801625 829057 824438 752304 865459 794434 805081 781719 778736 782211 762208 832908 816056 852747 815365 779647 836657 797352 776888 799208 822094 794101 849046 782833 820545 790513 829897 761585 835880 875788 820638 815885 787479 844345 855602 791136 763965 768786 827331 837368 794721 819548 830377 843119 794839 847075 816729 831133 825567 832788 796674 813847 824544 767851 784328 843857 806297 760711 811124 806339 813238 796187 814041 858529 861981 781008 864736 805868 802972 853862 835466 829964 821241 842743 790951 817767 843509 825521 774919 842168 822754 820019 780764 817633 793450 796101 796598 792824 829413 805029 815756 839597 839094 845788 844039 797493 808682 837896 830587 770020 796266 766576 747518 775278 810933 811413 805882 831893 831992 802771 796996 818074 850482 791840 764224 785902 735987 856393 838413 802547 790545 809292 819664 807949 837769 762944 824743 863594 826294 798065 789328 817936 803975 774061 809666 842155 806746 851721 843834 753926 769055 821342 781235 793242 790518 828437 809960 846486 777311 789847 848706 833966 819226 788022 758158 799570 812806 825096 835586 780206 791227 806045 751624 773293 786529 849095 836040 854989 777414 833238 819294 847293 818027 805468 772569 829774 803955 756154 781620 775056 843873 787139 774284 816249 838798 802925 804767 790407 814944 817510 845231 
819187 830310 803206 810778 811417 817349 840040 738652 805583 794187 842120 841595 785897 794737 798913 792059 812731 798947 730375 829124 810695 767505 790925 758394 839334 838868 792003 795693 764830 775633 756346 744919 790004 801896 794027 820453 862202 821658 806570 756730 797664 771999 786324 777806 849864 816584 771098 792462 799523 778147 833424 804846 807045 842227 794433 808101 788118 837567 851452 792983 757511 766249 820348 834583 784561 813770 790271 819410 807927 814333 828459 746633 792307 831256 791660 825420 823321 779572 862908 868993 785056 791211 803271 780138 792154 878341 798939 830400 833691 784485 789015 790313 767276 834456 820103 730803 775709 798581 815034 815496 808351 881091 813484 839632 787415 850148 805971 827244 787223 798997 729347 844557 814930 786582 745712 860684 826313 818263 793620 832258 791327 795138 813368 829108 785220 802959 828371 796699 805336 844296 821751 819542 781809 787604 810714 789168 846762 831357 829757 806860 796752 836357 811021 800675 752316 809958 787461 752415 835625 828209 792385 813033 795121 806809 813152 820527 799855 809405 759237 722231 835479 828432 763085 790738 842640 824227 795093 815945 785957 778590 832486 829748 813512 878667 833417 817452 777292 794636 809495 860095 766165 837169 846364 793785 784279 773830 844768 808686 762402 851654 792421 773634 786945 774576 765385 706373 807406 792646 839218 835624 759415 839275 740373 756616 780417 789906 769767 861116 785148 819268 766214 822212 759351 817531 840185 795128 802417 787181 809350 843295 750305 761867 759948 816057 783923 779091 830445 791090 839990 788605 829198 833067 821882 794426 822206 784656 794989 814256 756978 798420 856697 809637 768122 788509 825618 808456 804630 807849 837179 825617 772906 842234 807898 826557 787909 819896 819710 789381 820901 763066 809670 856786 814229 775965 809856 822648 804839 777018 814488 781768 795742 752458 757941 797740 792129 804219 809558 808338 789371 832215 788663 804733 813822 808588 756203 811817 763423 763470 792506 840947 851062 801075 776411 822523 795962 813015 772777 825748 783220 780158 781428 753640 812761 814718 797855 820736 797290 803852 811657 816331 769452 806477 848046 807106 815673 797337 832782 784117 808837 785365 781311 795479 839384 815066 736919 744145 821990 776507 764622 807177 790833 809393 846222 784755 783629 839110 842194 803538 802581 771657 782043 797521 793504 833830 791436 764429 817030 740441 734932 773152 835347 818201 875907 791199 819935 797349 854487 800234 817731 794762 833606 796516 767343 773083 783593 830050 790886 787143 800831 835771 751924 763699 807146 803935 796513 836040 
845874 791304 819000 767149 801858 806257 824814 750199 781937 807161 809414 815454 760569 807958 801801 791972 755239 774983 720115 837505 765265 772595 727481 768570 818810 822034 780693 802708 774254 756629 749922 746799 752406 777078 796127 792076 800600 786001 750564 742589 777937 774346 768697 771719 768372 801433 780976 756708 803399 793898 801030 775655 812565 813443 790105 807016 756403 842545 814967 767609 720847 738238 796580 802564 741369 790075 814715 803972 809159 775518 794968 766300 802182 828832 791211 812797 797276 748676 844530 810221 788398 798638 771929 776270 780464 850376 789537 821410 813078 803496 775861 765044 786347 783510 788342 726417 802848 736031 798340 799766 822409 816041 758326 856476 746831 833452 843494 800750 783066 812638 744040 840664 767667 787268 733972 802010 835801 824778 774763 840993 781554 784165 761744 817657 750638 822333 768106 791938 807068 813660 830659 818007 758278 789559 803831 743304 794322 832118 798037 835769 833421 814783 776427 788700 752611 779238 819228 729215 812106 780611 777668 810942 766601 775303 830548 787077 794786 822416 784108 720128 814255 764021 767548 758684 822437 794476 795180 772406 776867 773607 802919 803582 812156 824661 841170 838800 751581 765216 785308 827872 738650 824488 858758 771926 763657 761052 791234 820202 752359 854353 785526 757198 769615 775350 779923 731942 808960 758578 824616 798621 775781 817289 765855 750820 811898 785431 746086 843872 789144 813877 779001 797137 756622 802819 846699 779927 774871 761702 785618 837368 775644 751514 747736 789235 805477 761417 795855 775949 814823 770098 854036 796486 797166 772772 814117 783176 794055 801016 758116 803221 838598 796365 726491 768673 800469 796744 784254 765217 827731 789767 741617 801985 794304 815700 799740 796474 765802 796274 806076 740533 827629 856970 794232 748180 774177 811510 777676 746747 768890 784951 771419 763502 781551 799536 801351 783571 765374 770521 811073 815710 787779 783948 813666 785645 722161 788860 744059 768517 785827 784353 784910 767346 783593 781921 786577 790892 794794 838479 750836 771131 764913 710061 797719 810566 772591 787278 798021 788347 794335 814280 772841 820365 845430 771472 805254 778512 802862 754001 764588 772953 765672 797023 820749 814065 750751 737108 793589 788997 751632 788380 782338 793570 860256 812603 814518 840748 799838 800583 789255 742244 782770 784870 813292 804822 790200 784744 823569 725107 741626 781726 823157 819677 843674 810823 808705 782647 819754 813069 778303 763097 809994 797847 723877 769587 764398 799162 778526 752361 816120 807438 764578 804631 744343 793602 765360 816381 
879320 841885 834468 841084 838974 861195 889545 827115 883848 838730 895033 879452 815457 851720 849489 832915 836345 846870 785746 863372 842159 833514 835551 815401 881117 863143 837431 788977 861579 818420 818022 790762 810561 822502 839282 871907 872773 867628 825444 827471 811428 835342 843450 838823 865305 889888 806980 841703 854559 836438 896879 821121 853664 888459 862804 840816 815874 883092 875564 825945 788233 808157 867388 867517 818819 848527 842026 865649 877938 812561 867380 797118 816274 897947 852537 841600 843918 816955 891747 852697 831685 836053 835447 813357 840061 928063 840720 898841 876529 847084 813172 799791 796935 854154 885248 766596 837986 817124 833854 846500 856593 878224 841043 901371 821159 904462 889216 847430 827793 787186 779254 907992 846195 876764 799818 871937 886653 878162 854050 878925 856965 853380 837698 893726 823813 846572 831616 822520 866393 854598 859122 886332 815896 835782 881835 820817 834279 858412 880827 870503 876353 903692 841871 879753 801701 812704 856717 816152 879263 849848 854878 844116 844178 848029 850247 838022 861921 882415 815657 771248 843171 837719 839471 833399 881278 865014 800940 844771 825952 826111 877379 824467 878552 873279 894828 893426 805614 859407 881481 892518 820580 868953 901293 847678 850874 849287 864777 874773 808598 906938 835129 813552 858108 846760 830138 775517 834244 849296 924782 855639 814253 890955 796284 799897 870238 824132 810967 924004 833876 824527 807321 841343 802274 851412 924748 860333 814747 826513 831426 890448 779369 824724 794579 850109 878296 806075 874734 825338 904815 823542 936331 828544 871070 864304 867441 821127 839851 842013 838269 829508 882957 846095 771858 830302 850414 841373 830787 837123 882362 845234 813742 855796 842966 872631 859502 833417 882078 860212 865835 813109 853622 916905 847463 823944 833254 865541 877803 821986 847338 839323 851486 812475 822788 844063 832285 847329 851998 849127 845526 869999 841572 816464 850189 856993 800410 864757 804980 816323 845155 858420 876082 846176 859845 870150 829217 856246 833161 867458 851450 825267 815844 787703 866293 849042 829920 867054 853814 825606 843029 882872 789569 848320 905544 839852 866263 838900 883294 841201 856194 834692 852002 875268 874384 847846 782301 792211 893913 815091 808246 847279 875853 864272 893222 830500 822157 870573 880524 846568 858005 800266 779847 831997 858035 857819 847284 853863 835161 788806 794081 863875 911623 843493 890343 867859 899231 854036 885752 859486 821211 825664 866282 834913 808593 832853 817860 846964 859830 805884 840482 858011 856813 814828 845403 854715 827940 874205 
821497 841115 834927 817631 822802 842365 856115 803615 842336 824910 856022 859029 774665 830215 804358 823732 826875 824754 758636 861580 805414 791878 795112 793653 846763 841439 814721 840333 783966 808699 811349 783318 791811 789955 838330 837823 867083 848082 766363 799739 808629 790166 804697 800574 824551 845027 798190 804282 847680 797653 848947 822578 847076 854427 812298 830646 810635 848918 878226 814914 738229 806619 814394 838386 819374 818111 827327 805077 843658 819139 848392 799515 835308 843166 790776 864181 828464 760045 849729 833696 810278 815917 825027 772907 810954 899442 796613 867574 845486 819580 806988 796702 823847 818501 822931 754762 824321 793973 821701 790671 817366 840058 801907 900012 806737 854334 845957 827542 791400 814851 774087 818305 799716 815743 791800 863281 874070 841926 812664 872566 819137 838929 827248 886238 804764 807666 872243 817074 831394 853332 848245 817180 829719 796555 884238 795118 845041 847494 844190 844773 827170 860579 801267 832714 782737 812113 842886 773542 851370 814924 833459 835370 789739 814183 817109 821340 831341 847781 781363 747134 855230 799967 811076 806680 868372 828838 811868 827314 840751 811688 828043 811973 852680 852732 887769 841237 761669 838798 841764 874552 749010 802245 867143 836531 797246 803511 846630 810947 769659 866932 805988 808067 838910 802334 833493 762176 828728 824229 855056 829130 804556 866029 774930 757679 804910 809716 793284 868154 793859 849242 806410 845526 764739 805445 858892 847281 782846 820725 829060 863752 806901 788820 792910 840465 858202 800993 824452 810348 868593 784759 853367 809107 832866 798976 838344 790435 812409 828447 762368 796382 860249 784943 785151 830201 837416 832776 802837 792732 865228 821305 784960 874516 778052 838415 814294 807294 819448 817934 859363 779938 795748 870713 805581 781069 837299 839445 820365 781261 799061 790404 831119 786182 814573 822861 789311 827651 809372 843541 853813 836828 804138 820834 836399 815928 748137 817170 756882 785425 800604 843960 836825 805733 825430 828403 810827 821071 827530 850205 795025 770619 821379 751219 831450 841931 764617 802549 830372 795499 816543 850184 793587 824688 846064 810928 832170 826204 822640 813154 805336 790391 816226 828425 851219 830893 752853 776030 822649 784417 793386 808471 785218 826544 858126 792402 814818 867619 831076 825270 796080 788098 796731 810937 809409 847931 811474 806566 813910 756844 773735 807633 855729 834058 891303 816901 811378 855019 842941 829324 824092 807560 858207 834918 765771 820054 807789 828400 809772 770170 845726 830266 831370 835468 810662 843601 796764 836949 
851686 827530 869297 790326 827376 828539 863673 774097 847351 812530 837247 856925 798304 821530 828786 805996 809215 784771 792003 857176 793940 763777 793245 796508 842349 841029 815727 827091 812710 821012 794357 797664 823950 808276 810392 832909 884591 868108 792690 769179 821002 807841 764048 812086 816944 811169 810441 820578 846082 822797 874354 820703 841164 864923 813177 843023 818377 873713 866152 798088 777373 837206 819950 834704 790690 822360 822996 848370 808521 803514 864170 784497 818265 858734 811112 869133 854203 750680 862713 854503 781954 839882 823937 784778 814597 861843 781798 869913 870664 842815 804659 830518 792031 800480 831339 762758 819187 776487 842242 811583 832389 860397 803396 869998 811825 855673 889391 822706 813887 799011 782088 874199 833332 828956 794680 858297 852705 885146 791753 881918 819931 849432 832934 913807 809583 846121 876730 811485 849085 863822 854353 823002 823796 849779 859110 791758 839385 879226 866923 844246 829319 876506 791272 834019 772275 802226 837372 775047 882962 814735 805280 854650 807141 811493 821416 850371 832582 877186 791178 764762 828797 799507 801096 806324 859637 839336 842819 837955 849400 810712 872219 803147 883972 860053 921936 863832 809814 803291 862299 878503 788668 830932 891586 834845 827760 822042 819555 847552 778896 889848 835776 790942 820211 803677 791814 761567 807216 840675 851363 836975 813546 860260 812108 770555 848267 824297 770485 885238 841254 841807 806734 842585 779980 839479 890563 832374 796536 798463 838782 855471 812702 764426 811357 818846 843323 786464 813289 819171 863484 804321 864926 834000 854923 770400 848190 838415 832872 851626 791947 815399 880171 824088 753095 829859 823407 836500 818704 812329 867553 816216 787098 842448 783589 814088 794109 839668 840923 848389 847527 823643 823439 844724 824605 828026 843337 797878 844637 792967 817386 846657 836682 754101 812095 841452 788622 836247 808734 848576 849543 843549 813075 845280 857307 859908 776130 832094 762171 805705 771820 811644 800293 802145 864950 832604 806329 841292 821633 871012 775700 788519 819083 745586 851445 845120 795075 854601 814107 787894 858841 847323 839239 850503 870395 825756 841629 807392 856239 811507 824787 803906 816876 799155 846747 819565 772362 787744 839298 796959 820615 828395 814879 805216 882321 819326 793645 875383 847197 836262 829359 802511 796728 770905 844664 866704 839097 806418 837225 758328 780733 788712 859028 862853 859867 794868 879673 847858 869991 833903 818029 827844 858760 839479 776262 787796 798761 852189 802586 792036 832370 865804 812394 847627 798003 829662 829134 852899 
845507 858703 857662 817440 815576 851807 873838 798785 859385 875174 868093 857560 810786 845329 817588 804850 849039 830902 769055 846828 808406 830035 810620 803553 853651 865453 813286 817954 823419 810796 820526 815887 812329 824447 819181 874002 855167 872716 827916 810875 845767 820547 828800 838259 894121 861553 808973 846285 833717 835141 874112 846677 861080 874293 849336 835895 813121 884104 884848 809586 775899 823690 826316 846571 811116 818378 862242 836966 834097 828599 858837 792458 824677 898127 851568 857322 857437 819452 879063 845353 798334 813711 825587 810055 817176 929435 820251 872520 854825 825457 833004 849314 828624 838651 865272 799859 839094 813410 860056 837400 860785 875586 848511 897318 816269 901110 877240 843661 857270 850483 784474 876107 863364 850387 789202 873742 885126 874531 827664 861007 855323 841023 841360 907763 822722 842499 833454 819281 850406 893697 905718 836969 817335 820845 892214 814724 864547 865340 855878 869276 874414 900314 818954 838643 826801 840527 846983 810566 878589 837791 845868 857015 832792 852221 838533 809888 845220 860444 809145 755227 849971 861321 808203 838252 877512 843046 832097 839557 850224 801544 884931 840955 880784 883680 907623 881708 820098 840201 855090 869225 814570 884943 910988 847644 856804 827181 865460 849966 817857 902420 832812 789903 845074 839083 841309 763953 823012 846063 867659 828747 826787 862195 821948 812950 857281 845003 793791 899993 851253 821264 809752 823892 806360 882875 897522 828992 819925 835054 850557 889376 849270 813252 806932 878299 872501 799460 831318 874300 897334 803166 884470 852778 859498 816139 887139 827276 844447 856519 788289 838361 912105 825749 737003 831932 842422 845569 852158 811551 871573 861664 785833 881649 829323 867500 839531 813612 848626 875081 852937 823570 844021 917637 834573 833647 862958 864680 864792 813758 834588 861635 829285 817908 795259 863499 840909 872227 845579 841595 857784 887716 811355 800388 857458 816585 785892 821085 830878 806707 817070 844227 848997 827637 837546 862302 829892 842003 822308 878410 822051 811799 831773 779904 876692 877893 776446 846663 845964 866118 842774 856286 805393 867065 889516 852126 846583 819390 856793 834411 819891 838095 842592 840330 875693 849564 760684 795277 873940 843355 839158 874735 834507 853919 875910 820371 848832 883120 882157 854244 810967 816021 787249 845169 855151 839422 819746 812808 862176 797711 802194 864837 860089 855987 900482 798761 833348 850499 899812 842931 841387 834877 877497 846474 785176 800052 831852 873642 835727 803260 858009 878106 802343 831942 811125 842189 835170 859654 
808818 816593 817450 753325 772690 805326 807010 784089 843171 789072 817999 815797 737598 814539 771911 787763 787784 777822 750052 837913 770621 767670 773406 756191 814866 812730 782616 788323 773625 749689 762844 777316 753638 761678 777706 765946 843607 807003 759608 755920 783847 789064 767560 735621 819625 800285 785058 797369 808421 752791 802713 779404 810175 834855 819987 795425 765283 829800 796789 769336 741009 752955 800479 823879 749848 779524 809381 799595 811320 740244 794121 732908 767919 853045 771123 839804 832574 758059 820964 810882 767767 794468 799814 785116 761670 849901 767851 822492 836872 780430 784110 761224 811510 807955 829682 711492 781805 732606 795423 800668 809670 826728 792611 846289 779247 847724 816914 789653 781561 784586 735943 808222 811374 797067 755401 840957 842822 793412 784979 852871 815914 809088 811431 830212 777807 809895 809332 777042 792162 861446 819709 769561 778869 743297 834473 765125 773409 857526 811561 815682 788853 844364 801004 784327 742139 782012 797197 727378 829060 815171 807421 802417 780204 792084 811119 789400 777907 795744 769892 725259 775862 788863 760043 787449 840469 788508 794919 807898 813728 742048 819148 785924 828906 815765 848600 820041 754228 795144 797319 832658 737840 813183 850269 811089 777119 791491 814859 814159 748897 854815 770037 774947 802151 753613 771047 726608 792619 809485 829328 797120 761792 825611 759204 746658 764086 791586 757097 854369 774075 774551 756247 799286 761272 790708 866091 786098 797295 770010 783265 846137 762567 716028 781664 769655 805226 778499 769619 777443 834162 766122 812587 790481 791578 783333 803796 777904 786918 794014 783862 780220 812150 789568 740309 796557 815025 803470 785853 773841 831004 787523 744770 816671 775197 816118 796572 794059 805657 789892 808536 730637 773128 858784 806576 794804 781297 822832 823428 750919 783833 753414 796800 742077 757586 821392 800955 798879 825681 789099 803218 803437 784279 798996 813724 800893 766477 792535 728570 786220 775141 814353 819564 791259 805984 786137 779890 791062 792455 799836 768496 752985 786363 742273 810417 847849 767103 778000 794287 771023 801932 789663 761356 804811 816863 789743 805858 803140 836237 773124 789668 805053 802062 791124 840498 777048 742122 725288 813070 766523 769441 787826 772293 832468 837128 794584 763539 830387 803403 817610 809913 754420 785533 797928 820004 825800 815723 785861 813196 750080 749562 786275 846528 834526 845113 749261 796051 787172 841134 785041 794449 792017 806521 790048 746001 771237 763529 815555 782631 760824 810383 792452 776848 760927 772461 783609 825876 825871 
867079 852054 871655 809652 837599 891713 876629 827819 849336 849736 875169 877658 820534 865199 865262 848060 865600 824288 779042 874785 858565 864975 794678 815026 886203 889284 845501 846548 838559 818742 843893 813972 839783 830612 832885 910289 882868 874464 842508 829281 840620 860510 823956 843369 861681 863259 853994 820641 847137 814072 851306 830872 871688 872536 840267 870706 826288 909706 903060 800761 775504 833164 840924 857371 820555 858257 855459 879338 869611 879723 887026 821521 861157 899058 835764 863116 841215 806840 903423 853407 821588 862751 865710 840432 840708 943022 854844 893800 888096 873747 837253 857677 846532 847978 872861 801526 863564 846597 856964 846827 857102 875367 835493 909518 805798 897637 879968 831234 840668 832485 823725 906576 840197 861403 828548 881745 877665 862684 845736 931372 850921 869195 821342 899848 788170 855887 893919 860919 848555 890908 882342 856242 817044 862055 942672 802796 865369 899185 900298 855547 864737 886437 854886 874809 804306 859322 886027 822565 894284 855496 860117 875960 832946 830383 868214 819641 863460 865024 817893 779467 855799 828504 851930 823790 899678 868381 842486 852194 830368 811379 880837 867832 926771 879855 927104 881156 837710 846685 848304 904596 819864 876981 886136 851714 844840 819421 860872 848909 823506 885075 865470 827465 853293 832400 828818 787315 851225 852348 872416 859374 824888 928386 810672 829624 851748 855858 830192 893372 845616 860440 818603 864095 784215 844045 896405 861750 800121 831152 845592 879975 857584 805194 851817 840284 890550 856617 877353 824720 882878 832049 905668 846108 864118 855045 891753 844905 797199 869965 812618 857671 885493 829558 803389 881062 870594 877758 823976 865773 909301 887528 807628 922710 816060 860688 819139 872346 848232 888305 899667 837700 847685 902736 863432 800522 827127 875748 879567 817265 849975 846975 850291 833454 852861 852585 837282 903179 858824 857660 897941 870975 844045 868972 879612 857021 803216 837193 780865 809049 825698 839404 832523 842452 830163 849706 874928 849516 852700 910800 856064 829635 831636 780530 896343 867203 820052 837596 863131 832378 866944 860763 818182 889274 910348 837623 851651 841032 888116 843243 842982 816477 840527 827671 859334 865240 795058 778498 862203 835478 814762 872074 849457 837309 899699 876918 825846 941851 861706 851201 829369 843486 800311 818526 870978 851583 841487 830789 842110 786359 807465 857132 932227 886530 929725 839927 880973 882538 876787 885290 818043 838858 859561 840799 797313 851151 827722 896040 862551 806477 862890 902297 830945 834613 816592 844915 848371 876637 
797543 794601 768738 737810 775902 814003 826313 739074 806319 793021 786732 812721 787103 798216 781953 773471 785324 766939 726231 819159 768703 769541 732863 757517 822166 822613 759347 752485 771144 754227 764587 744522 771490 754923 781412 819782 853983 827805 750418 746451 776170 756730 756269 777245 827257 827041 776058 771965 784850 777223 789230 799568 813658 824781 788521 782771 764912 846922 818611 740824 726640 767716 811143 805332 767365 781174 805911 810928 790768 753933 816402 786631 754887 790076 757892 783084 811908 758598 827051 834448 766544 813751 792314 740711 785108 846207 795007 818864 805840 749691 772536 760485 761403 792860 804537 729356 795957 735963 796953 753819 777244 815769 769588 849186 772114 840100 844847 805507 790001 759155 720821 816646 783702 797305 736199 823882 815699 798798 799031 814105 774822 780549 789118 833324 745783 809271 806091 746258 786155 792929 823732 775014 746005 786903 831538 793385 789855 808201 794904 768499 771988 822464 777111 790300 727556 810012 811977 776578 821845 771997 779051 805709 777165 769599 809067 800157 795431 812218 766758 747350 780631 785197 756898 760590 837080 809735 750562 778453 791607 762619 813188 782902 795125 818918 820353 798678 749672 798981 804534 823925 735625 791611 868503 786430 776529 772749 810471 820499 759585 832337 799187 772074 773598 787932 759135 731074 800443 783862 810424 779447 755548 820676 800949 745004 805930 797437 765722 832218 768433 779787 732353 774414 742744 780097 864850 783631 764835 769007 811357 806620 734881 746489 755240 793579 794565 760819 798599 784584 823297 756389 825386 768867 813456 781182 819940 751707 790018 769925 766563 782458 821076 781872 717867 768892 808374 798257 785499 767558 838424 793537 733764 803747 772893 809207 773921 765329 820271 795057 816131 786997 763069 840772 751262 734967 803576 792175 790976 760759 796173 770007 774016 757208 767237 783451 773322 806993 795130 814681 798548 827507 786640 799458 808079 807395 730649 795997 724189 728653 765175 797326 770050 783070 787664 780351 788393 776327 796936 823138 784513 770056 766512 720597 796687 814161 787814 758226 775396 792375 798086 789300 725857 811836 810306 763530 786974 784032 790162 815566 742367 772678 784757 790623 808772 791394 748056 729806 791492 746051 782917 776733 809414 791058 835752 776810 782523 825568 793712 788966 767083 744535 742614 789868 794718 784598 806525 764651 791739 729471 713280 810581 797162 818091 797962 804387 799352 794736 826119 791510 778062 763496 793437 798752 728844 791311 774364 791199 778072 767374 766796 808080 783315 789416 763985 809982 793526 816071 
812276 816935 801373 765494 797870 802428 850576 768358 830264 822829 816581 839654 764441 841737 758692 836306 782406 780241 739032 855141 806073 793864 762461 802344 813224 803742 807926 809519 792138 802663 791261 764280 787179 799957 789683 836408 866671 815806 788649 783203 781931 794772 782328 802672 829273 805934 821114 798302 797021 803789 827235 804042 828636 852615 805056 834571 801904 856892 858889 810005 734972 789113 828518 815366 804043 806547 818762 808385 842020 784366 873366 767250 806596 851377 775642 843790 816217 773962 867294 810655 808439 820951 802476 773520 799650 865029 828054 858502 832920 805586 818488 780769 802838 812348 844028 757111 781633 778468 826098 802359 819465 835714 789135 857604 791393 850972 833670 805637 795545 792227 769427 819617 800160 810557 776988 859332 827782 824071 805958 850084 823620 814468 827130 837549 767587 812818 820507 822734 806580 833121 799830 794358 774881 797456 835065 801039 848427 854448 825219 856026 823067 847464 788722 817967 786998 789984 834960 751669 842519 825825 801175 818800 787703 804024 838441 818712 832093 819608 737820 757344 822224 812032 767653 813268 838171 822108 814868 809399 792862 757579 822107 825241 846071 826597 870834 850856 743809 767628 833085 866868 780649 859375 871609 825132 815153 792634 804699 837780 789005 860557 805340 821222 792307 792670 795923 740355 829859 800189 833406 798032 779489 838390 778346 753562 820120 794015 765437 858989 798704 833010 763923 818969 767903 805955 855339 832596 776349 816785 814177 816819 830841 768865 817535 834094 828767 772930 846646 800262 854704 771585 838896 804915 821742 831158 846877 797488 809271 804699 789094 810657 831881 801391 737032 800066 844505 843649 803199 770687 847951 806703 774265 836052 784664 853118 796859 819204 849634 801598 830511 816941 796321 869092 807643 800277 814749 813425 828797 795386 805840 816807 807916 781621 782832 828791 828921 792809 814147 824267 844851 825604 768756 830236 851547 807837 751297 795379 743278 788705 787599 816635 798426 802501 833025 827685 796625 815666 798806 852903 796541 765751 803104 755884 834287 840593 774267 833030 817098 769065 833915 796153 771950 828962 869333 802950 809062 851512 842956 778026 831046 788881 795192 824670 833483 815262 736559 748385 830335 791345 774215 818299 827088 795869 837622 805384 788997 841016 841843 846513 779086 791063 779854 826604 803452 825293 824044 798406 808410 735952 763627 804556 844761 845142 876768 797171 844969 809617 838578 824413 815784 806150 827015 811981 760094 806214 825004 828285 825200 781848 805536 844718 800728 804086 789149 845285 797540 839790 
833890 811584 821627 783167 779976 812026 831555 768348 857087 843417 827078 868394 810566 812251 816263 794897 813319 774036 745547 836675 784266 777808 763684 788013 825629 833768 776541 810533 800625 781511 793336 754485 816019 805350 805804 834939 820069 836168 772960 740113 784925 798879 785524 794271 851845 817601 789765 781409 825612 789582 846775 812703 858605 870280 812665 795392 795027 833196 855386 803954 743905 769089 822999 838329 806341 841396 811294 861592 815134 818887 848192 743647 771015 853760 810250 848940 808023 773493 871454 848828 754623 813010 807302 778786 829091 885615 817259 845820 824895 810610 806055 837674 799243 803861 848548 741649 815832 794859 788441 815576 786929 870854 808951 906945 826068 853086 842730 842915 796867 795469 759897 848900 794605 824680 772061 851246 862915 856442 806445 846953 826367 807806 808655 873390 804090 843989 800082 804570 817508 827731 831317 815808 803662 789879 838231 815768 811916 872492 841238 816181 816806 850388 809136 800950 771639 800758 832016 789723 851467 804034 807758 817252 806565 824839 820077 804881 827506 861282 779173 724672 830363 785859 794487 807330 856914 798513 811589 819735 776231 758919 848731 791128 848452 839087 871210 823484 814114 811423 813547 863910 792342 857724 872703 832109 825523 811667 821585 823693 782621 869682 820775 797576 802082 769255 799047 766414 873658 821146 847755 831104 778458 817727 788324 764056 808758 823109 787053 850193 802173 821407 780196 817541 775133 842705 868622 822990 780453 798376 831320 855544 790463 772614 799467 812801 803909 785907 818533 807131 859584 790043 852683 809486 830440 809991 843940 802845 800682 813829 765368 804830 863483 799766 773960 828140 834674 795426 801949 779500 837161 819450 791721 842715 774235 836090 796226 813385 797664 836843 836096 803071 786129 850759 803208 802158 786318 817097 858575 753610 812496 815539 798620 772824 805342 803584 806976 826170 826805 798119 836968 847079 802844 821631 859834 800646 741086 789938 786983 789389 770985 829575 810699 812869 806380 816923 813992 824884 832651 845333 796370 775212 790739 759546 836494 814906 759985 786099 802595 784744 841401 836859 790878 833670 878513 800907 820495 786132 844302 792717 817602 824112 806403 836352 826241 829133 786953 766504 830519 801195 803049 816845 772606 842015 846143 849060 797947 868609 824462 813425 813488 788181 808238 807803 806660 836466 826910 802749 802791 762755 756625 816499 854858 818377 872043 830321 871955 822672 869380 816811 830344 804376 833111 809669 796117 750957 779462 848258 792086 794910 812917 839707 799041 787449 790162 812624 801092 830055 
841297 816744 805251 795034 782474 841093 835205 806315 832440 853282 828395 839512 785907 830604 805045 836876 788019 815803 771432 876560 818125 816306 768907 765224 834423 847150 800825 821143 798283 817442 801354 773536 778170 784986 830585 877886 842223 852031 833611 771196 791260 798705 799880 800252 857682 819662 820851 833616 810134 799019 861979 839797 859787 862443 820454 839772 800884 829485 868408 804561 745659 797201 803395 820978 800861 849594 827002 836654 850115 840622 863768 784017 818224 868361 790429 854612 838015 770241 864328 833798 796836 832786 792610 789297 806760 909052 853520 842455 853869 832696 816171 791211 816870 831584 850777 759114 827656 803334 805050 799080 824956 864118 807981 885169 809836 846171 843440 802303 827107 810406 799796 856904 832220 843131 783106 854658 847375 854237 808114 866857 833594 870845 800917 851518 774347 801036 830466 830831 808747 848280 838589 837308 779013 811578 849204 808272 826284 869494 880950 849477 842223 847555 820533 820785 776536 814144 826958 786788 870289 836653 814962 837025 817092 805037 864828 817509 792915 835851 788743 761846 843781 825292 799219 800558 856201 829483 827471 838385 818546 787575 834539 804953 860321 863226 890721 865936 796348 827892 835329 897710 794659 856376 889917 829468 829831 784539 818114 841021 776792 849135 808926 832179 814570 794668 816692 758130 838676 821456 832643 815220 812578 859249 802678 798775 832253 818825 772082 875032 809088 847007 782191 848506 791279 805377 890199 839153 812111 805948 812635 856009 831006 784566 816632 838446 857045 799938 863355 823635 862577 810180 849435 834743 837279 836337 845770 804183 803169 813765 759011 823949 846412 818262 749342 829175 799644 825427 828740 826501 858266 829095 790271 863797 760001 827363 840458 806460 824188 838983 828203 794261 836606 853240 819243 792404 818805 851380 850301 783855 813191 840233 815064 795860 786829 846361 825444 842382 843068 830796 855475 836785 796645 815594 855849 829169 780590 824271 739678 790061 783880 809278 803123 795268 820471 823366 804370 796738 829086 846851 777832 761939 820689 725465 824108 854969 795713 840217 823420 802344 810959 852058 772727 837492 857022 836965 824176 829308 835836 795270 822716 815969 800882 843603 819355 858391 774719 748937 824292 805670 785582 826222 810808 784870 861040 814339 828229 857704 840116 829193 800700 785458 775293 822581 829865 819238 796686 827534 815645 758673 772503 836260 862070 846590 891744 807622 816286 843181 869551 818654 826246 837366 837407 839436 761581 805748 778455 864036 826240 785091 828948 848939 802453 782259 780224 871975 794403 836214 
783415 785052 807455 762008 781292 814791 845280 763306 840991 794423 829013 804485 757146 815179 766880 767960 806076 775326 741733 807676 779792 761942 757272 760634 817589 827472 775636 786089 794238 792881 741903 777115 805801 786386 781771 786023 859270 819701 777382 758233 772559 774537 759441 753257 819848 833866 771760 785952 809368 759148 822135 787481 808963 802524 770205 826754 820656 847568 860020 749022 746286 779333 775568 823701 751230 803440 800154 824241 800273 806673 839276 769007 754729 813385 789952 832390 818783 767066 850780 821607 763503 789607 812924 767883 780493 863874 785665 867671 809778 768222 801034 783155 802490 811341 799410 748275 793762 751283 778442 790567 819142 853275 794690 879037 784966 834061 852523 769316 773478 801290 756124 811574 809290 792027 734422 833681 859370 843439 768315 856465 816462 817813 776748 865245 785932 809899 835713 786264 805818 819398 797807 812076 775943 754351 862319 771399 797434 841379 844345 812737 808674 830573 795781 772949 723445 794001 803795 755584 852277 809976 787466 793117 759094 776237 790376 782028 810503 832332 746295 720866 831332 809306 779410 800746 857444 805227 781858 789699 770536 767503 847609 795294 837263 832853 870980 805084 754401 803830 806057 824332 741268 823236 836766 781596 810561 766054 804928 800915 756750 815857 782562 739112 805583 780178 781692 710921 811611 800260 786891 788869 779963 848801 778199 765586 808652 812949 772110 840973 808799 775249 759736 819406 787482 825093 846147 805162 772296 779876 798262 836724 777374 747567 771692 805248 818875 774964 795429 776810 798316 774517 853495 784030 805290 780875 845155 796673 793134 806298 775327 785843 865681 787243 736966 786469 771880 804101 773893 758983 831443 807945 747530 860523 755102 794058 770757 783051 784887 803852 820241 784453 808888 826973 812010 776692 796146 791039 826182 770969 805090 776287 785431 769526 772383 802200 804670 819667 767874 792056 830641 809759 755317 802812 835044 803782 706393 788691 737563 754997 733102 815772 799322 773735 812834 814200 796074 790324 788410 834301 797625 776092 777842 708394 819765 839432 776604 800400 781673 812377 821117 770340 816627 830693 846458 796267 809655 789549 824771 811775 754950 800670 800218 777645 819084 822674 740788 734266 811861 783802 776249 783800 776300 811086 862990 785145 792678 840144 829029 782341 760202 787633 759680 768265 792584 812929 785922 752134 827143 720818 710587 821450 814260 806945 850636 786707 817199 841756 846147 803674 805781 795504 777455 773386 742157 762432 754036 814636 768186 796544 771939 798628 764301 793315 791418 792863 800771 793184 
857363 857260 855814 846985 867757 886649 912144 850915 886726 855152 907800 910125 837377 897317 860855 850768 860393 829664 795758 899778 858222 819130 828534 847213 880437 885619 867741 862299 858621 823201 831021 838100 842164 816988 868981 860506 918015 867189 873882 804688 835478 850698 820606 833553 908235 877288 873500 870153 874196 854743 906827 884500 887722 903788 878254 898283 843591 922227 910162 836577 826135 850500 844214 857750 846132 894868 895796 891471 889049 820051 943268 828549 815072 894879 850972 893731 871945 828830 942598 890495 819306 883698 844465 833198 854445 941956 860583 920231 895905 865645 842764 858411 835903 860489 906629 808553 891897 843590 863372 880393 886951 909766 850044 934963 846817 926305 910669 862631 868790 847061 839622 904821 862324 881918 782017 895153 898037 931691 863278 912032 880535 889744 849286 909882 836740 849903 879882 845469 876531 931978 902421 877325 838338 847876 902978 835626 870126 916271 882831 889140 882817 926052 840693 887640 811848 839750 887867 821391 921703 868114 877940 872433 860597 878815 891399 857272 889714 904503 831169 815744 861794 861480 843029 865545 915671 896397 841024 849671 856911 831372 906219 861400 890276 890896 929048 886735 871626 839437 896280 931803 821454 861515 962791 872326 873972 837826 911483 893821 832635 914872 837016 811327 873781 839270 847538 806305 879318 875181 921742 864664 864642 920058 840169 835872 861954 865275 829261 941708 859002 890369 851386 848412 841822 842294 961446 887465 843724 866183 852553 906189 817555 834810 839173 849857 863756 852123 866927 876732 887958 843219 929419 867392 873719 867252 866336 856919 848738 883362 809768 883234 905625 848165 829838 865981 867581 876402 871608 862981 926511 864542 842497 916521 810042 877274 836367 861431 862875 875315 860129 855138 891396 928954 880673 817783 850635 880219 886760 833487 838474 852911 850342 812009 851625 895445 859739 867947 869609 890448 908711 887919 856422 855017 908696 885065 818663 847164 812502 823612 836184 855466 885179 850892 871587 883418 849030 869071 869122 886321 855260 803399 834897 776117 910070 899985 837847 891464 878831 854523 896001 869137 834079 890854 896946 862650 860366 888163 885982 857123 866356 876454 853202 885744 902073 889936 828924 788888 869868 857723 835964 865586 885261 864930 941638 852176 844017 910990 905747 872633 862883 857963 849682 829842 861552 910980 870659 863983 866897 803903 815592 869587 882128 903986 897042 862601 900491 882973 892348 854662 882906 865771 876665 870011 812777 829594 837838 881637 864127 840828 891305 885948 859122 869611 850837 855159 888099 918685 
815536 826198 811655 767864 781408 806632 835291 762784 828634 834576 820480 841282 796066 819266 822915 789589 789429 811665 758725 836507 775134 793614 767075 768082 828001 813762 786844 797666 806840 767048 803374 772299 778301 762730 823442 805718 821684 835067 778201 756222 800237 757097 771968 795493 849021 817161 784310 785108 832755 792177 835822 831704 824936 826571 800076 829728 775856 822732 867520 800004 766986 759460 776427 789787 782452 811685 797100 816417 805405 809872 846525 771854 771197 851495 786718 830833 794219 785315 844717 831394 743980 829537 793057 794883 770550 880637 800381 857841 809997 798931 767262 786409 786921 816675 828480 754086 819165 774067 785884 793028 766352 809837 795314 877199 774120 827989 856231 792016 813673 791063 755000 819558 817907 819508 768596 840762 838250 852109 800722 858084 828139 823268 811119 849788 774005 803775 809042 787460 823368 857900 838801 816681 794262 787421 852850 779487 799589 851466 840061 816339 853348 848924 794656 801323 760594 799345 828859 782462 825403 817619 825956 822909 818397 819761 833594 802823 842340 834680 748580 768410 810275 797201 808488 805629 827159 819885 801353 801178 827870 792561 854571 772918 884702 828709 856492 820881 791701 794243 782177 869756 784697 819709 865964 819569 808066 774962 810992 806999 778383 851088 790238 770227 802172 780660 824099 742197 829629 815104 827311 830960 760454 856085 775458 792403 817509 806923 764555 823302 811304 836119 760790 805802 776751 825668 875772 831299 786166 786815 791273 872580 784931 783112 780234 819402 823532 796118 814760 795808 863381 767520 841697 818145 833570 805534 812674 802567 781773 795852 768227 787474 868512 802421 749859 811362 804487 813296 820324 780590 836878 801754 770664 860320 759485 818114 798191 792872 806400 817630 799783 804701 822722 856787 792207 799459 795358 848069 819338 766021 794521 832910 794746 780136 818127 823019 803026 822670 817612 806727 844606 835313 792895 779169 820206 810813 766665 817658 754909 767474 795670 779292 772427 812237 825442 843752 800110 790272 801691 838228 788365 742904 812683 731142 840746 828966 783948 835661 795217 792229 834642 818274 793181 844467 836427 815079 831409 761459 842619 798316 790773 815319 790402 802044 835756 813477 769036 747991 800336 752584 791129 803643 784141 800695 850207 812658 801633 858806 836386 810598 827043 803640 755054 772079 779364 810478 796771 810738 801210 752765 759510 816864 802585 863235 844750 793714 795369 833670 816893 811513 802113 784739 804244 801587 745348 785551 778332 853690 798915 781012 801750 836545 781634 805091 751511 825097 808372 826573 
805936 806416 815615 797983 821113 831474 812765 779215 861934 784537 847524 839270 763413 817303 800739 833460 829294 813789 777535 819153 781865 765095 796760 787904 820020 852165 818542 795383 789488 781690 776468 764081 801880 800844 810424 810332 869887 862955 804277 763073 792066 804100 823533 782084 841167 805345 790227 799279 833781 775718 856271 810247 823899 820806 834160 831080 799194 855493 861989 797576 766313 782917 809669 840016 762312 810717 828124 803946 821552 773125 851008 752300 782851 859855 829037 856633 839789 785542 844076 815585 772839 813565 792588 782482 757875 891845 803803 860403 850678 807994 805414 792235 817585 831529 809657 752074 817448 781730 815097 803013 806622 840449 807552 879512 782862 847902 830736 810394 777181 798850 772092 827619 782855 785417 766401 856315 850356 859714 812839 863676 813140 817018 817910 878781 799458 805772 810277 799052 801016 857843 834362 817820 775507 770370 840141 790802 812531 837220 810031 797243 804909 854803 824034 762308 765742 813648 818793 788060 841073 828038 818005 791133 783899 810582 836589 787082 827912 833584 770443 735001 841204 813679 786159 826412 864718 815455 816545 820614 794237 785498 833621 795520 835087 820257 899070 840470 784164 830907 832840 873139 793716 829429 843260 814155 782350 790001 795597 828682 781358 831076 809882 784176 812217 782092 808511 757398 851751 802213 840696 825561 790902 842838 803950 771958 798207 825169 792152 853953 796623 821782 753834 819869 780222 796361 858741 833139 782121 796368 842327 867999 777609 775514 782479 805136 834653 809862 798176 813579 849565 806006 857770 781499 835819 810567 841826 824075 790595 796758 792025 801215 878976 788108 755750 792757 823010 815987 792576 809393 846705 817712 770918 839530 796698 815309 812979 803133 829471 808206 838544 792003 791503 883348 797734 781493 802547 850913 837733 770872 812073 790653 805591 781685 795890 835406 816886 813343 811950 820193 835594 847436 811626 805374 828539 808209 763646 823470 750298 785549 797475 826449 834164 822070 782030 827970 817796 830477 820215 856894 799381 779068 809195 785788 854167 820965 791422 819786 822710 781661 816777 803819 787290 839110 885989 810392 825645 801450 841684 803243 843056 817702 815453 796920 851130 832241 732776 765573 846432 813137 790922 801663 790769 795525 868387 804727 794151 895400 835274 826842 790782 789326 796174 794474 818944 833493 802062 841324 829085 751561 773282 821799 850245 831750 851346 791238 825557 808182 846049 807655 822051 815434 819880 808069 772130 771248 793037 852980 818210 766338 794666 846868 821768 779482 790533 834170 816511 825974 
842991 839376 844432 788485 819795 853594 859053 780906 855332 811893 875075 863058 792895 847429 823929 828102 839130 796799 782592 806887 805740 799454 800816 808976 857706 862186 845777 807738 822162 806342 794017 788328 800688 817167 826843 834155 844585 855729 794837 775135 835869 807175 799546 810774 841932 832327 806455 812297 837637 810316 872847 827229 853062 857603 833530 833939 811256 875825 873159 800205 806171 790750 803326 877137 806793 830947 810481 832157 817000 790885 866107 745200 801830 903382 820717 858483 850036 757427 872537 838019 789427 826704 817481 839169 805550 888304 786453 879369 839267 854902 811260 817568 792262 834750 856071 750663 835071 787875 801220 850298 854046 868171 832439 875631 783394 880928 872403 830802 804944 812460 813281 855824 858028 814876 792554 889766 877713 858929 860078 886532 838098 816570 827547 899861 798986 826108 859783 808583 848374 850773 844547 844725 781822 825574 863235 816583 836594 855718 868638 835042 832187 884708 860538 833616 796533 807268 860178 792753 884600 830894 824603 847670 818793 815234 826982 832538 860771 872441 805370 761526 807884 783197 814575 794379 872245 813117 831433 778950 807284 799587 866723 806993 860258 846592 901024 857315 795558 826234 841037 865722 806503 846443 880280 845279 841433 842381 837889 837676 778953 848365 818130 793647 849129 793032 804379 751172 799377 836328 877290 811839 830319 887628 790631 802296 822124 820127 782494 908142 817660 805252 801337 829709 777658 837136 894619 812496 791602 815485 821276 877509 781722 813847 826292 843126 874764 822972 855535 805222 872950 783684 868942 834514 872502 828980 820619 807328 821339 823289 818071 838923 881274 828735 781018 842271 814911 828317 820106 801022 882913 832952 795291 824081 795233 839951 820947 822963 848676 857503 854585 798221 826047 895559 835462 791936 819897 835633 835969 813020 823799 836013 824667 759602 810032 851769 826105 835252 852608 828227 849147 879603 827629 813984 844726 839648 780852 820568 765010 804143 816010 833802 848290 833921 831607 841628 804111 808467 823551 845136 811842 805452 828265 769541 839021 866022 791948 859456 863715 820714 824307 855392 820894 843925 865264 807079 840930 810163 873682 844842 813315 831643 862796 848483 856624 810964 764651 755167 871555 818035 808108 821181 845343 838070 862972 818278 808602 891274 845889 833631 829886 808369 804290 808685 840205 850735 774323 808558 814055 774391 775522 830709 856645 851340 888270 854433 867805 850301 856008 840330 797553 814717 832275 831542 753466 794387 777093 864465 812516 784767 836789 843609 826992 785725 802906 836315 831016 863937 
825947 779378 781035 735200 767705 785802 783376 778096 800029 793479 801956 803693 702762 780321 748391 763429 752627 774838 735594 804674 735352 763775 730091 760856 785433 782199 741513 748302 741834 742632 762010 767839 738984 747460 770473 808845 809440 786466 727073 758668 759450 746539 755902 742007 790075 801558 748538 780877 767640 760305 826392 771650 775523 811563 769220 777841 800132 817404 802754 740568 713203 776937 748778 772767 730880 747917 767090 786682 797866 748296 812939 752978 755310 812061 787397 822507 801259 715810 825694 808709 735751 767764 758048 739198 772807 840690 758098 778518 784917 746314 782359 739576 745404 788509 800958 724577 798774 744890 777572 733159 791967 790951 765791 852432 723671 801245 784960 778566 751202 737757 714162 780782 784910 763913 713113 814044 822261 814289 739689 794976 739680 802629 777284 824572 747670 761076 790022 761551 778828 818077 816486 789203 740943 759256 812260 750474 776261 790936 807155 796367 778079 815357 776885 779587 714277 791971 808476 710868 818675 777593 799325 751234 765260 787974 798521 767575 760484 815317 743196 705188 762339 753861 759083 740210 809482 752908 769794 787819 772511 773510 807637 784398 794815 805018 846454 780935 733027 766012 770528 817857 755741 776569 848760 780688 747852 753429 815991 802238 711447 827467 789389 735707 779372 794170 784419 715981 810698 792329 811567 779987 754070 785763 762062 740019 768125 761139 745711 812926 762607 789098 755172 772489 739177 787960 829468 782423 746718 757131 756570 812101 777170 727384 753823 773159 789585 749961 758693 774559 805860 737159 824307 754030 790226 741587 800997 762594 777279 788683 717046 773087 824847 750652 680310 775221 756185 771684 791253 748947 814705 796625 744024 794417 736367 814673 785005 759436 752699 792862 791692 743127 753144 795954 736043 750002 772582 780271 801810 727608 769178 768355 775627 750335 758033 791237 758044 774689 771876 766818 791569 807071 763712 755901 820530 791699 731403 788237 709648 729614 756555 771258 760584 782859 772029 781752 774459 759844 781820 815983 754146 738121 748111 709072 764708 780472 729521 751203 741050 775380 783299 772848 738129 780671 789874 773931 796507 777136 765433 758096 761104 748421 774803 768214 790468 773361 749498 727397 785812 746194 736306 777941 753680 767092 809921 775143 769782 807671 817519 800845 771402 747715 735722 744317 774732 792286 755710 785310 796806 738286 740713 744527 820146 827310 819654 733599 793781 784270 809510 811141 777058 753921 808842 791708 733689 757263 751694 777728 756066 738206 767617 789933 769498 774732 738708 787201 795035 841303 
862743 855471 884146 855401 853709 895982 892708 802145 880794 868673 865894 914650 865515 861411 850014 864685 873294 822873 775511 900362 824665 822417 830036 823034 879666 867298 859616 840788 829209 802276 828523 843435 852183 812457 847098 865303 925259 873996 860684 809861 837619 858818 840351 831839 872915 864388 840110 823625 874003 818219 894210 832518 885038 881211 874757 867551 848716 923814 892021 808081 792030 850306 857687 854834 841232 861148 847851 886265 879281 845450 874652 803438 817707 922083 823680 884051 849904 783157 926485 912144 813943 857124 861944 811718 839395 896502 859457 912380 892352 848331 838463 850996 843131 868262 884851 765488 867651 819825 845054 859191 844947 888062 861942 910206 819105 874456 898495 880756 868884 831374 781332 864002 851854 850103 772435 888836 886721 887768 843500 916281 849188 845594 832744 926633 826605 859743 865326 863885 866372 878083 896092 852208 827798 870970 880122 832862 873012 896398 878455 872221 845023 925323 864074 874283 780557 840333 887234 834332 902284 864300 861361 887895 870789 866292 860512 821328 864873 891966 825297 800446 843934 865705 839360 812521 877696 861093 851446 857696 833394 821954 897388 863892 892428 882746 905964 876486 824609 856543 884450 890245 829088 866212 915012 850532 855508 853604 888771 869644 817907 887432 846081 804599 858434 831442 846646 780496 849249 857933 908013 866365 793716 895107 836073 818968 851528 857527 824948 905691 820714 857984 839853 858766 830215 834046 924195 821625 841452 846592 869290 880080 834126 789462 825317 865579 879546 846413 866038 841074 888485 807639 922390 842392 863811 864626 869676 832236 828996 844442 805025 850477 886941 859028 786769 870756 868535 861925 858799 836333 912853 858472 802143 925400 828817 885531 828993 879469 863201 869408 910682 853653 846016 910520 854172 825761 868317 869119 894176 832653 838628 876841 835838 817068 842492 892733 849212 864197 863315 881413 884091 898580 874454 866558 897245 873003 803678 863017 808582 791061 814830 859511 873528 856775 847497 878763 847969 836282 861422 850358 864698 814402 835894 792407 865593 877851 827599 837750 867474 835697 886110 861126 829371 866308 883686 885636 876663 847548 891359 829375 817602 842145 853014 847846 911244 872750 764910 786850 865888 840969 846334 855529 851318 826953 930857 838051 819702 916514 896906 840078 817948 821912 828941 844165 841786 860987 846191 846843 870666 792996 802190 874847 893318 892684 905526 833714 881814 845363 901146 858000 850199 841938 847611 849585 809034 815059 830254 886126 852228 838586 843403 874765 849608 832873 819731 866330 882705 894741 
785806 788369 810606 740941 780418 789817 832072 757969 811723 809103 797432 812372 740642 806456 801531 771103 798616 737178 735112 796530 757881 737880 743714 737175 837509 801332 758235 773376 786079 756414 782285 739826 766445 775842 793372 801907 804536 802875 763159 741733 804399 799712 751265 783619 843281 789010 750909 797963 824060 765099 811996 782299 823640 799273 786412 799124 770214 822736 820110 755883 734629 780106 804987 802374 770834 787055 805815 819903 788746 795075 825484 768476 785792 811377 762461 815261 843838 781226 830641 818006 767155 819111 767519 768160 774492 866702 778902 837870 831779 786864 782939 795797 776856 753027 811780 749855 774285 754147 789830 780133 775315 823502 807752 859151 789487 845896 825871 791214 770502 764224 733819 812950 800249 811992 751671 823035 814378 848001 767400 836087 792851 804432 778104 830101 794799 805459 787675 811445 804264 832592 837021 788044 784688 790644 821745 772671 813561 847683 814689 787090 810568 851234 790579 787417 756268 776790 825169 765687 836372 807139 801737 830804 788893 777215 775169 776717 814705 814328 777798 711551 799234 789364 745553 804508 858169 797413 784467 770273 768147 742684 816633 797802 849077 839101 845502 838836 766713 797951 818692 853311 749300 798850 833368 780018 796948 783235 792331 799367 767513 855748 774406 754237 773521 787650 751561 726650 800206 772011 829268 767104 765846 853141 752762 751428 755824 802165 775263 843416 784505 802045 753486 782806 705910 802928 864198 800321 782374 789531 782821 854673 757903 750081 764808 792225 800840 767461 761094 809841 835278 787610 814382 812350 807212 797438 805854 762702 754873 809878 749716 790630 848552 783796 723062 797186 827334 812933 788908 776416 830748 814233 764888 820451 787137 810865 775755 795851 827599 805167 826502 763298 770397 832268 797410 774080 800950 817696 810378 749321 821782 780566 808272 757376 765621 785323 796335 792850 788367 787887 816627 820140 797110 799337 790421 798449 743616 784188 735620 743601 749484 802720 790348 778577 825008 811788 790452 810028 785333 841220 781280 751834 777552 717379 817005 816036 768200 808806 810311 758468 780573 812162 757656 811647 826602 778373 778728 799611 826495 790846 784262 774322 756144 817530 834741 796749 730856 744753 814362 762659 793036 763106 790806 773435 831663 793450 782592 843139 806278 794064 802335 782554 752579 775135 804232 814992 813349 740595 773961 731326 745019 793405 831361 788957 836246 763196 828562 792205 836033 795152 780626 765063 788866 810678 742144 787394 762179 822645 761222 792271 804759 831246 783384 774604 756660 783641 782937 826277 
772622 790843 797027 778673 775233 826631 830405 749398 829678 807324 811678 817663 745673 803765 794254 782521 788743 776944 706203 819792 761272 757464 757854 763060 772743 780588 770511 786908 761009 759161 773029 749790 768053 796860 811297 792232 830022 813321 772400 744048 735483 759838 776879 782468 816890 824643 761224 758041 760866 756897 824979 790799 796832 797193 796046 794493 795589 816442 811905 767397 736028 801071 757325 804844 777866 803425 792027 763469 787901 783999 805415 788036 780416 827335 789346 813562 785297 748762 842167 806740 764294 804489 782708 767162 783805 853598 780227 852011 819616 787025 753899 790302 774378 769025 807956 727948 770459 758730 809055 780989 801538 825088 764407 862494 759749 824848 811000 778374 762552 792760 765094 803879 780022 784884 748450 844909 841896 827640 803413 845027 781381 797294 812874 854812 750294 790183 803355 772202 785237 807827 818133 776057 753253 727352 816980 768517 805949 831650 805352 803452 796962 805191 784947 770100 761536 811770 800576 724882 810056 771313 751033 796225 766653 792960 781676 808498 779518 810646 728170 731204 822508 780027 776633 773964 841196 810042 804606 795255 789184 754548 828056 765397 832859 810445 853033 805598 754191 788556 783030 864479 761375 803356 812046 798383 789015 790780 829222 816435 765153 817476 769670 766585 783350 785287 767488 709992 835660 764753 841147 808744 775558 851833 746826 775703 773988 789970 797549 842978 767498 797990 742242 796682 719206 819039 827808 799002 756911 818697 817465 826731 762833 740922 764983 779042 820231 787432 788711 772330 818288 759404 835103 790978 799267 793768 792427 742091 774627 773882 747474 784783 817480 776049 722026 801606 797155 794943 805964 782005 851372 776692 773640 822939 747307 821292 769791 773214 816237 811933 825884 774536 807016 845520 760478 778560 787113 828113 789770 761483 773320 773461 767465 740232 753846 799721 783351 785857 777416 785912 819707 797726 787606 785920 850838 781547 726449 756531 747343 751794 777784 822734 772575 768504 800957 786456 789440 815252 772070 848168 786699 746190 771969 730373 788792 816363 742814 791474 801969 778629 793460 797441 778530 833807 824461 817420 790359 801038 778729 800083 784061 798374 789889 795464 773032 820859 755580 735961 801704 760286 753984 776823 784239 795172 868890 784577 777059 860887 793980 781329 758834 778683 757912 800956 764871 810708 766263 774367 810717 725435 752488 783377 788375 816316 842941 802665 802405 796693 827119 776181 776906 774997 841081 803852 754664 762743 789597 834950 766855 765556 776832 831338 781843 789447 761421 794322 788187 805923 
805143 815083 844857 810839 819139 828700 849858 745631 866150 804164 839962 853842 791076 795636 792784 803644 835796 806509 751136 855376 791402 760766 783788 765725 809845 831344 834328 801808 786522 790423 771694 793236 815388 751403 815261 820700 876320 842621 784379 744698 788966 814491 764059 796209 851316 817047 790886 799402 786910 787575 854880 816589 854899 859553 811119 821058 803823 839707 861775 789597 734953 763368 813290 844166 813871 843144 799258 828943 788697 819209 827793 774449 792560 857169 777669 832047 812413 796847 836799 819349 796225 812867 835598 802299 814413 883456 809612 860401 811998 819756 823161 797812 797570 842260 822486 756380 783740 797466 794671 808859 812511 845922 780393 865470 802746 857968 833912 806103 831522 802856 770956 853003 810064 815993 770628 850212 829920 848326 795188 839409 809477 808432 788359 872196 769150 798845 822747 815011 818511 845572 858451 809428 782315 777106 811075 765022 812514 827631 856774 813903 808361 852914 809137 788283 771007 810981 825902 780731 833312 824577 818176 833683 802451 795137 834359 782021 796653 827409 798639 755958 839137 817715 799674 797043 853766 849410 824130 815132 821970 793312 844362 826457 827915 889954 851140 804480 760747 806471 834601 860802 763999 840320 847689 822120 816723 797776 828478 803003 792768 865847 783655 771986 819644 773243 765939 766339 820266 808568 862768 831906 775239 835916 769407 761079 779459 804485 791749 857621 798350 826935 782799 837087 768446 803410 849923 768518 796926 803400 814611 845822 787152 775279 785689 830831 808302 782898 824339 773613 843272 801419 834595 817556 826462 822215 827836 784885 804681 808104 771199 821854 857945 799737 774605 817711 822865 787505 810772 815287 849707 818043 799537 875932 784816 825014 852539 822158 811424 807598 833280 787909 808067 837308 819086 808310 809388 842964 822944 786872 782139 815799 789404 771336 799462 837591 811332 837669 826135 811081 830395 805540 803110 790626 817075 815282 768839 817797 744165 747292 796228 821795 846784 819751 802569 817694 813854 793389 801359 841111 802843 748358 807831 775999 828343 837115 772063 797804 807778 788579 813230 842731 769850 829486 865839 817720 845556 812359 844555 794511 783460 789560 796886 823170 828183 830102 742685 759555 789650 783266 795438 787619 806631 796332 845402 805198 792338 849807 815621 849561 795527 802547 789478 787847 798408 842308 791432 775750 802418 746382 766582 818281 872521 839132 847853 822782 834411 815613 859982 815776 808261 828207 810286 817043 777217 799872 804629 866402 818609 761974 827697 852679 784367 785265 790334 806967 814578 844497 
817264 829192 800930 779611 803426 813320 838208 773741 827919 817828 826735 869906 782971 819908 789505 819082 793344 831552 775455 853165 785851 800453 780315 799886 817972 846047 797537 820695 812579 781046 806639 754432 798931 799237 807869 825517 846408 834644 785414 775504 796481 785734 772295 772926 832059 838606 787804 776806 810285 781219 846192 803125 832699 835710 792112 831684 801167 867827 863058 767480 757791 762444 806146 847924 795996 821054 799042 833764 858476 829100 839165 746810 791967 853046 778608 848614 843308 758600 844024 836552 782984 808449 811326 813031 808923 884696 814506 854871 814497 789267 846018 789512 789000 844708 835966 742425 817697 769756 783325 802064 827861 823069 810475 879271 790988 836852 854041 814087 793769 811618 774537 828661 797293 807705 757266 852593 857674 885191 799508 849881 790337 817530 808776 863909 781345 820204 832271 813661 845150 811193 848212 850595 792498 811740 839873 805709 818773 848528 830704 833101 812765 847959 823879 811558 764379 808417 866743 768740 853426 823506 821304 858918 797190 791114 843102 804933 840072 856970 750841 731564 843265 823313 809275 791962 858273 828639 798458 806893 833962 783335 859524 797080 868158 849263 902768 853362 799543 827935 844875 861222 775339 848181 881054 828097 785656 780928 822362 836562 789783 858321 796469 781033 810691 791268 812984 761626 835478 823735 835646 808196 760840 856159 781327 772812 812638 797086 772205 854358 795084 829001 805070 815599 773401 792577 848789 830612 805295 770485 820221 847051 804206 783537 811526 825707 837920 802977 825638 824892 848385 781242 863549 791851 851723 815152 837481 793202 820662 799018 758997 813415 844015 802285 778890 827131 791955 802780 780979 785582 847380 799715 804554 846593 788805 811177 792491 828212 789067 837538 829741 758763 823069 851084 814449 778446 820760 824491 854060 767350 804651 793623 801026 803898 822619 826797 791198 833944 828959 817866 853558 815691 790394 816179 821489 847519 760052 810662 764970 784417 782713 806736 802804 818679 806064 828242 792113 823241 815737 833939 798976 779471 783049 752692 822261 852687 804551 826839 803818 818336 831893 838145 787555 821954 858475 786244 799851 801423 818873 792260 808654 809269 832721 811947 863734 821813 754393 744573 838074 799226 801519 842413 819084 775993 856151 808420 796369 848432 802897 810944 771145 790613 773435 794333 819707 808123 767216 799586 815466 784284 725581 817768 836853 882455 844378 831808 830447 849076 823813 811791 816747 791452 827190 808803 748848 786109 779652 823578 805361 796046 825349 863924 802903 805334 800869 848329 794647 832141 
842062 862773 823862 783431 835632 858073 870200 792868 841791 816242 846273 838032 795061 834594 839305 825331 823983 789467 763803 843673 799878 816014 781307 780928 860119 874843 821449 820131 784919 797775 820169 804179 816735 799561 821739 846836 869718 867096 801491 788680 811375 801383 785280 786578 860663 835412 789360 796679 835420 810580 865172 792283 824251 840461 864003 831934 812896 850256 857597 770420 753934 804556 829102 819468 822099 803204 836843 836545 834562 818782 851740 778616 806227 868515 788859 848920 856853 763573 880334 855875 828703 833597 808048 793875 785798 888462 801234 864753 867238 821764 842897 784251 819701 822008 829258 788913 850450 784471 818689 826243 820800 862526 832109 890166 820427 892190 833477 825635 785803 801864 776275 836934 836386 811328 781544 870815 862969 858231 808320 872524 823844 813664 808022 852952 774556 836487 822377 825293 846385 851288 870492 821463 805060 835679 827799 831812 836844 859164 830929 848594 842296 885282 822996 811056 780900 814622 871518 803883 872911 808893 823646 839026 821657 836133 854962 814755 839609 852354 787031 746178 799808 801178 801249 832547 851142 820599 854426 815738 820691 769306 878152 831746 857503 846202 896033 841397 797943 824794 806430 866661 812303 847925 879602 845786 810747 812917 852905 829660 787142 875425 821921 812500 811839 794434 806008 759064 828382 814852 861516 837726 801104 847551 779311 804764 817040 792641 770199 868630 805493 849381 795901 820732 733344 844136 880989 810739 801808 803376 812014 860457 808174 767414 791885 810758 834412 796175 831400 816097 857087 794243 876620 851554 831885 823839 843309 815961 805605 817417 787057 811409 887956 829334 774810 821387 851540 854177 842961 806098 835670 821279 793016 858078 799602 848813 793208 833768 840799 856865 825255 814634 840538 882347 831916 820971 864295 836171 857350 782309 819749 839514 801457 798752 786588 848996 858543 846492 827824 841130 854721 845951 810594 807924 854593 829352 775561 852115 803361 786132 830572 829985 863018 803756 835445 835309 827884 828537 807754 841238 794633 777448 785737 753121 881714 857512 808661 827379 833226 787454 850292 836544 804231 862501 896396 823027 858038 829336 875953 813283 814750 811810 798401 847661 831199 826603 774121 747643 845467 815458 812728 798912 797661 809002 861377 811716 814023 869914 861231 817644 815098 813873 805828 801107 803735 838101 808902 803816 830467 757545 769195 827005 886659 873903 884294 829239 855658 817561 870781 836458 834656 830155 840151 818452 788807 783409 815524 859498 804513 784774 839912 844890 837795 828776 795859 831757 823506 877021 
825364 806005 812694 790079 811289 801607 837483 751455 826946 806525 836751 822698 774316 812924 789629 784745 787761 783697 770627 818975 778865 785332 747386 789308 822986 811544 803487 784593 785792 773672 747917 761167 798033 816932 807121 831562 878854 832803 789961 744885 804527 782826 772518 782687 824478 805298 794593 789415 779231 764663 834628 773229 813782 847284 771147 817937 792261 848893 861632 782812 742770 784844 780600 790572 758255 790953 816619 823815 827589 786164 838604 771992 774951 807054 811230 809870 812344 757667 821788 810134 763621 794360 795967 780971 785791 880952 769840 847285 811886 781733 783584 788017 763391 790407 813678 746894 842863 757291 816001 807975 819229 845100 789391 887763 791702 841316 830869 828077 773602 776200 750034 813916 831685 798112 758777 829484 868074 834403 799342 872480 806772 809131 797640 862433 765758 797634 815998 792617 830889 844526 802350 814246 747912 803648 833367 789181 833951 828860 822608 808434 800440 831678 840872 803586 754463 799094 818151 773803 856323 803871 836961 819675 785117 797770 829287 794087 779941 835421 750822 723940 786131 800244 755315 792215 849665 820177 794648 795064 802712 771794 824374 794425 841269 825279 846418 844995 766390 830638 809893 818031 748770 823502 865179 809773 810203 762935 840039 862052 781984 863256 781954 763677 802282 786217 788739 738232 830270 802187 818415 815627 767638 851362 799340 782333 807732 804530 768108 867804 784862 818978 738969 790788 781953 818373 847570 773976 768669 786072 806121 863538 805567 735072 781508 775144 826091 774113 815309 796872 818746 751406 857304 802633 805364 792511 857872 796661 826589 781930 764048 790254 862279 776553 757236 818927 824570 798829 806711 780589 852300 809720 766152 841407 759821 812225 772854 796696 822558 839183 811290 789514 780056 884099 783620 757278 824007 799204 800620 764932 794672 773196 758057 772384 755648 833745 780991 835000 799250 797065 805313 838511 787553 776310 828437 821338 753071 799775 747157 755250 765533 801976 818267 824438 778255 801140 787865 817520 801224 849735 763743 771633 759989 755959 838551 842398 799079 804213 788013 833937 792470 805274 753481 857279 819244 801115 811892 792575 805476 803944 786496 791773 818463 791150 811535 819813 750506 762045 825007 784025 774409 806230 800065 779363 861239 813203 786584 823914 803052 821128 791107 746842 793413 801512 783146 803711 789414 781833 815732 754391 756764 793241 823814 830075 838013 798788 795829 814261 860678 790555 789715 790288 837801 802851 751961 751329 788976 801159 787292 756209 813452 856394 782846 804370 786140 808150 814958 839427 
813393 842759 830311 773068 797921 830670 836289 743816 822766 835180 839767 839181 756882 824257 818445 809188 788638 797359 749396 848229 792001 764689 780981 783085 822696 847401 781371 793297 785510 776640 770563 761503 786170 782596 808816 819696 837293 835398 775330 772648 790102 792742 779552 787661 874781 820878 771768 802336 803728 762421 841466 781240 818245 832640 823167 833372 799427 867710 864470 772167 740292 779047 774392 815944 789689 807683 816671 809879 803102 788479 832647 755866 767087 835379 785045 814805 830304 753800 862351 857319 795578 812097 785954 756937 794618 883122 784803 858673 810123 792826 802494 806774 795301 810453 827238 753364 795697 789048 817027 795351 808011 839569 799069 900845 783143 848336 836511 840460 780422 767516 721437 839664 807111 797966 755575 862754 874313 872445 789533 838295 786062 801917 814217 843007 808966 813943 810190 803502 811634 867428 836229 822138 790190 792773 843312 805937 785404 845612 831586 815375 816322 836993 797113 806099 780133 810391 842430 756441 852330 809297 816342 819388 785593 807005 792415 799759 822450 837579 744439 737504 800875 822634 776007 784611 850441 840239 803066 817101 827130 791317 873235 792555 844711 842763 868792 850638 768728 818491 799280 852339 780153 824583 874254 796828 801193 806131 838160 831780 761468 855809 784806 795650 795244 793103 803914 746811 811438 816629 844274 804729 755542 825755 781405 776246 796384 778110 770159 872311 772799 799074 757460 807479 769650 794953 848314 812462 787932 768444 783830 835830 779049 756761 792760 800757 794675 785250 818192 800727 838211 779704 852412 786463 811165 804039 830332 779618 813380 796246 791303 813720 835649 820165 744350 782389 827687 826425 846945 803332 841520 812711 750188 842046 771127 839669 794824 795339 810674 803700 810897 755236 783421 841713 783228 757540 804906 805623 833796 771762 793935 786996 799420 758826 822384 817937 789876 814557 801074 779561 839878 812449 802786 800047 839712 828014 748866 793244 756166 757182 811042 817401 802223 786625 799537 830380 799779 830431 813495 840551 799360 794239 766080 742064 840531 847770 779621 810605 798767 808439 829166 820179 786101 841528 856385 786894 831581 794634 823290 796865 813659 808517 809424 812559 835083 844951 762987 708242 853129 774281 788415 800371 804781 790829 837770 779376 801491 848371 805645 812900 800733 768051 772764 809701 806401 821140 778119 797103 811332 719795 771521 810450 847105 850218 847952 813694 810300 803022 843516 810658 795745 784942 840231 815122 764413 815667 787804 838474 778210 785843 807554 814764 827470 810840 769700 800593 833252 829701 
810691 791740 790075 747574 778721 823052 826795 753513 838231 782596 822951 816424 753354 771852 784121 787649 808802 760494 739891 808466 738265 746970 780609 763077 834791 800066 789807 765603 765977 732064 781730 769541 767643 743180 778584 795211 834532 826318 764946 742106 781316 798721 763009 750058 832522 825146 754832 760653 822193 754649 807129 764212 808297 811620 813133 784571 789496 871695 812608 748948 723610 767690 798695 800725 752782 769347 807293 792079 825481 757087 813175 742829 778291 827751 780865 843138 828573 748707 809030 806913 791492 826075 787298 778108 742081 870272 789402 832915 804203 754789 786803 780800 774378 799126 783494 746168 795339 765682 804019 777535 772947 836894 780870 860684 767348 822110 835133 811185 764137 800840 758993 806713 762187 785880 753514 812199 813724 832601 793760 847482 782141 792039 791974 812341 762652 792468 752246 775157 794087 788650 815191 784499 773583 782116 812145 760547 800986 810288 817695 781859 789312 822353 791655 805292 743984 794101 809243 769957 833695 807472 810025 797870 789716 789652 832178 774852 763742 842558 761315 741673 793812 795882 763480 784944 826901 776276 773102 769392 761942 717577 829474 760519 815077 800429 843994 802058 795538 790424 793082 852333 766910 821498 842614 815473 770647 773682 810723 794724 767751 850251 780683 744010 779636 798012 755800 732692 793066 803715 831119 777647 762535 832065 755025 752522 772106 801787 739017 847763 784634 785806 770460 796385 728602 791484 833352 778632 759761 759931 792152 841112 779313 734637 752325 767363 815179 772789 787253 791169 837861 755440 866938 785843 818453 779572 818398 762075 774750 785323 778991 770558 854149 771260 730300 811969 800058 814250 796317 764793 808188 774948 741228 790560 777185 821250 740674 775813 801467 800208 801307 782621 805899 835218 781534 763262 785897 779400 809086 740220 767536 768852 753772 764197 750450 795385 779688 806895 778687 821254 795819 823968 799446 799671 807802 782505 714574 778119 743112 773386 782168 769300 800849 808422 794969 804692 794683 839994 769291 822874 785452 728074 735643 701858 846323 814191 744044 819521 787814 763401 792834 778722 739043 822053 824804 785608 795770 798384 807660 775455 750039 790219 800301 808822 807819 804015 726224 758604 790691 770161 762315 790489 781934 766075 832201 774973 770945 833308 784778 800396 797629 789952 770903 765338 790929 806035 767571 753282 799439 749982 742236 796624 811298 802817 825948 775321 787541 780443 835488 789319 774623 770559 801663 763218 742090 752173 774895 784824 761509 758707 797931 824321 779037 797171 767389 816611 784487 813605 
805705 805801 822521 768161 769259 830397 829747 789158 814126 792561 841303 843804 762989 798403 796397 800212 818299 782123 741113 834106 774947 787174 800207 735619 835002 841597 799785 782049 763545 766894 790483 755526 762417 767063 799123 849409 804480 813768 754814 763759 778622 793262 780000 763267 838551 806500 769550 808511 814498 780068 844586 798975 828486 824307 830227 798884 784431 825878 812989 772452 751883 768279 804389 824985 763352 799899 794507 802768 821371 786298 838185 772662 809581 832349 777726 832797 852499 758978 841450 851853 766412 810538 788651 772573 799618 880173 788713 829699 840623 784368 795361 775389 776208 794220 848948 749624 786913 792901 779933 787337 806203 835918 795134 889329 793014 825509 826983 804762 787704 750045 756289 818846 807193 770456 754940 861112 816655 831118 789086 830500 788473 825318 802068 828797 780211 807049 813015 798109 812008 831064 822887 816236 760264 800781 835451 810779 794262 832970 828630 827528 817050 864235 802129 783610 747318 786779 809582 768116 829280 830856 833449 793883 816320 800992 810799 768324 819042 809839 761827 729326 796065 782040 789696 787457 833560 811217 817225 806207 815535 736060 862615 791401 859190 829466 859795 813391 772544 807073 774049 860082 750583 813186 828828 843635 791417 787535 828519 826259 765059 841266 788646 762378 831092 782481 776625 719003 801765 796771 837388 808573 742847 821600 762552 785583 802190 796913 759570 850389 786822 812616 745402 793383 764198 826907 851854 799941 797317 776738 764201 819562 741871 721946 777611 777890 807940 758060 799271 778279 831043 773253 862324 807959 793707 814160 805172 767369 770991 800493 763084 784819 833430 793485 726577 786150 786443 810736 777996 770465 830330 836100 758650 841695 774002 822326 795456 789605 802827 793811 812326 750584 804446 848687 777814 758879 804976 811969 805616 759243 827487 777418 794103 771900 737516 813224 807819 822686 816889 790405 819280 829961 787633 783134 830698 816659 752480 812952 752475 743907 761376 785748 808767 768405 812692 810096 782682 783749 796817 815747 782758 774357 793992 743437 841424 841449 804784 801552 809732 783979 799586 796990 759742 821647 820013 792979 780601 792607 805157 807801 791309 808271 792283 796605 812718 806425 775009 757183 823344 760573 756028 779593 797885 796145 842202 784131 787664 857322 791293 816947 820379 801684 739249 776164 815755 830599 803444 783142 815727 772618 714038 821394 848742 838736 847214 791921 810353 834819 842014 783882 801127 779662 820988 780304 751668 779433 789708 819616 780173 777954 809357 804427 777200 794869 788589 793063 796554 838121 
851606 852524 870918 838354 842760 869280 876490 801909 861056 869770 896470 880191 828627 857869 838966 822845 855336 846450 780380 873701 833832 834403 805224 796388 889627 887405 825389 855284 825359 843733 857548 815346 819706 818736 835502 868603 881990 861841 813700 813042 841348 821352 818806 815272 894516 856545 823305 838192 856993 821450 886021 893424 857350 876414 862363 848616 798528 910087 900472 816392 779891 854074 838493 860962 841691 862643 850072 868339 858050 831034 870838 801228 819739 891410 821277 881150 874129 796185 855139 889527 838211 869115 846360 824403 823411 909668 840610 902387 856759 831417 821647 847653 843684 842613 852199 814070 864814 824888 835776 853290 844939 910769 845498 917126 847635 899947 884171 815937 855358 845772 826262 895572 843955 859262 790563 903903 876825 885625 841196 876762 879769 860026 851381 903641 831406 852416 845736 814340 821234 878211 884051 859680 806772 836810 889146 854093 858846 866290 873063 852052 876247 883681 832928 811996 797560 836171 850594 795568 899102 869723 851023 850832 876166 852027 845530 819946 871468 895241 819728 773663 858190 834818 830216 859851 882703 890213 840610 846566 875986 822126 885152 849631 890864 889287 916775 861395 817542 840129 860144 896667 818328 878757 940196 852111 860782 819337 870931 881698 825226 910629 853323 801285 859792 819154 825170 763447 856046 859450 884570 851891 807752 890312 814137 806879 839510 866118 795301 885062 859906 873990 817855 854963 827910 840294 920046 827344 825248 845595 850593 869577 830112 824746 822371 867839 860468 807503 855393 861396 910600 817366 901447 876194 857131 862159 850165 834250 836696 830793 808589 845435 885333 837708 792021 854441 845686 864733 835029 821911 928707 889887 829385 884315 814843 860094 866612 849149 838631 881407 869518 846492 855067 906298 852790 835179 839997 871218 854886 811947 833657 838398 843641 779858 822733 847735 873090 875785 858874 863165 876293 877929 836098 844295 895089 852022 824466 863226 817712 794472 834760 856198 866073 857640 840470 895385 864655 844905 872054 856199 830396 792544 853617 790423 877910 888129 825699 858049 836405 824360 889354 874721 833932 876454 907102 834770 851642 837090 856669 843628 828991 847123 855814 841483 877593 856592 762627 782605 860582 847700 854167 852855 834766 834748 884829 835834 831636 880386 847869 870957 825044 830250 797287 823105 846256 877456 835817 829453 848993 784809 774790 844098 891448 883842 895926 831776 881405 867895 873604 866175 874222 838570 841022 831837 815118 804042 832426 875223 827821 812881 867026 888301 830214 834900 814330 863633 867203 872964 
882891 903422 889045 850106 857254 881578 902094 832107 912572 891525 901122 935402 860635 865603 876276 858354 864283 834378 807024 894082 861793 840700 871047 862008 896543 900811 881170 880942 841873 834753 862953 829264 849622 882172 871104 865793 920130 879783 840246 816777 856863 860990 861166 862443 871877 895059 864756 856368 882498 852201 916055 885888 907790 933636 880994 900537 830301 901799 902931 808686 811958 856708 863518 881763 839203 884939 860492 907898 867185 857032 925255 814649 861829 907722 885604 889321 876367 853678 931102 885002 850669 852362 841864 857310 849150 942862 888614 896424 913679 875053 857114 854814 857322 887475 895695 779938 843139 855611 896460 897041 897202 929998 851446 949313 836828 917546 920522 902929 845066 883506 832954 920923 856497 851927 823950 906357 897966 913875 880644 911761 847894 868013 867599 909179 850927 895250 848820 857352 884980 932335 931721 884487 879385 872222 906250 852651 864012 949466 890374 899225 905905 935186 858041 869181 834258 859848 874449 848801 929891 883551 873427 881218 854791 877763 894459 845483 869940 894475 851414 819261 880424 879597 850325 836289 892152 884976 899731 889583 876565 828358 921206 885942 914280 908284 937144 925245 839305 871280 868361 886384 848901 887329 925773 883579 842008 847232 878075 891075 846728 945356 861174 831307 869790 841867 876996 793094 882002 878456 930667 923568 848437 912945 844676 842854 860557 887609 820083 922536 863287 891247 843448 880471 862396 896810 919350 892167 856208 858506 887691 927110 849047 825088 851701 877557 886149 869471 885641 889086 909040 842539 904366 885448 843107 896706 921397 843354 873443 871980 825633 867461 928329 871089 786983 880814 900911 897529 878910 869394 907888 845765 817242 929918 860828 891341 870948 886403 843524 904962 882650 874983 880628 925527 890641 862725 891506 879237 886790 835294 877838 875078 824244 827635 844783 895008 864517 866696 865659 877063 893966 927285 864231 848685 899961 875507 795949 865894 835676 818958 849917 880737 879246 868227 898396 883589 879364 882770 858645 891999 829384 822671 844120 811208 910964 907915 835733 864671 879544 875185 864222 890318 853434 884266 915841 868511 880532 870007 888215 859436 855392 867207 897067 881360 902604 869933 823199 826117 909351 846089 817179 867054 844541 889880 938878 874794 874846 930129 891797 872381 844484 824173 871178 900607 855089 900569 831997 858762 908795 821685 831443 841627 919983 904963 938161 882732 878277 892115 907557 904022 881048 867321 894372 869336 828031 815282 853510 918568 863441 866699 886013 898001 844851 851837 849444 873204 865385 912582 
822092 814633 831756 819702 772109 805391 827883 767920 835351 816981 822007 839773 822187 803083 792946 776106 790055 794773 745204 839507 798964 763270 768588 791860 825324 843323 808538 810809 802892 771921 787597 779864 813723 793239 811647 798982 825672 836203 782008 769265 820268 806246 801718 815680 814479 802048 809574 789671 827912 759900 843641 819708 819885 855697 785885 815183 798458 820475 864203 786450 750658 787587 812345 818586 765376 831438 801052 824892 815706 822375 804535 767846 801685 854707 780064 845229 800264 764019 861085 821635 777286 813558 794435 796628 779963 879741 805326 864755 807638 780677 801235 770878 788739 815795 839675 726420 834705 747114 810537 799216 823622 849818 812305 869332 794039 838038 866493 825985 790375 769866 772881 834035 814205 815434 740692 809870 865918 849487 764847 836685 787542 832895 801749 863785 815133 820776 830398 791553 826716 853746 846362 846854 816349 792844 834473 802078 800894 861897 836410 789235 830602 830755 796243 789983 763053 811365 828651 769237 865110 836242 801660 825102 789446 806350 811226 774551 819581 834688 783947 747168 826469 779468 770485 777156 842805 826951 780306 810996 839287 754544 828687 811227 840967 855828 869395 838972 778399 810755 822746 834800 742477 837909 896456 823733 786232 776967 827541 816336 732058 892523 821053 777383 803452 797548 797604 748763 818811 805184 848568 822203 791605 847494 784329 759545 798011 821217 759785 838454 774057 801246 776650 805705 755445 807347 884884 820426 771132 788039 808001 857454 795203 746492 763283 790133 821209 791399 794509 796262 837449 790062 839813 844920 831794 824613 852153 810990 790737 821014 753573 783152 864918 808829 754460 821461 802170 796245 808437 774281 829420 822261 789215 838143 777932 829643 804898 811821 789905 818273 841649 792733 799865 836150 815481 763871 800190 807830 831208 738083 793036 822103 812698 790333 791205 823125 791777 820359 804021 822029 819484 822259 808911 788986 813503 828067 744621 811403 730065 753446 747129 776446 801835 820475 796094 816182 790696 810610 810426 825550 784372 796991 761704 730066 804838 841798 791556 834088 826783 809888 824650 826129 795235 814980 851116 781100 837973 798537 815687 775677 793089 772913 826156 802281 850596 810986 756762 758877 818117 789588 804637 817950 796705 839100 846284 817352 785264 843117 820471 778265 808871 742176 767471 797112 824211 815120 804412 804139 784468 764569 781915 814970 824775 840180 870703 803756 830683 814453 843915 790977 802739 807600 832212 788961 739386 753684 768365 819965 789897 764476 796074 824882 810670 812200 766489 804498 826577 830713 
867553 844897 850221 798462 830674 847667 869758 803374 894562 868479 858149 867346 801844 819374 823908 825352 839298 821146 750252 873530 841687 817380 785828 809269 845117 857679 842139 828009 823748 828722 828358 796023 808628 807786 822794 866602 862740 846918 811648 774197 804094 843988 804665 819689 817469 855320 785934 833858 814749 787319 867913 832874 856660 867238 838321 847602 827526 868685 861257 814123 773081 811173 835167 865090 795813 863521 843748 847955 867296 806040 871831 774369 811587 871570 821842 840291 839085 809190 886767 859078 768159 814300 814156 810872 852913 896864 838723 897904 838715 818729 820605 815328 828102 825741 866870 770775 820274 818186 826948 855606 846865 868007 826827 894264 819052 901220 863774 860509 823864 796617 793647 860149 846666 854348 781184 909261 881930 884979 835942 857985 848903 842836 815918 874694 799565 855841 847377 821058 832997 858714 857108 872847 782524 816257 868926 784869 807231 878877 890092 836107 872000 888127 821676 828116 790272 788101 885562 796452 867974 860314 843179 854329 834988 809184 859401 811547 869975 881107 812191 745990 848367 829910 817030 833077 883573 834552 790150 802828 837186 786788 877538 824848 889602 876638 902369 823708 830952 857284 848611 883371 822782 858141 897163 835088 832888 834239 829983 851089 818498 883077 800216 788735 834135 811881 830348 767648 862559 831493 878276 820140 833974 857183 810651 786150 801599 839023 803731 894851 801510 811219 782633 854600 798176 837576 891176 818757 786392 820702 821879 875049 800774 794899 808009 831317 845216 804893 883352 830307 857324 820334 885346 836604 816176 849425 845843 822763 802173 865816 808989 826177 880285 838790 792465 830875 844691 852058 856383 788693 874432 863030 809773 859005 795013 823964 819880 850934 840110 846609 869211 803413 819195 873512 847174 809436 844529 846636 868888 806223 837596 837528 854768 819703 800710 852734 801400 839778 850053 802413 871054 838142 830655 850524 864494 852686 776538 846055 793560 805730 809477 843361 843184 830977 824375 850591 829496 817023 828825 874302 807843 810946 824425 755730 829650 870536 809058 833458 826070 824115 835121 857414 811627 851413 878569 817744 852921 867353 849443 821150 793482 811941 833143 832758 840174 874564 771752 762920 860874 806172 823804 811170 835155 806998 893414 831541 833200 886138 842479 834935 830073 790686 799205 802849 834911 831037 824263 799986 818419 791847 777260 832546 897995 875082 886610 820733 849773 845830 905024 860481 818135 822378 832258 808905 789731 809972 815463 834243 834933 814183 834230 838526 846248 837909 813310 840760 835092 884665 
809847 821914 807759 763952 827658 831626 850166 783323 841027 799582 852063 839824 760376 801156 800917 764792 820331 776708 769416 823186 762862 779304 773326 768875 862877 835846 815168 781807 775625 774761 793573 788797 790088 777550 787780 821774 828784 831630 801612 732166 808308 829750 764486 802455 830964 833676 782617 799670 810922 792986 846487 804816 813934 846728 803730 831290 790640 850636 838093 775788 737135 776751 809850 819609 792186 804929 826567 856287 806331 799890 832731 752306 781711 852616 813123 817932 809272 794339 861182 800824 782902 821544 793255 795888 788354 874314 782876 849140 859397 794028 791375 773975 790117 791850 832318 760371 812965 751088 829907 797592 825969 838395 792105 860835 768015 865239 834090 813745 785556 786881 762819 868356 811000 777999 764177 845567 800690 809427 794103 870278 804185 803536 816425 836044 799502 832069 813811 796005 795427 823812 836932 803124 788629 774208 820296 796430 807934 828737 833226 779126 842305 843150 790649 806530 779360 797801 819258 789302 843930 805185 798767 815324 782367 778199 805728 799682 788264 818438 810014 741748 800628 817506 762258 799661 847883 834165 825329 792321 785549 748072 825040 826371 826278 834266 858597 846685 766719 813717 815449 836586 754507 839836 859810 796693 781591 770649 829070 820184 797548 840351 799949 778089 815390 786138 758752 726214 803267 827221 828802 826722 792972 873750 805675 758614 777329 796346 774922 859369 787567 809826 769365 812104 799243 814710 878482 819469 784503 791136 808236 857864 763976 776651 782717 809692 816846 769645 806746 788314 826734 791659 852572 847869 795514 803834 837315 794843 789721 810371 779167 777223 841298 795442 736854 798293 822407 821824 797409 809519 824273 802524 762882 837671 805901 832990 803712 820608 806514 815670 806093 768968 807506 856078 821821 795694 804010 817190 810041 797497 810497 799436 778655 768927 784801 820023 830246 806648 807823 815719 825316 841097 798304 798862 850732 810855 752227 828447 759147 746730 775982 808231 789782 809770 819060 822674 830227 825061 791068 838416 775321 757320 745031 752257 821408 824723 799100 786870 804537 801586 810961 823068 775200 824064 837997 811626 824882 817326 844100 790670 798708 797606 796625 788724 821197 828080 745464 760056 825518 788764 780559 804431 787498 801366 852609 773671 799418 881227 817356 819022 818023 781827 756108 778672 785485 810290 814347 783081 825987 749705 755951 796874 839371 827700 865720 786210 818701 820752 853226 817461 792748 805401 804248 785201 777203 766612 784623 855829 795778 787765 805961 848397 774158 789454 766416 814912 810667 840056 
806839 802282 833027 816583 812025 831642 877460 759114 840595 818462 842456 846993 782945 819150 811340 805184 843927 815279 770334 834253 809905 772813 778549 806759 823342 846390 815457 809457 840455 815616 799830 754271 803326 783140 830904 851321 850656 860985 770368 764302 796149 818513 797447 810599 885545 809833 811765 814387 812790 772495 869982 838618 847466 846902 815795 820034 824301 874481 855792 794500 751422 793242 793823 814182 793127 845431 828735 836296 837224 824002 846755 783464 772286 860521 798226 857889 841599 803965 840477 826372 781724 826405 801233 809338 816353 892778 798769 881421 820015 816430 817733 804925 811037 827010 838988 767808 821233 778209 837828 809948 837490 863753 823785 877728 786037 868449 844554 824666 815191 779210 761817 841925 822786 794645 767993 885345 830118 859629 803572 850932 819292 829898 814145 897068 784068 818996 833237 814413 849741 842227 850891 832188 782144 816477 832509 789027 848892 848724 847422 840177 860679 851677 838034 818080 768935 793010 874469 791011 847338 833238 803884 814732 787701 835741 848494 763822 827107 861590 747885 749463 830492 814646 770474 817830 841999 846889 773973 806862 833527 800913 849004 814472 876289 837736 875185 833255 832166 800475 799417 847112 822762 851791 904506 791406 840992 803811 857650 840709 803752 881531 846631 793280 813055 794257 824647 792251 825829 818150 847054 818349 799409 860663 795774 797341 844706 809070 791047 868352 831159 836434 749165 777737 790465 836467 889635 809926 788771 843898 829213 865922 818555 782439 795991 832939 858531 805657 828754 804118 859006 804101 887804 811213 844858 835491 858610 833874 811264 830249 793542 824050 881536 805543 762916 790361 799102 841397 838710 788735 829785 834913 797925 853350 812985 832953 835648 829214 837717 856130 864271 793408 811780 877168 835235 796251 831890 833862 856077 764743 834454 839605 780533 766727 773077 832084 817479 832982 828441 827052 812135 858155 801498 809283 867762 839284 775788 816672 744937 751879 790945 810643 856242 822174 833964 840091 819787 821311 823931 871337 797625 808000 797515 750389 852173 852010 826495 835963 797680 811602 833984 827701 794988 876471 840649 824177 830140 797423 862051 825151 818805 802040 816080 814740 860542 829574 763793 792747 854915 819360 791870 832804 808534 827943 878503 835112 807182 847061 843811 815975 796971 793523 794088 811373 816447 840730 804878 788340 829844 756555 773120 827042 841871 867739 846008 784567 862261 844570 864266 814605 840902 829614 864728 807040 783815 795946 814547 838524 839441 781136 811453 873601 819333 822636 805679 841656 840000 876079 
802712 815660 825540 778884 802610 802762 850551 766026 839690 831719 833827 856712 783851 798230 833517 802312 813390 808501 772471 841821 789729 769159 774411 771389 823792 856176 797329 766610 780084 783617 763174 775638 795086 800084 846548 832826 841093 844460 804493 782075 788939 775025 773574 761918 837962 834730 785688 786868 813969 793491 839354 789106 807478 822605 787186 820472 790289 877359 860280 812370 770882 794610 814943 788584 798035 796324 816784 844067 801854 806831 898837 756850 776034 834933 790774 853973 831356 756779 864331 802068 779968 831605 800022 790416 790282 901595 808736 864135 841993 787427 806315 794595 779234 814639 839188 755348 821175 791378 786371 827447 823861 840479 831567 898526 773704 851346 822991 787104 766979 783329 768112 816380 805856 788868 764368 865805 873191 851549 798405 865979 820198 828029 815394 862534 806563 800162 809014 808317 813289 861300 837660 806908 816327 795842 818186 808096 813012 845096 804276 812921 807183 871997 798870 793430 747412 790081 840095 805087 858657 819519 828055 832398 782649 781354 818334 793014 825428 835434 802253 718173 809884 796378 819780 797105 864013 815705 809075 817790 789927 767128 844039 783463 841105 839088 873964 820616 805747 841909 849608 859296 786707 820355 854713 806551 778908 772901 826013 839459 772795 864883 787608 784555 816437 816271 799096 759172 822248 818731 841698 802072 811852 870026 791696 799890 810482 826211 777168 863936 794397 852658 814403 797369 756430 834670 888659 812121 788560 809001 802203 870186 793382 759631 783818 818648 837607 781655 847184 808817 831622 772254 831988 808508 816849 821927 845007 790686 814670 790152 772844 814048 842856 801860 727792 833133 782469 823231 798706 796287 855657 811082 795185 845861 768874 836720 821311 811850 799857 839897 823391 792439 811544 839303 785851 804094 801065 830913 832728 784492 825270 831824 782066 781927 769494 808420 808997 810020 838326 823922 866229 840448 772042 774450 864866 817564 720944 812401 764638 781033 795316 814061 800108 823248 818988 832883 794971 837694 816541 836267 787185 754639 791661 784604 835465 832579 787358 809488 812691 801460 837789 804181 791187 835892 871653 852825 816384 819257 831083 816117 811997 816274 780294 784146 827120 826032 735035 772988 828082 803915 772119 821871 807250 801203 841886 781268 812273 864341 798168 816527 810189 785955 773648 808101 797004 816291 775766 813113 816535 764041 754490 822553 849167 821230 888227 801793 839873 813280 846161 839879 823320 826814 797906 833548 764198 792165 789847 842077 800404 784454 795214 851956 796298 814873 777489 812111 820260 859709 
819701 783978 788188 768624 798372 804497 838145 744038 809396 795169 837732 825514 766061 820742 805475 797908 797976 746846 739606 807431 787157 761810 785322 725287 823965 837094 790409 795335 761941 770048 769897 751871 767737 757742 760810 814593 838371 824126 762641 753546 752549 790223 757331 765506 820803 828890 768540 772314 795624 773071 836962 797830 793081 829270 794609 824944 776954 838609 846704 770806 750595 782696 792325 805608 749279 812645 773553 813610 822009 778341 814045 768263 795796 828090 775327 845373 824177 756090 839481 827906 760754 797271 776459 809717 801490 867719 789676 830853 809651 774512 786547 780552 761348 828794 809579 726761 770406 772061 792761 801433 794120 848451 819429 838443 772113 840122 814492 785190 783194 751042 755009 801203 757042 817770 740171 817956 824167 834759 791389 822767 797893 783859 778518 846809 765785 780151 833841 788431 778208 823175 830844 781139 763564 758403 825637 738920 811259 830350 816700 787372 788063 825904 785340 784294 753775 790998 803041 775425 848259 792393 775703 797516 784228 754177 792339 791100 791474 849805 756487 736481 802428 811685 766558 785360 825914 777604 777371 774379 788209 766521 848160 761377 809945 840247 866563 819827 760027 777698 814050 842917 767366 797261 848225 806304 818042 776539 809396 816833 751141 836683 787648 772470 785347 775586 788362 725805 793086 792949 817546 769232 783501 861849 758684 788167 757900 790108 758456 849068 766401 787470 766598 789627 757473 802854 836136 770082 761549 781187 820722 819055 776526 745592 753874 808189 799012 746415 797018 777839 827921 771636 827424 800313 817448 791082 836302 765911 790744 807915 756720 786080 840132 790995 736352 833031 808810 799634 818903 797114 827455 814390 739148 822299 766767 809784 771068 798859 803359 786496 799551 778611 787563 819002 780547 774339 779341 821704 843357 750507 774840 769804 764650 760236 787193 822342 775159 789406 804643 793318 845652 842191 789112 806596 818761 823882 746473 813478 733655 769820 750319 779975 786090 800028 788954 777135 789522 784449 760294 804944 793240 742436 788642 718901 813729 835018 782622 787986 801738 761237 802341 793672 764399 800155 853658 809562 792345 782566 810927 806239 773684 830971 806864 797652 805660 825700 736467 712374 797816 751514 771468 799946 813103 766006 819387 784077 794558 812135 814119 814413 786030 763306 753875 768012 789840 819449 785221 761545 794592 736868 741078 833091 829833 832860 848711 774392 811473 798107 798258 799014 790075 787481 798192 783902 734488 771710 763978 777099 773461 759686 808454 815552 773406 756334 777785 765242 789646 840548 
826180 810531 819079 802546 807547 807550 838251 767294 796304 791482 841669 834022 769571 818972 792798 762036 804770 801792 776089 847597 778201 782554 763948 748549 818897 807027 785911 806432 773008 784885 780266 761956 773794 788975 815512 814309 818994 828289 776146 771382 787669 782093 765390 790983 857265 816149 814398 794328 793585 777219 843225 807957 833990 829866 812470 834018 794708 826407 844056 777014 726292 770438 794935 835051 768443 812079 811552 807449 816633 819227 846446 774385 801589 830383 819533 835113 837104 771740 863028 852190 782409 830254 818385 797206 780740 873031 788140 858245 812161 792830 788600 783338 768816 819495 799193 783817 813628 786134 789294 808425 832078 827103 788865 873145 791448 844323 833961 819160 781202 794879 755637 830049 779205 803711 771889 865511 865275 824643 771264 851239 775174 825868 815496 866619 779694 789454 841186 842465 812424 834311 841188 825754 794146 778785 804301 786459 810857 827667 842141 806791 825918 842018 800261 800520 755570 789990 828180 756576 851541 811122 805260 802101 804004 798951 808946 784889 806499 807618 751406 756695 806636 792356 760486 790111 849538 807919 817698 808466 814125 762189 811938 812583 844164 839978 875442 830417 786964 782082 833867 861168 736216 835712 861834 790819 803427 782024 836783 827248 779995 852116 826438 797309 818112 775266 834198 729170 840662 780958 816644 792298 798067 854925 768544 756590 808900 827065 759948 844533 824627 823335 781236 815411 763909 804091 843192 806453 777500 776991 825123 820409 796760 769987 769373 781210 804563 791720 814387 798222 839608 791525 829054 815935 845917 809135 815305 789869 785989 831976 770957 804611 860030 815255 756807 796902 805630 791937 813983 801697 828236 848443 766776 845143 801312 821822 789865 796959 813005 826535 841787 765379 811834 869523 790857 780514 830166 821811 835337 747498 816662 783687 790951 757330 791353 823398 802937 782022 794477 803996 836503 823194 771170 805993 880178 777957 777848 771725 757288 776656 758801 808001 804321 781690 803593 789578 814420 796491 812135 821427 797682 797739 788074 744909 823072 841630 799688 782204 803802 776100 814208 821371 719468 832856 841155 785184 811057 793684 818298 782540 795889 811861 796218 809468 832436 837211 759120 754137 803206 792459 788506 826042 779550 801724 857079 802341 794578 809728 816756 793148 776696 762521 771976 794917 797823 839079 798930 798594 813647 754667 774196 792728 824007 830111 869694 777096 818591 810717 825644 785740 816242 775026 814747 806160 763663 767930 792949 836466 801930 777275 824426 835996 783396 793860 779780 820231 809872 853428 
806814 804291 826361 789074 786564 812114 830168 752784 853843 813421 821510 821165 781154 785184 794234 768057 797523 767306 717929 827099 784861 781962 746355 780978 821597 821472 773891 803772 778441 763355 767342 753700 797562 791091 811561 811516 814513 825489 800829 757203 799797 788964 753745 801764 819419 832966 798049 785523 819228 792319 837268 781868 793211 835030 795554 801793 786012 828459 833600 771162 749303 786085 802691 794113 792902 791445 799100 825207 819393 801640 838992 767722 781806 831078 804105 840547 804270 763408 857237 820465 770714 788654 813102 806586 792713 855293 792840 842173 829932 799275 798017 791365 757627 792963 805592 738147 816009 775619 791344 782505 784045 850264 825389 861419 761635 846146 838845 777955 787938 766174 772160 822441 788442 818790 743862 822852 862042 801914 815283 862010 819139 794413 793112 847044 764052 811693 832413 786751 832113 821654 819241 810054 784511 786775 823487 775707 809502 798134 825511 808133 842870 843982 816139 828821 760600 821598 841362 754106 845818 810277 791062 838231 784802 786912 797534 792207 792238 840617 792231 735720 796964 780005 761168 784036 868551 814811 779848 804807 760147 784824 827330 821962 828514 815310 843680 821646 769209 798425 827885 841063 762023 842714 862496 798068 814203 791752 838127 794694 760539 858104 790387 787111 821692 788532 760798 746745 810286 802960 830395 826157 779451 848188 764415 734251 826093 797079 795939 863868 792886 807858 803491 785395 762047 814223 862518 801887 741620 809075 802133 816464 802773 746882 784051 793958 830104 773921 811801 770600 832390 779926 831389 788755 813592 791059 858582 791157 798655 835043 773968 810354 859015 773334 752642 818604 794530 805562 777134 768595 856292 820255 773628 841548 778055 819156 792907 819682 779135 822674 843840 797491 802558 883063 792501 784009 793044 814374 805424 766577 799782 793142 779682 793137 790588 806547 803443 823903 792537 796607 817210 821483 768594 826570 855072 780430 737141 777038 756181 783285 764020 800276 801951 786114 825724 799483 805758 796609 789704 839691 792695 762602 770779 743437 835528 820447 772135 811547 801131 820017 811626 825993 751044 814144 835236 824358 808125 788798 800847 792861 785589 775225 796620 788745 831366 814309 747812 766696 817995 796789 760623 812378 797608 815563 846801 796124 795687 864269 843906 797827 795156 761312 766180 798426 802964 816743 793442 771889 816353 760407 748537 808010 835183 817701 891731 795184 829344 812263 840590 800537 799359 787387 836589 800750 756418 792481 766984 830574 794496 750211 778575 804758 808831 794214 768183 814356 821929 845432 
831086 840045 836775 824339 830468 843887 889410 783356 880339 857545 869729 869902 809969 802684 837166 799014 813670 803103 762626 885576 802557 839715 804172 805474 839847 854351 813085 799104 836572 818641 785385 786583 807650 833793 832918 838971 864105 884415 813758 784241 817836 819468 820263 814530 868939 853661 797240 813080 821185 797039 865286 831915 863115 889835 825338 854594 830086 874788 885385 811585 750953 823752 828250 831972 867942 825737 824406 852244 825252 834101 905305 792624 821093 871933 820111 838855 865066 814230 875247 840296 815265 848152 815526 821798 805383 930708 825580 888391 871012 829293 826723 807924 828960 841763 856026 773551 815704 800626 851877 815466 852756 896272 829282 918195 837839 860056 901954 823024 845352 814510 802952 868258 848786 843810 808031 892799 863220 871308 835604 880637 847974 803680 864740 884042 801752 839266 838347 830907 845065 855570 868174 833557 831611 844206 888040 796198 852594 868791 840824 853586 837148 874322 857379 832199 783569 836225 849949 799318 897396 839519 826999 861346 814695 824142 846168 817111 828316 860256 807345 774644 823490 833297 798184 829814 884880 828493 835220 824891 814084 788726 876970 853912 866873 864742 906006 854514 814243 848458 837317 872615 816263 872150 905060 850847 816050 829925 855719 843556 817521 878072 839794 813841 839199 819717 831131 770968 839280 843524 891719 824186 805169 892131 801501 775694 824831 885740 797641 913288 831173 869174 804518 827976 805537 839662 914622 819233 819489 835306 851718 860288 807094 775503 826544 846755 851938 805502 870827 822163 842067 801940 861078 833134 819050 837246 868453 801253 858070 838399 819072 829323 895849 790650 772058 846547 845255 853474 833262 802361 867883 818798 835421 897519 807361 835405 824072 813914 842696 856189 845316 794337 854143 902608 846821 818776 859509 868099 868154 809184 843621 843327 809079 814674 809201 842349 815193 845600 814298 832400 865418 859243 808893 834891 884167 859423 761536 815860 793374 791228 808750 850046 839874 823255 851851 862569 835186 854013 824122 892951 827289 812305 844549 778088 886887 883762 817022 835759 851921 832892 833531 851025 815133 855841 911834 858043 829160 848878 869317 843598 804077 812891 819061 814113 861306 871022 776301 781470 874764 819038 796864 831789 836694 834611 887695 814119 819434 903045 855363 856576 835861 815472 807366 861741 822198 832073 814165 817038 838565 778260 761116 844318 852923 865994 909888 814688 821308 824926 894806 809424 837334 829677 859729 819421 793015 821232 822596 877289 835045 835745 852788 841681 793562 824436 815290 832327 812668 875524 
830138 834568 837370 816523 823070 847078 868344 786449 846684 875476 823412 870953 799215 833446 813613 833452 814667 829671 755222 857720 769066 793977 779972 795556 815212 850236 827275 820892 823256 789213 824721 772700 802948 807329 877553 835541 888643 866452 836475 770780 820847 823429 818471 809866 863330 848582 798065 806806 831483 822773 848676 839785 855107 865270 838207 848237 834955 866291 860669 803194 764520 815020 807608 830911 822541 833804 832110 807437 831326 827788 849096 788278 804122 866112 815896 872259 861792 789087 866629 852086 812004 845652 836149 832354 814998 900709 859240 894997 803698 830390 821620 819748 801600 851170 881028 772497 843776 807776 781062 847814 831879 864340 820485 922896 809358 880415 861072 843393 812223 816916 813097 830194 837185 858776 757894 849061 869507 885708 823339 892220 841179 844418 823940 849542 783314 842519 854094 807543 811586 893319 886002 861113 819423 815616 870176 849257 835614 852256 846219 827190 823170 849072 817252 810754 776140 836560 841839 787379 871195 849373 822448 852041 803691 799022 867123 840298 843113 872888 763220 767286 860917 827269 804652 820794 880282 850772 816739 845682 828063 776237 875345 847520 846875 881360 870734 843819 799797 818443 835327 905226 778123 851353 894229 842819 817193 798305 836375 840574 781614 877259 829322 799632 825640 829059 814058 734276 858846 843453 878041 819045 812463 837622 803728 797212 794386 843813 774962 856417 807715 858760 811552 831492 799241 828972 887590 821547 815305 836580 808103 844444 811660 780139 813691 848268 853134 800014 813401 817978 876243 796659 865266 844634 851394 836582 845281 814381 829471 810801 809227 852365 887367 826687 735656 821723 807161 827418 825923 823816 891748 816875 812620 884354 770474 849919 828656 840733 814602 822404 852270 794093 824002 872786 829806 799433 817749 823704 844123 804851 824054 813585 786463 820712 785751 816998 840614 850762 819769 838860 877584 856597 816949 815312 859645 821850 784641 827428 766842 814363 813749 832459 808160 838140 826833 836044 840987 812848 843880 841092 819965 777605 793591 776485 841269 888537 789681 831207 836150 798677 831921 829241 778881 862602 868430 847056 837104 853718 836169 836492 832336 825800 825828 853497 846750 822989 820420 779322 852480 815860 802808 820736 806430 816894 872657 831260 821597 862574 839862 809729 828570 801809 781474 834657 820085 835225 811217 839595 815399 779970 783639 849074 855243 862348 887840 859119 815448 830038 862810 825559 856465 833012 835524 816875 807488 812623 807123 843723 824241 786827 830316 860927 840451 833960 808678 833964 832169 860686 
793651 795262 799378 794110 807441 821240 860420 774469 854569 789107 826697 841275 776787 817376 812849 814177 817867 762277 756503 838043 786012 771567 765969 793706 828970 824301 790689 793406 809514 821081 769444 751002 805020 776262 820947 853943 836289 818588 804465 750454 792442 801845 805419 803721 824082 843394 792854 803744 813749 796054 862912 805377 838057 825699 807644 830241 794043 849693 838434 786656 754889 777023 795062 810122 806348 829848 826378 775640 835325 797002 829040 778421 796514 854175 792234 817078 847433 782448 866900 814788 768231 817568 783544 807827 810559 877773 818184 859988 827181 814923 805377 803488 769020 790231 839168 739293 771778 775723 812399 801008 850695 831486 815334 859388 766268 869720 838029 823327 791534 767782 765966 890417 820728 832255 743286 845417 842476 850680 775310 855389 807766 791412 799621 875460 782249 832903 806053 784090 799167 811318 829920 815380 805602 810234 824042 780869 829642 851193 802821 839876 831272 853219 791587 790554 759825 811600 841239 760022 829119 818319 829138 808453 804135 791374 808412 806230 811465 855059 793040 741879 809852 805558 771834 825805 850588 829656 780049 820113 800983 762475 826081 780084 848931 819448 848392 846730 785082 832875 829245 852597 777684 815118 866617 810930 798475 784689 843738 862130 768123 871594 817680 782073 808669 805737 813755 747432 827641 803828 855329 808521 794236 863949 811895 787416 818686 786861 773631 879900 801855 788184 762239 798123 771379 811436 870913 855417 791762 803778 778543 842371 777633 762546 778454 790627 850848 756373 810939 809213 822233 794537 863262 843436 821475 791043 844688 772412 781901 802166 756311 803248 826162 810005 730835 800555 834628 827824 821533 801782 862133 791560 776255 841235 794273 818840 796961 803681 820221 821978 840667 784807 812014 836347 824466 803756 811847 802960 819072 767295 816752 807353 817140 783711 785360 838522 792266 785622 795425 814656 840572 829136 810500 774160 856498 802064 769888 806875 739979 755529 766722 803409 815600 800890 846301 820517 792042 828065 789411 847970 786762 752014 771996 773926 817693 834792 801441 815064 815178 798187 823700 812142 785139 816870 877960 851562 812241 814523 829679 816355 797079 827590 817180 842753 849296 814951 763042 771061 825804 796056 784436 800462 819470 816461 872141 801955 826061 869349 820663 802143 818806 797073 783615 828133 817985 843493 811891 768899 808093 737081 769637 847415 851760 826796 882462 822088 831454 843615 840431 837902 803467 785591 844303 818307 755254 828563 788699 830826 803549 800805 800507 846788 807965 823304 787609 813580 804538 838194 
794000 820148 767184 754218 778558 804107 810807 741553 793817 799057 799953 788697 733105 754206 789580 757625 793402 745174 722449 790654 731456 756595 742220 737584 781507 781385 766516 759131 744577 736071 744686 740957 742324 793121 777228 816834 784667 835161 771206 732504 754838 768722 754777 769475 785193 822253 747633 788153 766204 729078 800634 777809 765549 791451 812091 775216 774009 810917 801927 716312 719742 762834 774485 775677 771980 787645 792283 793353 805062 750377 825971 724079 744139 852581 802521 796916 807731 748593 831226 802971 766517 763541 749164 757382 743131 869072 737426 808447 801542 769543 779783 762953 736875 762169 778880 723632 793842 736681 789367 784533 783784 813583 750059 840982 754822 805457 790713 790753 745938 750400 731588 795880 784229 802681 763905 821416 818753 800255 750932 838667 773056 791748 768470 834144 743779 763935 778563 776811 767704 816300 814087 762852 763867 774917 797477 746973 803738 821424 784474 796979 796719 839389 764303 794496 755293 782359 795108 732845 811628 772464 774277 832353 776843 765165 802470 762411 755491 804125 750406 727297 774579 747488 749805 778437 837145 787685 780031 774520 768171 740873 778976 766374 789906 790851 837876 801856 748692 776317 773531 836637 754667 787411 810072 775276 749598 774489 796676 785857 733156 820965 776088 750981 772511 766536 767265 708755 797603 782892 770081 781756 771115 821310 755208 748462 766597 772662 720242 814453 751479 780551 754888 797053 717945 768856 836660 765366 740263 777722 773521 815537 791589 726305 757284 795907 815760 760275 794704 784631 835702 756887 818088 768475 799305 740108 793415 760322 765489 805485 728371 763335 825525 747245 706827 745248 788800 769716 801770 752054 796610 770517 722629 813098 756183 777073 755353 779465 794567 795638 781122 753375 778600 829371 763061 753764 783311 775138 801086 722446 769489 794735 771714 737866 768480 814979 769959 773743 765797 788821 789880 804924 779428 778490 800183 760833 707455 756946 753198 737222 766045 791967 779861 749784 796177 794768 789367 782621 753733 790930 750533 713169 776974 708046 787868 800818 736669 787255 782626 783981 794461 753753 750248 808248 794001 791941 784986 792378 785836 767775 774789 755004 767879 780651 783715 778720 725473 720108 784339 745871 768253 783526 762433 763352 813684 774174 768601 840344 774048 783077 742615 752988 748201 767718 750253 776805 770763 768290 783531 707599 722618 781338 818876 804565 807760 752507 814110 782383 837169 790890 771925 752705 797927 779511 718961 762156 761770 779739 771159 779100 787897 805424 775084 780543 779030 781086 816298 820810 
821505 820865 814613 770818 786020 791265 816478 758540 838053 801823 820115 812739 748739 781461 763850 779920 801712 779907 760910 830255 748756 791987 757088 757941 793127 814522 777268 755924 753154 776549 763543 755941 783483 786600 801683 801993 851708 834418 788557 757774 777338 772789 781181 770236 832113 791076 779458 780113 811102 793769 833533 790248 810018 820059 777288 780216 754649 808471 847610 794900 730676 765671 803247 790399 766833 793849 789909 819158 806889 809303 804585 748812 778946 821565 801953 830683 810234 758200 830025 827354 780021 790955 780632 812924 786854 858422 800209 842990 823036 794178 801581 756495 754824 804876 805089 762574 793694 740083 773292 797435 790229 826372 748384 850515 745500 861656 836753 775592 753796 803308 749763 802517 816105 773610 735190 841442 819362 791764 767606 850686 779932 801374 818609 859302 771086 791013 822156 808955 804278 817509 782641 829356 754872 770088 814139 819540 793344 831241 837699 783095 799399 847619 799206 772159 757290 796942 798314 776127 830275 824363 780497 786600 789070 782032 795431 782511 777816 829933 765231 731101 793001 797636 777615 779367 833031 798440 789271 808208 776153 769865 814064 788871 837485 827043 856255 815835 758746 809417 823249 839269 755055 821486 872905 815576 813910 783928 836692 818212 729886 824748 785571 770813 805252 804988 754034 723752 811022 804390 816155 779090 766675 832916 745499 737800 792901 792518 744347 858454 793120 797146 758541 814689 732507 822468 832326 793310 746444 773785 800620 827368 763465 719004 756012 792881 819735 779684 783626 774941 819289 776558 833301 782663 815491 753348 806433 780978 792933 774695 763209 789626 841389 769422 735743 808022 808426 810565 795007 765259 830140 808662 757932 811326 780028 827375 800405 803306 823931 812975 823134 763576 816228 870733 767966 827735 804715 825783 818892 775540 802474 780411 775222 757274 773460 816398 811424 835892 806317 787376 812597 791736 758901 792328 808675 810866 778896 792086 733000 751114 762917 820084 804534 774034 792100 804847 772797 798293 781004 838677 804725 773475 777091 746731 819684 811595 784322 810018 783249 803805 824050 808517 736541 818488 828159 758347 817115 774908 808078 797484 766238 769983 778911 801335 803103 793328 725222 766767 820013 754509 794804 810865 799925 788371 830143 813452 783519 815533 823241 804660 822100 795761 768863 774023 803966 813974 763121 785018 794098 749832 727051 785896 811221 849425 839113 806113 820479 813489 838776 781861 779533 776974 824361 786799 720322 750473 766366 806384 778296 741684 796609 832329 804468 770375 766662 827422 810551 841579 
809365 807640 793490 789774 800075 844682 829470 734827 822353 787291 846792 825097 761193 838364 804746 793893 801113 772467 748955 833890 766542 767161 777291 736820 781437 813976 791184 799439 787708 775244 764248 759335 780941 776138 802527 813370 829412 815797 761024 767729 766511 792719 760411 781423 790891 823530 761781 812972 785182 788273 819322 792501 828997 852715 794915 807965 806962 842562 839288 772508 754029 789237 786112 816523 781014 787487 804293 801678 832031 791190 827182 749213 791419 834627 777602 802062 848954 774385 825864 815796 770527 787728 766430 774349 775764 868756 771790 827718 821010 782724 814193 781752 787014 813417 814502 744539 803820 768168 820773 789410 834931 822262 788888 856130 801920 843803 828420 804431 810851 771391 785197 837416 833198 827177 765231 860481 830534 842443 789146 843812 807851 808063 786051 848791 748428 806314 811429 795725 810648 842429 820345 798197 786279 799910 838632 765822 836022 815928 794690 813054 810312 839547 792683 800074 755079 767451 836301 766254 845491 804516 816289 844402 778869 778282 802903 793210 788634 796937 767732 733337 800878 788942 761570 781018 842272 825432 799591 806284 835657 759912 840003 768232 855614 867640 882882 828303 760288 797223 809729 851242 782455 819869 864584 780475 798429 795106 822565 840403 782409 855849 775642 738089 797195 791382 796212 727084 815103 803617 849137 783447 767385 835748 771339 770260 816402 807010 738263 850553 811747 803360 754663 812340 732568 775428 851380 766774 757009 794207 804820 838156 776485 745028 774855 797170 822771 771430 814372 769528 844747 755622 837671 810933 810295 810614 809904 794883 783590 785367 736370 790951 840241 787063 727021 792237 807400 791596 796217 775179 838072 817559 761946 854386 751823 819158 788960 782404 816952 795914 821415 762134 810830 852487 784561 783990 824313 831275 820398 759890 793280 801148 820467 764525 774381 806426 803365 830453 816606 814866 840321 822270 780996 788698 797535 812743 729360 778016 736308 770111 791115 795423 802030 816518 812987 806840 770242 781565 788276 821333 761429 757510 801634 761622 813770 852155 772148 805547 805070 784532 811901 834447 762102 812726 815787 758491 782437 813842 819463 805713 774115 788538 776518 822003 835694 824836 719926 740766 818973 766481 766624 801691 803225 772615 818484 766700 799390 820098 803162 793077 779785 790270 766135 792336 803135 831340 778115 786492 773731 774275 740342 827592 858199 807124 866721 822138 822218 819632 841410 780194 798105 812059 779784 811664 752948 776992 763939 811533 788522 774931 850525 842922 771587 788501 768917 808504 808154 807896 
817065 821722 820408 777273 800796 833517 831109 777968 850657 802230 843801 853557 777968 837241 811821 827163 815540 805998 768391 829365 804880 816595 773564 796246 842966 837742 820189 814606 807967 793903 776427 802522 811827 767228 821862 851622 849228 853702 809047 763178 795231 817464 787413 796656 815670 847119 793300 821922 832111 786428 816498 798872 848473 838812 826675 844611 803420 840763 871740 787241 759031 765226 810054 803390 783707 815608 807734 802185 792334 795497 857900 768446 785477 829366 786784 837041 819550 768056 864154 844973 783211 836888 806057 789969 791582 874690 802068 840153 827140 799035 788768 775738 797415 820272 816561 768956 826418 780298 815679 810915 831322 847732 799377 868479 781743 862963 841040 819020 793696 802674 767201 850194 807050 830758 758428 856374 834500 854643 803824 832919 814628 822371 785304 853550 802484 810971 822401 811030 817843 855207 824609 805627 790422 780742 841672 811506 813460 855112 830331 827390 816125 865901 801763 793274 713130 819972 823814 779840 867041 838992 821258 828775 805065 791930 834861 807420 806363 841313 780056 755032 820671 801813 829298 811676 874553 828962 819057 801421 805674 754435 852477 787713 855669 840016 877284 845074 804873 834855 826932 862131 784111 832934 852772 844942 798862 767535 823596 838612 800338 884723 822880 799173 797706 770770 794773 738610 829024 802964 818515 826601 793222 839463 782059 790064 809885 800973 777923 871428 789307 815868 781674 822645 760403 799710 865050 827302 794151 791547 785984 852855 764371 769839 793961 814285 819023 786469 806944 800274 835944 826392 874119 805271 833826 808524 845125 795889 783364 796298 771362 804884 858517 809675 741735 818147 814647 803968 837435 800572 845759 783446 779697 840217 785491 830213 814782 824658 809098 820034 820813 797328 763721 829939 818213 778092 824590 809096 847920 793585 808917 802368 779298 776960 815664 818208 789285 822989 806299 817056 849094 825838 792080 819355 854229 807909 745136 812963 747894 798904 756968 800409 796720 804136 791222 820502 808654 810914 828312 825453 774578 747828 786151 739563 837047 840968 787828 836776 802274 777809 835517 824888 790453 836768 856474 825881 813081 821739 830325 781370 807412 808354 821264 804503 824119 807952 756481 732020 813005 784381 786314 805934 795533 792876 848385 807046 792266 859048 855474 815903 805437 813690 796582 795479 800205 856437 771041 795839 815024 747180 741301 828074 861759 851276 864192 805688 842642 846262 824277 806372 809511 803994 830692 813202 744339 807030 821498 840376 779235 761880 812991 810983 815554 804838 775003 814280 806701 827090 
777793 733517 781648 746129 753446 780817 801096 735595 776026 765673 811664 789367 737245 790156 746149 757727 746190 751703 707969 784478 771461 743860 747695 699619 802769 785242 748018 765028 724803 715034 729350 709053 766957 735027 787203 776887 808447 798671 760051 728365 735940 757519 778896 725460 808836 783567 765317 790034 803591 758347 785773 761280 782004 807815 765127 773846 755013 806059 803512 753787 710224 735278 776497 762544 737531 802996 765172 804018 764486 768973 816785 742639 727548 795809 753168 783624 778811 705573 812210 758432 736758 771458 751775 750372 757546 838378 768534 812681 801224 760708 751807 741519 742740 758462 790722 707655 769123 729293 756565 775351 772605 796598 746202 824629 755383 818448 800496 772113 747623 749165 732409 786630 778711 814375 725826 820863 798957 792372 773927 788375 766513 788055 777528 794529 740330 774940 755794 760751 769421 803701 783156 798745 743549 731697 805101 765956 773698 784376 821887 771263 789232 801169 750536 769027 722034 763705 775837 742625 814788 784064 774637 798608 738317 776214 784199 769345 780917 811808 695344 735725 762979 766582 744323 745923 817909 758065 751912 760712 756385 729120 813679 775282 793578 823327 826065 818781 765166 763623 772275 823962 761682 793481 836517 790186 776631 776196 794939 776660 729390 843361 759291 768273 765217 726341 746367 683965 806748 782546 791395 738142 749265 790311 745184 707723 764846 781313 750187 823452 774462 765379 761410 780891 754718 768373 815675 766148 762632 769040 768217 776115 752192 717814 760747 780061 788774 737570 767549 769831 808411 747061 825340 787696 797954 775663 807181 754476 759400 766928 725634 776434 813045 755009 708950 764345 769933 747204 782541 748700 815045 770434 742656 792987 696959 782884 759951 751642 770446 816242 797193 760004 767846 836787 759555 752617 780486 761414 767643 744109 780498 760506 781547 760644 744335 806570 758225 784304 762943 765198 781420 829755 741592 755489 818890 777644 699930 755523 715668 753683 762995 794948 787183 773734 760145 790532 759681 743996 763740 781171 734720 741502 752353 700764 808127 819135 720265 790517 749925 765848 767388 787847 736098 791408 818714 763345 755523 778345 795967 756338 758035 764812 741208 771845 776521 772883 743071 723767 766582 728434 751370 773690 795571 750644 793953 744857 760270 781439 781492 781179 742761 765541 753891 759249 769070 793737 750162 764529 766811 732081 716641 792093 763054 774730 822827 783074 788282 780163 799723 757073 785623 775531 779748 754803 733051 760065 744812 759231 742305 745629 785424 799848 744726 752391 738327 771704 773646 810455 
803808 803608 811057 758463 801888 850252 827009 774563 785449 822203 852216 825732 766510 818612 811934 800585 803364 794551 718695 815112 806427 779163 782186 735730 821992 834603 814836 789725 778587 784752 775382 742116 793081 767644 820684 813474 848472 830483 782817 733443 788543 782695 778433 766734 837771 802650 793066 760268 804948 790003 850348 781342 823096 810025 815130 800236 766102 828661 840485 784094 736055 813949 791544 782252 770626 796108 791140 807832 808609 786536 827530 755919 767246 836718 791509 818264 799743 732953 849386 827653 772513 796373 789940 767700 790962 876068 808539 839986 802369 818652 787016 780552 762665 804745 815190 747886 792823 770797 785022 799812 803581 838151 806329 867620 787404 860285 831310 766876 745480 796822 748712 815019 769274 773345 754626 838251 837957 821687 825464 844815 783954 804415 789559 820694 772272 794428 808028 798994 810046 810624 834797 812573 765622 783810 855092 773402 822633 834411 813458 788149 796265 849675 800845 769286 754974 799834 799776 765495 813662 802809 790569 825266 791799 816819 803788 776931 816271 814974 756326 743553 808291 788310 773422 777939 855583 826103 775722 794460 798409 754626 844571 808944 846223 838682 862922 815783 786448 808226 804590 844905 750282 833264 824899 815310 814660 787458 816238 841825 758419 843782 790043 774365 791684 764290 801717 709438 790220 785139 835291 804731 789749 847711 741244 777192 776029 810766 764750 822537 784282 791368 781301 810284 743997 820178 854656 790461 783194 783766 828292 828755 762562 758477 790582 790139 831029 779646 820601 797366 866080 764510 848762 765512 803084 794273 811061 786640 788259 786914 780487 800903 861786 772038 737487 824528 806578 820366 790512 791169 836429 806643 747027 809111 778345 803502 803421 821973 827670 802047 811023 812221 821156 883443 793475 786029 800380 827382 825640 761274 802576 790322 800870 758172 797999 812549 795739 812781 820108 795780 828321 786605 781727 803705 845852 804773 748248 785905 782907 766362 795034 833574 806454 781839 809777 818766 781767 783577 815087 810910 774223 740624 802611 739035 829374 801751 744806 819138 819306 770197 809961 809181 773850 823439 841697 802531 809761 786970 810056 806054 790944 769712 785697 803539 816256 809444 731843 746272 813577 772819 777478 805356 789947 784046 840418 768071 788151 832839 817324 778937 770901 774534 777607 811664 792530 810052 797100 799638 816036 724044 731915 789347 836285 823267 839899 808086 837345 809911 845444 798918 785100 782461 844425 797808 766073 755251 780973 797718 782143 774017 805789 815403 785347 792924 766919 813347 799778 818719 
828054 833838 826804 781301 804935 836454 838189 772916 833418 795034 854820 871298 759977 825097 805684 767470 777162 817591 755564 814227 777097 778406 800382 770622 824583 823352 811759 782506 792136 752353 786415 787079 786980 768037 824791 803540 829022 841830 774114 775923 807117 774205 772390 775342 826711 790290 799125 784210 816634 768243 813095 812463 837898 831668 831300 805057 799593 852726 854095 788407 746799 793448 768498 827687 784167 810546 808145 808723 824923 804463 825269 740505 780511 836800 795297 799517 831904 760219 842132 796995 808211 820913 812929 771240 763232 905111 800690 859752 833801 803949 791297 780801 799413 841462 816292 756864 816983 764893 811998 820865 799412 855660 799583 875889 770699 856578 853993 784578 789145 800396 769931 846996 806454 805019 742755 843870 847816 833734 821168 823844 805891 811260 814537 856631 793789 791823 812830 808697 815062 824049 811617 793943 811725 752707 843303 800438 810770 824932 833269 807811 831908 861775 816454 782947 758167 805984 802037 765994 838847 811656 824934 797957 789801 813477 813332 815181 816007 833737 765457 769581 816624 824738 774608 779884 849796 831092 789119 763736 798396 722055 836850 806975 852836 851758 860832 819792 784749 845102 798198 864225 767746 819280 854999 811649 781188 794217 827922 829123 797774 855679 814893 757987 812626 767316 768165 761480 826860 796852 865289 813265 725620 854034 789473 780268 821991 816492 758895 834588 799404 784526 762103 804189 752551 814888 845942 813370 800496 794614 819652 827922 746642 765288 798186 821009 816251 798064 804007 806289 830035 747269 838656 822189 814976 786144 812347 804646 807156 780851 800843 768749 838064 766663 743071 781621 787811 812944 813452 782885 854656 804658 767291 866575 786701 840096 804257 799120 784734 810119 813839 797744 822105 869687 807106 803520 801968 811641 834280 773313 798213 822665 773494 762099 806936 788676 776013 816498 823859 792915 835592 826158 807264 793643 833717 814514 747580 779941 777340 753532 797487 806727 822366 827561 811603 835625 820354 825885 785783 830087 798711 784581 768052 779453 834167 843317 749724 799725 793356 821419 825804 846256 763497 835684 821922 794023 814931 825233 794903 820725 798372 765799 788625 797864 832621 829582 714845 732577 816071 781368 770969 789187 807020 818944 852105 775425 788896 847362 815150 822428 794675 768180 771814 795819 816398 831662 768185 805110 821909 775188 731426 815049 803751 832622 880605 814566 812060 801820 818630 805168 789135 801807 838201 774710 721593 792874 808074 807365 808775 797425 817456 842551 794486 811557 777405 803290 816298 803431 
839448 834643 859311 806238 818341 858868 853181 779820 880157 849303 835731 867656 797928 839569 820383 819505 800213 780739 758845 844956 811049 793500 776785 782236 840978 831085 835240 816576 808217 815847 795981 760958 809235 807541 828410 872571 855405 864889 789107 774374 804266 818124 817834 819744 844041 857041 823197 806865 826064 821809 849722 784115 848569 890077 837935 818774 784354 851635 876348 794248 737317 810547 803673 828885 805035 830224 813139 821663 832182 837329 839755 802747 835875 866722 834833 836800 860718 765409 874383 845540 822866 859921 820448 808038 827897 897124 816949 862648 860060 821682 829222 806241 807061 816727 839788 778566 840555 811207 835720 807834 832648 838475 800020 877193 784405 870464 852233 841206 809741 811808 774286 875514 825930 803864 764741 860386 839897 839759 834044 851158 789912 833406 816961 876825 790461 831924 845425 818483 842546 850146 851202 833253 780650 825813 874867 774440 853570 880899 863578 822081 825764 873997 793061 823471 784477 778046 836898 798800 885213 829878 827084 850843 796554 791801 868673 810619 826000 853740 772664 760126 822993 804576 798180 814985 854133 847077 826737 802580 810702 796733 877335 828883 837583 890853 874609 830113 791418 860114 830783 844729 797580 844654 886828 857087 808125 810123 841168 840658 765456 875097 809718 811723 826399 804445 812498 761234 843540 817487 852504 860671 787911 852161 786719 767981 807190 815788 793356 892148 807423 821145 769624 834400 762855 822547 882449 843086 805117 825749 843576 860116 817086 768613 821671 801874 821721 814196 861903 798513 867920 797812 848773 812017 809859 819509 854618 810422 807140 835821 777197 834147 888442 817956 770491 870355 826766 836303 834681 779015 851729 826429 820267 846456 800782 859434 838537 840219 815509 844278 858572 784213 811633 893260 798217 782029 839268 842091 837277 792940 826328 804444 801524 773760 810735 837068 816235 844097 821707 803347 849018 834172 831939 820118 846723 866674 747927 853090 765974 781837 788295 846394 812858 789925 827870 835053 815691 823809 813578 868066 789259 787858 808701 755051 852964 815541 783175 818411 818419 802220 810066 843653 794791 841602 875378 829855 824442 826022 849151 812619 794522 816724 812833 819351 839588 827764 808784 786755 843369 782068 802836 792071 845996 791100 828049 787484 804543 869842 850873 816269 822973 785425 801739 825984 836353 840709 820340 815892 794250 755616 733168 825428 881478 889341 891611 800186 830284 856921 871906 826835 814042 839568 850703 836961 740201 794500 821179 863461 803068 773420 821441 822584 798501 811967 782634 815483 812995 873786 
875320 857521 866170 849945 858385 864129 877822 779938 882643 867557 880407 926135 809927 857332 855298 862912 839423 848112 792866 878593 833645 809600 775544 812168 863391 860640 826911 842284 823008 828541 824525 810364 842908 841364 854845 878790 885659 859134 845790 819689 837127 812687 846511 834196 857138 856369 832460 835057 861711 861004 875465 820510 872189 885577 850671 836572 827254 876064 907984 835066 765719 831468 851830 845849 798629 851630 821133 873478 843163 857399 873851 811133 838052 902642 867471 856322 867478 794260 881616 842355 809827 856394 858231 809009 810093 905323 826120 898785 869435 845317 823886 834916 810303 842572 843184 791248 860801 806912 819694 846736 825712 889370 852672 877799 831436 897819 881661 862590 815931 837921 767719 871336 858109 842139 817097 889121 873218 877575 854828 869877 859191 856034 859953 906678 815094 858620 863353 838201 850355 885893 873699 891726 804568 817906 916417 793417 854848 866930 893794 866131 880938 881827 851820 838481 774763 817009 865874 804077 890546 841928 860981 843519 859462 841071 854711 852146 851041 876458 807196 783308 844099 831456 832960 834014 885362 861761 841362 839148 838555 795588 881599 858467 900801 895532 899655 851727 818973 874376 834009 877501 818046 856449 915470 876662 833175 835613 879571 869559 806834 902104 839639 828767 827249 821907 835050 779868 868093 842161 882843 835852 815174 901799 834995 830408 861207 839728 780203 891309 817735 853448 796297 860866 809348 864343 894640 846428 832369 843892 843574 883276 818181 803394 824856 872578 863612 845037 870548 866261 896807 822943 882717 842913 878914 867414 856223 849957 855931 848144 814412 849350 916385 846813 768101 840613 841804 856125 827562 844732 883818 854447 828451 901826 843150 846914 842257 835773 844116 838890 859925 816327 828253 911533 844762 820874 862107 838188 848076 812002 849583 854527 819788 824816 825984 876414 832536 859264 848205 859032 886283 897455 842742 857945 872695 860272 783776 845356 795574 828823 842742 866079 841245 837921 834020 846765 825904 840892 823568 897273 800813 823293 814058 773682 863742 866530 817558 830589 858013 866110 842572 855333 820253 860972 870355 814225 855653 842938 843063 813481 838411 859134 831906 844969 848047 872296 804178 792639 868354 835001 816703 869306 850937 848419 878936 849205 837799 886222 890653 870520 849709 798539 830111 831830 841386 858329 835577 824354 861686 782933 793902 859784 882639 896832 921551 822211 861250 871576 883282 830990 821952 835538 901941 854068 795940 825050 841691 877236 852402 811375 864420 886619 816795 841044 808655 854838 831068 875247 
788044 802397 790793 742159 771883 811438 825461 745875 831862 800226 821072 837754 765637 806060 762686 792880 785715 785107 729722 804922 763734 748146 718406 777699 782683 804025 794774 765932 768209 737842 755618 706139 773757 753132 810271 810692 835581 782632 761675 746322 784829 773212 757697 762460 837176 808124 763558 756948 781741 795051 797584 781175 806915 805057 838244 794097 766791 845035 831623 761540 731322 730003 774835 789140 770858 794315 772681 779295 792320 746962 806986 745239 784903 850694 772511 797042 812542 766159 816513 783140 769839 778426 802341 766676 780849 827227 798250 818165 807441 810371 770914 772587 771660 798723 818613 720909 780438 752418 783450 811697 781255 794126 789641 845149 755238 842549 820341 779591 762564 792172 728193 822313 805085 780371 711885 833615 827539 816416 780463 817614 781408 785648 778971 843656 768403 782037 804282 779862 781294 790229 806534 800554 761310 785457 822674 792147 798874 807451 809608 775780 783882 814253 779334 777380 761285 788644 811134 756395 820872 801351 802454 779245 788804 792477 769393 752565 780923 811695 729395 734495 782715 780473 731219 758131 830563 820847 759676 773663 770526 757531 817690 801714 819017 817193 831054 804668 756465 765523 798201 833087 748037 809756 873240 800114 786256 776535 807494 788194 753347 852038 779087 761571 771391 763125 754205 703563 828742 779124 820285 795801 740223 825898 737795 742759 773743 757507 754282 841984 782581 790090 766079 760293 732920 758986 822171 802578 776447 780647 768419 808358 770734 730243 780836 775936 795193 776370 776717 777655 830836 755272 827933 772644 807007 792397 790818 764782 791406 753513 760002 775445 823605 767845 749738 781921 795730 782466 794603 747826 801817 781852 757871 822030 789751 806156 783949 807271 793935 792334 813174 737857 759050 820932 784537 769691 802822 803042 770708 748890 771998 774491 774991 744711 761087 798230 782309 789320 769053 811998 797210 793195 778491 760033 797310 788984 717680 756170 726953 766509 766479 804582 823269 801850 776528 804949 778518 815290 780104 823986 782148 781701 762477 760285 802970 819818 758270 802335 774722 774583 772452 814460 770505 808056 814826 798070 819117 770158 811503 769743 789006 793556 788510 811140 828876 790983 722676 738658 804020 745002 753864 747949 769170 771737 839276 782137 794192 821262 766036 778195 775481 748150 755240 763793 775100 803842 761453 764166 765513 733320 739373 791347 803803 816704 850938 786184 814603 759135 827116 787753 777671 781732 810714 779450 721441 767173 786349 776672 804420 750224 779816 813077 777631 775349 772600 803928 787076 805871 
773885 751900 778661 725248 735789 778639 784907 702590 781469 771554 768847 798407 726877 768813 756066 766169 768992 717994 708326 784718 732026 742920 692925 724140 764922 779104 757312 748217 762560 717609 749152 713079 718986 732783 784639 777111 759574 779550 767760 732820 750118 740112 730323 749251 788565 794991 717045 726834 762344 740153 796042 743013 790225 798706 778763 756103 777687 784328 795643 740652 702532 740125 753659 780953 709816 757730 758870 776323 769737 749742 780309 696261 724589 795912 737167 774232 794108 732144 801921 798021 748312 782986 773049 713210 764677 821861 771593 804728 777127 755453 751893 750952 725712 760485 762617 702152 729455 732054 744540 771525 760085 798551 757406 815872 720115 790832 788423 737766 748814 739176 710028 783758 757997 744249 710109 781316 769421 798030 770991 806893 762896 763132 741433 816241 714325 752321 761866 734683 760498 791682 788886 737103 717251 732358 787709 727560 767149 773205 782498 769210 740493 784306 781621 789643 729439 753271 802160 728887 816056 767581 751001 765020 758174 746470 769004 753955 753939 802076 746978 692971 760477 746275 755837 735079 809947 755425 746064 727811 738267 737459 790623 755053 787184 795397 786624 750344 736892 752803 754222 788977 743122 765101 801538 745681 762855 747206 772606 741610 721597 802195 766626 714981 785285 725556 723587 702837 774812 766710 809602 779866 745772 778313 728203 741552 735473 740879 741700 807144 726728 762685 710624 749566 725189 751401 825588 725417 721567 761626 767130 776464 743132 713409 751180 762430 772449 722021 787248 734796 778441 734834 818075 732476 767260 771206 749686 719944 762225 777231 713544 752812 793301 738408 689311 755566 769522 780642 760762 761369 802720 750693 719937 785814 724061 777841 779996 751298 752226 760646 779986 729252 751473 778378 732795 735956 773088 772754 779443 735122 748437 758568 744385 721722 725347 767210 743611 740126 764115 754528 775678 773801 748326 763541 796641 743307 683373 754594 736849 732115 735140 756596 751172 755628 766228 765467 739270 739057 764495 753654 768417 729452 723094 680002 775196 759811 716671 770823 787666 747379 766417 769624 733436 794023 782747 757616 757352 730041 794039 772450 730995 757658 744049 754315 768007 754567 721657 709174 767240 757387 748843 761665 759279 725392 799749 750404 769202 793551 761946 742636 717453 736127 715275 772273 717709 796982 739724 738748 744404 711258 690842 784551 801559 775793 795772 743946 775842 764243 805777 750821 739772 733602 770403 754121 682490 724799 734232 773005 747992 737054 753834 759818 757363 750140 739840 795129 763094 777728 
860326 856675 854633 864801 848319 883831 916359 814202 864726 879713 900382 897043 817646 837736 862630 857246 894955 884540 840031 902370 868333 810640 812682 848483 909694 916511 865908 871076 862582 825924 835877 821514 881926 882536 873280 871280 906264 878318 833013 836843 835909 849747 822379 832030 925829 883481 867659 850408 884071 833076 902852 873859 922543 896445 871429 866386 876897 923260 912088 837089 815470 860601 849663 881216 867253 878980 865817 864669 863797 855965 922654 820967 855513 921290 845930 884063 910298 828874 913451 881868 866950 895912 890249 803430 852380 972461 862654 909590 877873 889046 884706 856860 866785 903678 883867 812843 901027 826662 875603 879816 858562 937784 863302 951400 820484 942912 907978 873503 820630 870708 821511 920264 839110 837579 843610 939511 910482 934708 843913 921791 843085 891781 858614 934647 831984 863822 906773 857650 850602 903023 881218 891515 854740 879159 917432 851817 875175 914687 888275 881055 836020 918878 849583 853679 821484 892139 912544 823905 920704 841813 863182 867484 851154 856312 874621 849475 851922 887404 825111 791628 885908 839790 848853 855322 929070 853440 873562 880434 854863 817762 907719 865913 878524 882054 942935 898278 880175 866710 903070 929086 848967 878732 938670 917309 854509 856418 894692 866931 836124 936677 866655 869746 874412 844701 854388 789088 851134 869535 904558 868297 849635 933884 844069 845625 871188 888824 840828 943451 879601 891589 834979 906814 827347 876527 949268 874318 818597 856715 879158 902269 828310 814416 861667 867505 896520 836342 877159 844774 898292 866055 905447 858384 898676 863888 899787 861913 845268 856295 815450 869118 926952 839371 834309 860514 870831 873741 851991 873512 920377 885542 847225 897204 847841 884801 831168 893445 903601 867812 864103 860947 877925 911155 874708 861211 864028 871885 905022 818853 860628 865078 864402 843186 848981 869889 861984 840262 896892 882421 887722 889792 843817 857011 910117 895931 814305 858914 809952 811108 858791 860090 881630 888228 832052 872013 865150 873414 866184 885283 863587 829749 844229 820792 869643 876285 801614 874504 887925 854914 898509 873382 836481 901833 927466 861804 883708 874228 912569 901508 865461 852391 855320 855473 892704 865875 793789 808376 890758 856214 824698 865651 860396 860465 925155 850539 845178 954097 860592 885513 861331 858753 877208 871310 847382 856434 834344 869309 868915 794405 817998 860267 894494 886642 892454 839015 928368 857879 927893 846150 839953 860579 900200 853679 825400 822482 874625 883363 853774 851941 877469 895890 837423 880383 877648 857629 872570 901367 
840966 809251 833422 780261 806144 845735 848070 769457 829383 840359 874745 851967 797372 819163 821962 803351 839261 795008 751534 843353 806996 781836 799146 784504 824632 810978 801392 824038 823007 808974 804608 784962 775316 788632 826092 841229 847344 844216 800440 803038 830104 818267 780336 816858 840175 807874 811178 797203 820904 798091 846505 840206 816207 851851 812776 830421 789303 880252 850596 801378 757477 809353 761999 827936 789661 845636 836733 825086 826329 816496 881936 780429 795065 842755 799713 823890 848168 793822 897275 845026 797022 841903 819903 790270 779594 897517 824913 865615 813797 828600 794714 823284 779616 841945 821246 749373 838927 785096 826956 824588 839435 856344 801690 886465 803143 877960 868204 806961 807967 827619 783309 849025 811508 832646 780730 874410 857152 831426 830357 868650 833704 837134 823265 878504 800487 798946 827797 797885 790011 818297 866804 809692 808066 810307 863330 800503 841401 827564 860931 844057 804965 856148 818992 808243 769146 803888 820655 778140 865058 843594 824291 827550 792970 799396 846006 784703 834387 857302 788805 750427 832009 815501 788407 810887 871736 841863 816386 809484 811356 771181 848578 799407 862123 866333 870152 837048 819135 842270 834848 898622 768434 837379 882657 832719 805659 801968 835366 834993 790288 885391 816911 802925 813698 838133 814774 754479 848005 845833 836492 811064 783974 859178 782117 779870 818589 826584 775552 851243 828274 846615 778725 831152 777540 795298 916018 834514 775457 811266 857951 833134 812557 788055 821237 827862 831704 794352 843158 836823 875059 813924 900304 798609 836635 825696 843920 782641 765580 815977 790698 819238 859616 800121 744676 827722 795439 826412 809878 796825 866519 841641 801411 842296 801870 830373 821170 823221 815383 828681 826235 829567 831899 885854 818712 771308 842068 842866 844162 793312 819262 825931 817904 787802 818350 787583 797571 833776 804762 810548 846036 860713 810815 814199 868752 825337 806231 828836 768288 779988 813823 809547 808323 812523 811186 827251 802634 821935 830626 845311 801886 760614 837629 743855 835422 832873 790558 816726 807237 805671 822832 841041 803098 874941 859710 820423 812454 794876 830006 807725 799964 828703 835929 803600 835484 831608 745705 755222 843332 794519 803076 803978 839555 787365 829160 811093 811185 858603 840557 834396 796397 794499 777277 830382 837241 826355 810656 864676 804801 755018 766192 816808 851809 845613 859568 824304 836555 816275 860859 820124 812670 797068 835676 814980 745413 788585 826890 817666 808190 766709 869533 843824 804918 820564 776931 813740 823009 832839 
865009 853391 843241 804869 841246 838075 867789 787962 852766 850700 893180 881938 802162 826403 856242 804102 868804 817662 802689 855475 813525 808917 831102 782116 866623 880015 840553 796411 801840 813689 807982 816537 785379 825352 814000 876757 882459 869368 808105 751553 841524 836480 796603 809359 888734 821010 811730 833674 870874 843585 855554 840603 857793 854902 842315 866664 819169 845361 870959 810049 771381 837118 813634 855487 848048 836197 853205 846257 872463 828070 874525 779818 840936 900408 827060 885351 869757 799747 881242 858038 815380 842991 816062 828847 855626 931422 821578 875729 880391 848089 854988 849708 797752 841961 875547 778516 856180 806060 820215 815180 861578 890174 864465 920669 782444 879559 862767 867900 823699 785257 794111 887973 835058 816531 793918 874050 887372 867521 835323 886805 845226 826501 856492 882243 811119 846577 846985 819326 838914 848285 847455 882702 807573 843757 845140 819551 862518 872091 839575 858676 854627 898957 879099 848225 810616 822753 859612 823300 875130 840530 841332 854065 834307 810724 847715 841180 828044 864109 815668 787253 827267 831414 828797 844347 881981 853173 822681 838462 831944 815910 861141 817965 881446 878865 884838 869763 840374 844012 850137 880797 823563 874696 913248 839234 827691 806722 830615 864203 797798 885408 824877 792079 835983 820747 843435 783649 878450 838669 897155 852263 788916 895322 813681 804894 825624 842955 763453 874442 814137 836237 784125 860514 814529 850569 916089 833316 841938 831490 866093 874133 787386 772696 816475 841665 852480 820197 864901 806322 898474 802354 880452 844639 829033 846453 861147 827771 838178 837482 792042 842342 911318 814642 764657 840593 857876 852348 829580 813636 880073 863523 830264 867851 806980 879968 818824 831317 851468 852487 836305 829958 821738 923962 862041 801309 843590 889291 842176 800938 826821 853728 839621 801624 828143 859714 808577 874819 884593 829757 882473 873048 835207 836854 866442 839459 763546 848069 804745 792966 823572 847111 864420 841195 847057 859283 831639 826641 813681 886631 792811 783333 792193 799113 854242 873160 826033 833621 836242 822021 840898 841872 770293 878387 846220 832287 875829 833328 854104 863686 832558 822642 836175 855592 888247 837091 759809 785308 852143 811640 786272 833478 827594 844393 888902 840049 828221 867857 854890 871285 877485 806641 807154 806156 837241 841817 829314 830348 848819 773799 787698 831774 876351 890995 901215 808635 850075 877031 864002 852631 821429 834601 884931 846895 777750 817440 839967 868760 843998 804420 853064 857713 838881 819004 817386 855390 844550 859825 
788464 771805 777074 760754 773215 785749 794936 720927 780046 788965 807128 800885 746812 739706 758095 755268 763560 755763 728441 808870 759849 717349 736173 738330 773075 781260 750982 784120 743872 758881 721328 739357 752591 761754 773113 779113 785916 763726 742187 708279 787381 761674 770839 753823 792503 765607 738416 759715 777484 780357 793923 777392 821792 766487 738840 769515 766576 793742 812081 751645 709974 765136 764354 765574 760652 770247 801373 767187 780826 784185 821760 760492 753868 804323 767349 790057 756875 736854 817222 775893 750556 795633 776114 747912 768112 851932 765476 809073 766518 761024 759830 751044 725145 789625 802621 720632 776164 744060 769685 776804 769510 810929 745831 820956 738954 814644 817805 792487 745064 737542 718390 800646 796727 744899 722166 809377 774229 822720 773889 811222 787117 778628 777764 815569 761670 785973 780184 746750 798653 807796 789789 821915 741203 763712 801890 741130 765946 813786 815654 779698 772900 816404 746311 760162 712892 769796 798336 707646 795076 761895 773300 788176 764633 779354 790185 775828 752878 799147 753268 721626 782971 761874 733005 764391 807699 795852 772651 743660 784949 706539 791165 772104 808588 817999 833178 781075 771210 773408 796343 811043 730328 795586 849867 769756 771739 775311 818690 798258 743740 821563 739731 758101 764683 772269 774095 681912 789441 759192 826504 765005 740857 801199 760073 729282 764661 781097 739686 813489 777076 791965 708467 775717 753644 795868 824213 770850 723488 753439 803856 813211 748011 725806 769265 777037 759607 753493 813473 785725 783771 766145 823237 760828 781326 745598 800282 765789 759116 769121 731129 768218 826587 756916 706862 755828 749597 793807 757401 752081 803478 789403 755784 824257 742023 792472 763694 765243 772818 777990 803001 782489 790646 810442 748255 750429 776859 782579 791113 742886 783449 767785 776985 725019 738168 772870 746636 783277 799765 770150 812386 764837 769533 741996 785339 792321 719241 751257 727784 712042 740939 773768 751519 776475 755089 794761 750704 753432 777108 809014 751809 755502 747505 691074 801145 800383 724558 757785 752357 781226 770200 765619 772069 795920 826283 746597 789072 733612 757341 794356 754045 725020 769310 753807 776304 793923 718499 726582 772307 719244 735788 772989 762533 760977 782155 756593 757446 828289 778317 782508 764367 734107 756494 737904 778068 766250 750480 771095 764331 714153 715982 773203 792618 806559 822402 780812 784776 752116 795574 780298 756576 774266 762784 755807 717957 722994 765036 772393 764791 742722 745035 794990 775584 781932 725576 765576 764381 785604 
763479 794246 772381 739044 756299 796722 809864 735191 803383 819770 806248 791152 742839 768797 741799 751641 785467 767357 714141 808873 730390 707882 760834 731755 806997 805251 760609 743362 716855 765706 750545 751742 755751 736226 772052 788297 798829 797320 728890 747410 752399 750497 743401 730632 819033 783736 749546 733610 775643 773038 821911 788169 778883 811103 756240 765555 757393 768561 819845 742504 695431 763942 781539 775708 738636 792667 740629 797801 785264 759664 785539 723147 755794 787231 775014 809400 786791 725113 822987 832715 782449 775235 746751 771985 745147 859544 767297 825972 782545 751252 728130 749461 742258 778719 775462 678918 775173 749372 760159 758950 747247 808393 772586 818874 734405 846265 828476 762002 755469 746373 721813 829261 761143 782531 712475 798819 817040 813093 775037 802785 787139 784731 763156 800621 763506 778867 792808 767889 765973 806344 806767 772832 738013 768205 830616 737747 778218 829700 811591 775943 783755 779655 743593 758255 731519 767403 769921 753311 816871 775578 739159 773855 735668 771508 787658 748003 787830 789619 735382 701091 780982 751398 752128 766779 794161 752608 759676 778056 766089 737301 807687 755351 772101 822703 800162 796976 707472 780780 774400 808514 744702 796123 835604 815375 744378 744629 766155 774245 736582 780548 760519 761741 765680 739442 775702 689762 796876 757982 800354 773426 740424 791158 754296 726133 769863 762024 734517 798574 764807 749662 736615 767078 737631 789896 791832 781203 748425 760682 796312 791502 736643 708924 725424 788958 794379 759161 787960 767509 814718 747296 804867 762038 780513 766671 774034 733658 795739 771547 736182 744993 850763 768203 706160 767967 766722 787720 759839 743550 805213 769350 744965 796664 755440 774225 738706 771594 802652 758920 789262 750348 772503 830823 773219 726571 756290 798252 784101 740486 756133 781225 767035 720374 772330 781627 789761 796562 762364 772238 789637 797596 765627 790345 810590 796273 720400 806579 711670 714167 771416 774438 775216 765282 780362 801516 772438 756923 748692 815836 770391 701832 759985 702407 791543 773547 740611 762443 797691 755720 763724 780925 738173 785811 783876 749783 767045 751623 800102 778841 767493 785885 770193 755824 748446 778179 719619 707103 786659 731139 764366 744331 767962 782027 784412 727586 788726 823752 816273 790958 772109 752275 698029 756302 762334 743305 774594 751477 757011 738114 724974 768341 795600 817789 847030 766608 785516 762942 777739 788169 760844 760943 799273 766537 735327 752789 749064 779987 774322 707194 768205 788072 758240 757451 759348 747711 774306 789567 
833635 828247 797048 792732 787726 816125 861472 789790 834321 831688 807870 831157 777645 803221 795983 807472 838698 773209 792988 846020 775573 775612 781025 762903 817567 812237 795176 812014 792845 787927 798690 761411 797288 785024 792855 824096 840923 805933 785222 760270 791884 780951 770653 785885 815151 801028 794075 786788 829760 790413 821760 812640 840274 840504 791739 824122 768073 839124 878916 790062 741484 767665 815031 818754 781312 823311 804620 844227 829783 793100 872114 740645 767970 861613 780646 817971 823887 770182 840422 804049 766103 806586 821609 795951 772220 874513 797366 866222 819906 791855 792555 787423 774768 818383 822753 732528 816524 788417 794939 810290 794065 832500 799899 853959 791681 836880 859379 826000 778114 790237 756693 837467 811831 823126 752152 863671 832290 857807 782110 856472 816775 784873 798039 841456 789694 802879 815689 796924 802530 827317 810591 826916 749765 808532 855221 796737 818381 818118 837565 815744 828406 832089 810298 809249 780724 780925 838438 789962 829533 843831 799689 816563 809409 812153 829636 785188 842307 836244 775647 748305 809534 778860 768636 801565 842023 808809 796965 793334 790600 770893 845344 829795 846418 829792 865364 837532 792605 856818 830676 849329 784207 833149 882062 823542 802162 828850 801256 855790 779983 847973 818139 769942 809088 779911 789787 745443 796864 806721 852200 801397 773733 838090 782606 756450 791214 820967 737552 860496 811631 798519 756742 812930 768771 795549 889134 793795 769890 763313 806621 821638 771975 769015 780815 786860 835142 770764 830455 795573 841718 802243 853675 820688 810773 809502 838016 790084 800717 795364 771561 792986 852623 828581 733912 821871 793028 822389 779115 765691 838984 779129 801446 869244 774596 830065 815304 815554 816768 828061 849964 801250 803525 853674 792488 779448 817867 818680 830607 791981 815427 827265 790614 786893 799276 836867 810039 824415 828464 814324 857905 826205 796641 811626 823812 823884 747028 782396 767293 748706 805055 812786 812071 818351 804582 812197 809756 796451 814200 847279 787467 773532 801090 770697 804054 813086 778566 836247 814139 819816 838227 848678 784779 818824 843633 793811 825873 814264 836064 808364 811911 788771 789805 803427 816894 830263 780230 755928 816828 792462 777618 804715 811326 781819 844670 819958 804693 867815 856518 820820 814897 790229 765285 782305 848340 813646 818546 787515 807651 739079 738978 794821 835766 842023 840774 791750 816984 819148 839382 806835 788432 802292 828841 799865 745212 770355 793294 815237 779405 780676 802771 828777 806803 796164 766318 822497 792272 840385 
798718 771775 799303 749724 773181 824731 814396 755701 810862 783792 829990 819120 770448 794021 778150 790853 786046 770876 746923 824273 774021 731192 745766 779240 781033 819235 761773 753830 760924 765945 786364 755377 764620 746913 798407 785473 816152 808651 763032 736137 756285 781826 750545 774173 823132 799697 776446 751276 755238 758923 824491 801167 812761 806498 775900 830760 778307 815310 813150 761415 723260 774369 745900 779832 740614 800043 810691 781795 799880 779279 827743 742212 755982 827756 796009 805151 797685 735821 826366 771063 724042 796430 759000 768030 772975 848737 771932 825168 776451 769530 776268 774697 761999 794006 792219 702126 798961 761510 786357 767916 792494 772600 784369 827286 763849 836187 811649 787685 764934 754578 748569 814482 760968 808979 736912 818261 819717 843535 776331 821505 800504 792482 788613 853794 742349 806514 802135 800439 786969 837660 830245 797817 773501 787521 814062 740127 779092 835689 787786 799951 821704 808776 776825 782217 752566 802218 802419 749890 859688 764805 795107 750508 790649 799879 775973 782616 790810 812089 742434 749102 795797 803115 761054 770359 820312 768543 759347 772249 803343 752777 827281 781883 815245 783786 838212 785052 782075 780998 806346 820389 739845 802786 868009 797357 805440 765302 788130 834352 756877 820575 787309 754966 756709 768665 804413 715606 821939 775764 819641 753493 770947 816789 757770 796379 778406 760619 743219 826001 780926 770236 740821 765384 720021 795758 849312 811216 756221 786948 784296 799171 762553 752088 775810 768851 793051 783096 779925 795196 808756 776376 806389 771753 791778 780934 798388 762176 797858 775020 742185 793902 830383 770063 729113 768084 773263 777429 807455 765661 795498 784690 761175 836425 779137 801236 778286 775185 785485 781471 825357 739338 782667 806131 790886 760654 792072 817410 789313 736756 755936 786224 761364 739817 759250 815490 770665 785627 780968 789305 843603 775748 770916 781680 800529 805524 730817 755631 725884 718629 758071 788669 772132 806455 772989 738550 787814 805190 787599 840631 779882 739168 766064 712589 791250 812063 761789 796776 780273 750634 788124 797140 764221 800410 819863 780630 794740 787291 780886 762669 792934 779714 782191 792423 788182 808906 725183 724402 824196 754690 760126 778428 768993 789525 790380 794699 748157 843216 815361 780298 750795 772539 762820 743742 802841 778588 760107 772113 796731 738564 755210 764835 810914 822516 831092 747902 807246 772299 802094 774472 791390 768398 807112 793503 732042 755210 777910 799840 805151 719798 781773 826815 768429 777475 731756 774100 784069 811066 
774968 753027 777825 741960 751410 797923 809434 721301 796151 795462 804424 833905 767568 759794 745524 746891 796871 757140 729934 800858 732322 745001 752607 745578 778615 789769 754517 744763 756423 745702 718946 748976 778519 758896 777030 785569 814997 782991 741565 730244 770578 726667 746488 766651 787791 802174 757805 752407 762169 755399 831869 794571 813426 806855 790579 777554 766167 831430 824687 753637 706615 739062 760493 785251 733879 755275 768353 780988 781343 756460 798961 718881 740212 806668 775803 792047 798584 771694 819122 769059 751300 777530 786089 764100 764724 835955 759047 804273 790131 762271 773277 762268 735150 798953 796728 709374 778739 719138 803387 777362 776295 807223 780127 826516 749619 827105 794313 792867 753888 769929 742254 825129 769884 782604 765836 810796 784023 815440 782523 801328 767613 786266 768253 839620 760654 785330 798025 760305 776169 816041 779272 778849 768854 756866 801191 768199 776901 829928 797170 771596 785953 835120 752496 760229 722989 772006 763948 753625 816700 764309 767275 801690 774546 765324 774822 761323 811947 779963 743082 711037 794675 763761 716569 790847 831725 817291 755391 795908 760037 727781 780728 764912 808869 801766 845966 763900 802005 786962 793804 823247 754978 789546 825511 791499 770143 761953 777022 771674 740073 846330 761564 735739 771273 753074 780127 717724 775677 787183 816944 791922 750798 819383 724612 714862 792911 760267 745286 813834 780324 782705 747638 796231 743146 795287 828467 787086 761140 738739 783914 816905 762804 763270 745278 803030 785592 747855 788011 782294 843434 749776 809904 778027 796550 777016 796017 765794 765611 799951 723541 788291 807151 763234 722627 780477 769677 755856 749996 759624 800942 760597 774521 824149 765391 765934 754581 810269 809515 782414 806367 762910 804107 811341 779235 774573 800129 794421 772848 734848 793045 774343 751368 727098 761692 774639 760243 789257 778698 781996 784969 816548 799681 773815 798636 801901 731413 778025 690706 742449 780828 767591 756127 782003 776876 793966 747301 752484 776236 809651 756066 735861 762286 753895 792020 762992 751658 776292 807209 756349 788978 813034 761686 789619 830134 794288 777555 777437 798898 774130 777616 746751 725698 781667 802041 753284 709882 740189 796276 766303 732216 760657 772256 760329 822187 782107 759141 841859 817409 781955 744229 752451 713546 773149 768504 795320 755707 767596 775600 744900 716756 791074 795015 802086 822940 746313 799457 755040 810340 779168 758043 779659 777622 781400 732739 739588 787082 783613 752387 738097 764890 829860 728073 754377 784589 763810 753568 787622 
859881 858739 838732 837378 823215 855459 895071 798753 849826 850645 864588 843014 800172 839970 841680 838279 869112 834452 803442 889200 825174 795671 792736 790862 865375 889227 830219 871174 783455 818114 825889 794600 854484 818664 844836 878146 882687 870071 787217 801734 838152 845432 815103 811175 862206 865723 835623 835400 846417 817362 849693 856482 868344 867131 843206 837540 840904 883868 876238 797482 767765 800729 829395 846712 835068 851809 878495 839277 841331 823062 890765 802212 819808 905178 816893 864198 856332 819159 860863 834376 820536 839259 845829 839841 824648 932158 822810 861680 845924 828831 841344 842411 818469 860065 860522 787059 857712 822978 852668 824220 845884 893234 838497 896884 820345 877290 868910 852663 794399 831558 823200 886429 846911 867101 795596 893559 885797 905633 831418 909242 840103 843673 821374 872333 843924 844649 840388 818645 850664 863324 881312 838909 815305 828722 867282 814528 856969 880530 864227 836214 859929 879571 824697 821384 798417 862051 886002 807954 871155 853434 833736 880669 808862 860601 836317 828337 844771 860488 775142 776291 859117 828149 803829 838301 889945 850602 834613 828748 848365 819708 872994 822365 863413 870542 914750 867449 811219 837269 858308 900509 803328 855077 891179 835422 816439 822585 861807 865141 809527 913884 840881 826439 827515 787617 830528 769784 869122 854426 880085 834697 809845 889442 810538 820058 833156 841217 804975 891607 822828 861980 822797 846840 825606 842789 933310 839716 815482 822840 836821 895323 824016 789022 821609 835028 856856 803359 856431 828799 884491 833034 889242 865124 853270 837326 876923 814062 817664 821882 790171 835687 878134 833187 800266 857533 848741 855408 841575 823560 885021 832458 823061 879159 788551 849340 832389 854770 837389 883237 845669 830937 840885 878772 853669 816426 834587 856055 861760 825722 830381 835721 847677 789786 819656 856640 821140 863642 872177 852040 853604 880972 825096 829864 877532 822461 774289 828967 784086 790763 837907 810595 854965 879929 804648 841606 851679 833275 850000 874155 812630 796453 812928 779589 863832 883544 810577 836870 835777 840754 825808 833555 818103 905322 923712 844543 842383 825311 868595 840249 838205 801460 832391 859971 876297 843477 807042 783114 839609 817791 801844 821560 836157 849256 878938 837689 843472 893096 844592 855978 807235 797333 808592 826044 828860 877195 817220 826384 870292 777588 796425 855409 889261 876126 906110 806147 853335 841998 859059 837824 844958 847791 856209 847091 768912 834602 845762 856153 814620 814185 832428 874667 825796 828851 847177 828146 831497 869135 
856251 878330 861420 840505 829072 852220 851868 818646 875327 857532 882463 877782 792183 837710 860101 832547 841612 862442 808955 864378 815111 831394 793398 776565 900547 859840 836634 836644 797459 817335 820080 810921 808999 833242 862081 901854 877454 879637 817750 789793 836567 843986 807101 839000 869394 870385 823043 837527 852885 842839 873675 880695 892504 913790 892800 859856 836328 864196 871323 823399 793409 836659 838350 847446 816086 853903 854700 832079 859378 831162 881383 813570 837163 851810 851185 865711 866269 816843 871395 892202 830847 855561 828869 837675 835534 923799 839041 886955 862363 843960 838344 816355 849598 857376 882515 783743 868943 821948 856983 837607 855765 866826 851404 914998 845714 885311 873988 871487 821920 832625 803053 872957 834074 855494 803357 896556 862544 881617 838503 875491 858257 852082 845025 897647 804343 831631 876444 829808 861058 909796 874964 875340 808686 841334 874399 801567 873441 875336 871771 848819 858246 859595 856018 868513 795333 818333 830206 832853 883397 857311 828271 873924 878932 841682 863260 852493 835740 855166 808301 783970 844958 831333 825454 853729 891178 849471 838721 840428 830257 836293 860351 843188 869143 904656 900227 864873 849481 854965 864768 904265 811198 862273 923659 824710 832406 861282 839864 851835 809614 897300 833344 825790 863707 797538 837967 763992 838888 860030 885636 869236 826630 894435 819853 793034 863426 851852 796733 909044 867620 868285 800275 864391 770104 861224 924210 827547 818962 820001 836932 868885 829361 825592 826871 825452 869361 809714 876816 843722 879246 837420 881764 836712 853078 834591 856885 832673 838699 866588 818148 871141 907812 857596 769997 860840 850825 868186 854110 822310 913191 851164 848034 885338 841957 896769 837109 852773 862063 854451 840787 813100 827045 915737 843026 824835 856334 879991 827196 777477 831987 855103 844344 817072 816627 882424 827301 844374 836216 849549 868672 901696 841214 840933 870386 872409 793773 846294 810245 821380 812559 839790 856589 816739 842082 851431 832876 827511 847174 898239 814628 806992 841201 753158 857031 881885 801577 854193 830965 814560 858572 869536 794602 869413 871312 864008 858480 907780 851407 854162 848613 846440 845774 877440 882687 858111 787033 778304 854286 840832 827003 847610 852933 832592 881089 844850 839180 926494 874623 837147 858284 822379 820947 802739 870326 857577 847005 834517 861240 790396 800721 830056 902738 887736 910842 846029 854902 896980 885896 855379 861515 861318 850830 850165 780571 840436 849820 883076 840355 818134 882167 879303 824965 806488 802630 889862 842691 917558 
870742 852688 844639 822923 828700 860856 870160 806374 875361 844506 894627 869739 828999 886820 845236 834342 850382 801575 786684 898195 792569 776419 824067 821487 869375 871360 838658 849615 810546 824965 795566 805158 830354 823411 843506 865731 889852 884818 832940 804623 836221 828798 796672 834487 902732 863999 834228 846339 861081 826315 894290 854087 849887 862528 844542 844460 821748 898745 895027 862343 781556 821078 847092 890398 816974 838105 840400 872619 861784 822591 899930 797834 849309 854116 825119 896860 872549 798124 908176 872863 829460 845905 867249 792596 862251 921998 870132 875006 868009 812054 844323 851062 844215 873668 835758 795452 836102 812672 856891 868765 832017 898476 844258 908896 818941 872523 857683 836840 802377 815645 792039 842929 841839 847503 833430 898139 873170 870117 837981 885936 880134 865573 871663 905433 838271 840768 856984 837547 836380 875437 859974 839715 815888 784101 894174 813313 847515 883737 879358 851310 845909 864496 850942 846739 814348 861984 861862 816465 895243 836886 821748 852508 841204 861404 844116 828330 854564 886496 815877 794647 869067 865640 843264 834185 911952 861263 844651 829604 852094 833932 900018 829405 862200 891335 899743 878122 815908 834639 871329 917313 822313 897429 920101 857778 858497 832401 879791 832047 812009 922803 832285 833301 827849 819170 808198 789272 847731 875486 852238 841662 810070 871566 828182 783200 829679 845718 860311 898539 838955 860079 825196 856276 817299 874832 898420 847943 822523 824936 855818 874546 838806 806826 808125 842522 876084 831988 865278 864386 878940 838778 879200 854707 883103 834344 900497 855600 825127 841472 814900 880237 903228 843693 789890 873798 842948 860634 844357 825173 890213 872322 787382 898268 817062 869072 877737 851841 867860 845667 879361 871544 822043 899165 815442 838360 845161 860289 860047 819806 835871 835072 835605 823030 843619 834574 873311 866003 885194 859039 879752 860994 826674 857857 881604 844024 797527 839407 777107 829650 834933 863265 875131 847026 840208 864129 843032 847274 831524 890824 807473 809629 830946 797951 905340 890587 828835 845556 850885 838859 856985 873831 838094 867609 929554 840360 848660 804748 873749 858469 837148 866201 849267 842665 876968 879652 755605 796756 853033 853616 823558 861782 862786 805333 876761 823343 843805 890870 893939 873737 842071 825552 827727 858197 866974 870159 839883 822666 832826 797872 797636 855069 890778 889849 919993 852740 854046 847691 884137 853378 850533 847282 862084 834273 792725 806505 800134 856732 812510 810217 857211 889611 823507 815995 809728 860247 859688 872570 
808909 810091 808811 769487 777761 822592 847334 762100 853236 817812 826761 854253 763794 822537 781122 812544 803329 789246 753185 827837 756401 786445 773994 767026 808027 815013 799641 801297 787737 769743 794200 756840 752958 784739 831250 802035 856525 813765 769859 761055 810931 779178 786196 781539 853739 840927 785486 787738 833882 770427 852698 808338 830692 818166 824207 798379 793612 842381 838987 799454 733372 771023 783470 810204 758895 817898 831489 828970 841963 808010 825628 774570 768896 824277 793789 834877 834757 741883 819041 834670 780278 812600 798399 818422 799393 859962 780444 870024 851208 789922 801554 807589 793540 815073 816559 734556 821134 769683 817196 789076 811639 839200 776845 902101 802136 866316 840098 839368 802492 790000 756221 831384 788569 817994 761312 836574 838387 833041 803844 852043 811439 827304 811840 853355 783423 798033 816367 809118 813064 851631 857947 810066 780020 808413 813944 809589 821586 853402 824863 813417 817466 854130 806535 781051 747236 799670 816698 783835 846031 821524 800938 794357 812264 809276 840469 801367 826275 839009 761300 742311 796863 810259 781996 798774 837143 815357 827875 790564 801384 780807 834248 777799 860585 845524 882151 851024 805729 835124 827468 863204 773639 819420 881012 816950 787344 784700 803697 839714 775752 850673 800510 782618 779121 797401 812155 750439 857576 836127 842672 835973 777805 832098 786161 783653 805500 799652 768202 848475 806739 809886 759776 825803 774682 834990 851928 789519 804939 770459 824534 850296 783407 772988 752566 808630 832648 786890 790184 791046 839700 782330 864080 814279 821127 832922 840429 805825 777866 818928 779138 796638 868943 804786 727003 810140 829706 823412 793456 774808 822924 814956 744864 840606 810772 802888 843447 816639 827949 841854 835275 778060 810411 846551 787222 780825 833850 833493 825077 752827 799286 764179 788248 768613 796982 832212 813298 816756 813619 815238 826313 844093 828358 806546 852889 810004 759245 816712 747738 768952 772672 811608 811988 821177 818889 816602 817594 788230 817633 836981 783923 760644 767667 756914 820928 861303 811246 811410 802897 784940 809482 811364 777138 844783 837408 827502 790799 806224 816725 797217 819557 803626 825640 803279 806971 825098 750478 767728 819741 799695 761714 811740 768064 804901 877794 797959 803515 850665 828477 821707 804364 793006 774693 789524 811180 839233 817537 781755 815879 772649 778407 809768 829991 842583 864707 777562 834064 827085 832443 784837 809950 800023 816947 798280 765027 745366 813345 874393 789340 772711 776965 849646 809085 788244 768219 816063 773894 839834 
833515 797762 788402 766970 776366 813498 812348 718067 759620 789996 786419 792703 765713 790207 796999 757548 778672 755911 725349 789810 758879 740793 735405 734086 825222 821022 724374 765502 739822 785453 738232 749379 771175 754072 802810 780563 808916 824992 747623 745426 745418 766096 754506 761802 806259 770331 752392 769708 802370 750161 789810 791998 793212 813446 762484 762499 760262 828318 814739 752762 714791 774387 766914 774576 763162 779107 779709 796237 784966 769714 822202 709036 766881 823808 789730 800921 793529 713841 815642 817204 754506 776039 769368 751529 757498 838399 773669 820704 806434 766753 751378 746542 748632 758017 791663 719348 787312 756996 773755 738887 776960 819998 781316 836452 758979 804378 811236 794858 750212 758139 727798 817934 800869 761579 728603 831519 806003 803660 778058 828846 768371 748207 785373 837243 782362 791180 780995 767699 782996 795223 827578 783894 759908 760019 811384 778126 796063 804109 780699 770138 795411 819337 771917 764504 726638 757997 800661 769852 830751 783224 756171 774261 773228 804353 775715 766186 796366 807876 757011 714053 789422 776276 763808 767500 819122 768786 792222 788592 789434 783311 843328 765834 782029 825537 815835 808568 746308 763288 795037 846790 737566 782768 834346 771098 743095 779195 805558 802294 726185 802841 768289 783328 782321 746049 794473 711842 795014 774957 811080 775518 754700 797110 757916 752178 769445 783645 721852 804496 795753 809528 727515 799257 705099 810844 816026 785250 750233 772637 807729 802548 729023 728165 737554 770877 809327 751287 794871 747010 805181 758857 814731 800809 781088 753750 792379 767125 788320 777786 767880 760705 830556 754412 708966 781413 807881 809833 802312 752384 846793 758232 750608 806228 745993 788852 734925 780126 798453 811342 772008 788368 781648 825430 761325 746450 786186 800741 810631 748032 731854 761826 791581 755080 757647 780176 745657 790242 777224 784549 794944 805076 762284 749718 816303 759889 711787 780083 734460 722233 768248 776521 765904 768454 751092 791887 778816 786897 736755 842945 753685 726963 731131 698443 795733 814134 735299 780263 762074 768562 775112 798178 750779 806872 817936 754247 806031 771857 797319 808045 742928 750481 756538 772419 793213 793220 741736 731604 800687 751960 790680 758654 765188 765061 810084 769905 753761 832452 794012 776840 798229 760079 743009 767660 777214 796783 739091 757637 761263 704474 756123 766384 797267 810113 839012 764541 801120 803677 802042 787884 765762 775732 788506 770889 726151 757437 756354 809599 778689 750563 770901 798921 794554 781689 746201 782662 784477 823584 
840003 826347 836246 800718 815007 844056 844901 798409 836194 823135 854913 863325 796341 852067 799506 813359 828116 818327 745768 854453 836436 827602 805603 796137 869337 867497 815938 829520 776755 798044 818787 782661 811813 816672 819421 849436 853642 861373 798209 796454 819326 811276 803770 821509 857362 857005 812360 828490 808796 793707 839658 846679 853472 869433 840527 829069 799780 848986 853415 815237 769592 798423 836234 876829 820637 835946 838400 828892 851800 847463 869506 831797 820217 863628 822173 849064 864092 768515 883640 854712 803095 851925 816342 804076 818593 927706 823711 865054 868481 813458 838482 817342 833515 838746 837782 768463 835284 816157 841453 841348 838317 877249 810275 897812 808928 868783 862995 835859 809444 808700 797346 857131 815967 852521 796300 872814 853747 832521 835180 843453 812146 827687 847191 860748 777821 827085 840770 837120 825373 841056 879818 835844 818742 821961 859851 814482 854347 851571 852489 802898 849059 865757 829898 829416 779289 845629 851508 776557 896245 834374 819402 847217 798138 827729 832011 844777 827785 862889 803833 762625 827892 820970 801969 789181 861101 820972 840095 790085 832486 794034 865086 842199 839188 858407 899469 833574 805961 810228 837154 869131 826024 861040 883658 841841 833410 828182 874198 843749 783250 888145 819157 811586 816105 811966 805059 763268 841080 807318 856069 824908 799464 870433 802444 790784 813056 841186 815496 896123 825116 829946 795229 816586 749345 816751 884016 825697 785966 830807 864311 832241 836940 796643 811819 807688 828055 816049 821941 795022 863832 811643 847283 837645 869050 817819 888396 809472 803084 816197 791803 822571 889731 823257 778332 838416 833555 842825 826567 804872 871223 875146 816034 852082 787333 869355 845166 832494 825491 864015 867369 842830 805206 907352 801720 829749 850993 868142 858347 782429 810873 826100 814302 801632 820388 843615 837851 814542 836824 829870 860633 846393 810440 848064 867297 845387 802649 816876 750336 768537 825382 846720 849012 829336 838947 838547 822937 834243 824733 858364 821925 816072 819229 763965 847914 895156 795059 831584 820124 817199 844194 845797 779401 830396 871518 831275 793229 839780 844395 828287 821471 800532 830337 816788 855437 855977 792466 764219 832821 840832 816639 836904 844166 814947 849349 808593 790450 883236 847367 827454 801331 791239 807586 826716 844008 886946 802325 807478 836006 802000 780640 833101 858519 882629 890327 814852 867300 852785 856204 853760 814848 830791 832235 836475 762942 808341 826391 868385 817093 773184 847463 869969 825075 793651 788195 836926 848649 862775 
804155 811716 781566 750372 779258 779271 843637 764293 812213 817708 793706 836283 760427 792420 786394 773098 792596 741921 752277 813993 747657 759615 753420 761833 769110 796297 785666 793075 770803 773421 775450 746872 790724 786753 781732 812962 814416 817165 771802 744580 765232 803291 769183 768724 829338 805443 780211 746032 814600 814166 838388 793075 814718 841804 776244 789810 782829 834684 839134 784539 752305 786001 784438 790392 782524 817748 798795 815107 805070 798135 850303 760848 747616 834936 780078 805352 803757 745884 833328 819058 764265 787140 795931 756838 763583 856086 822214 810034 818387 783186 763298 789297 790378 804409 830093 736920 798903 743877 804910 776873 813475 844146 799037 871356 740670 827281 851335 781341 757411 769387 738602 789163 798414 784512 737763 833088 828027 834817 796367 839571 794671 807561 810123 841887 778232 797784 817370 764064 772761 821320 802671 780069 792795 754246 840279 785764 798189 795700 838305 808189 758181 839125 794301 815675 756414 767976 843776 740373 810480 789972 786308 796695 787733 788745 821216 786819 804783 837424 724601 748263 805820 794250 743929 756190 838750 790259 791018 797648 767888 714365 832780 775031 818473 817096 856440 833935 764787 796623 793124 865165 760704 818446 870424 785585 814585 800096 816234 815060 743797 849313 797503 745805 801876 786762 746150 736596 819033 795395 832558 801844 761225 840115 805201 737059 768949 806586 795236 858422 791244 783468 742844 798177 752620 784149 842762 773203 773624 772460 835634 838452 816447 725048 779988 829766 831285 759069 794269 787003 837173 757878 814408 776701 803175 798188 808142 755633 777012 781890 751148 791121 841481 787821 699950 806339 799846 827773 770883 785836 835527 805041 751187 836413 737245 851969 789619 770548 778964 817772 800366 801659 779631 852031 800363 789863 790994 801306 833722 738654 781592 826277 774269 762271 784662 798316 782514 800672 830972 788351 840755 832081 821962 785937 846848 823803 737803 793781 750057 707827 736996 788346 773005 761581 776897 807172 765222 815140 821357 814249 796208 783614 759765 722150 827986 808397 742714 766616 814137 773317 807050 816761 781353 815935 827242 764138 808390 779197 798183 802758 779494 815898 783476 765633 833196 824131 727710 749862 802181 801148 770908 813807 794175 769839 816262 790610 805442 853055 820809 810050 778071 769177 766543 779818 804104 817213 791448 760085 774377 732549 753850 814391 813774 826555 823491 820617 812250 794025 821443 803343 782869 813774 793979 786685 727252 741291 791587 799986 782872 775722 799783 833107 782286 759473 752614 795743 804060 828518 
840873 810858 836509 807489 818029 812367 840574 784705 846417 876592 851787 875450 793550 848430 817939 834813 818839 827189 768538 861474 813162 814077 817733 771651 838232 853071 799073 822894 809211 817396 795078 821671 808532 842719 858666 880549 868142 840584 822108 789261 816858 790541 817891 805718 838354 878592 817903 827432 837485 791704 850074 822486 862698 864618 805400 845712 824417 870455 886453 823742 773125 815822 834249 861786 817645 835581 825108 860946 817413 818254 853749 777253 791975 888088 818560 876126 864066 747138 899634 866452 821409 831756 818022 792457 795470 892162 799940 869824 886878 820152 813516 826084 801675 843610 825381 789621 840287 778173 828308 820938 843133 861550 812946 880037 834541 862355 855870 819379 807440 822748 760328 849024 838018 828239 789339 859330 866421 874626 793548 862660 811731 844239 807021 898076 793384 854297 852257 824653 860652 872361 856635 831636 802454 805033 895352 788063 849189 868546 842560 858075 825923 881737 836745 824671 763051 814240 862640 811452 877686 838514 830581 859219 806943 829784 831185 841933 814774 855515 800331 774144 845236 800620 825082 804600 869870 846730 831858 846438 837726 801316 867866 832760 853665 880381 891954 822667 788443 825530 861529 885943 797850 857769 882709 849535 788284 796022 833484 839866 773548 910200 802150 799393 824172 843063 801190 747619 862001 837399 881055 836519 807827 868371 822174 803344 821603 837450 778302 897207 825909 832269 802100 864750 773151 836791 881635 831469 826173 817143 863002 835576 786262 769913 810260 848122 834769 806293 826888 827215 870716 797182 873861 824629 833551 818859 847894 811549 824632 813219 816257 819512 888778 810099 745777 832849 815269 827846 813238 818671 891329 837378 809598 868612 826246 865580 832875 806281 838309 851658 863847 802073 824178 867028 825191 797498 847320 836208 849754 811286 858214 837250 843910 798789 810193 820227 847467 846193 822712 831384 855603 824673 837306 837548 872594 823306 759505 814801 776417 768974 845451 834367 825235 807783 837955 825118 803642 833773 808637 870397 837754 779071 826672 792532 833654 867794 772213 824504 821469 796584 855268 856098 813235 848724 866686 804703 811211 818852 838861 844176 798850 816000 798351 813750 849800 818416 800856 767719 859536 801086 796802 805980 817819 833861 889964 821691 811119 889789 842538 802525 805546 816548 816290 813941 827617 844246 797847 828111 825114 760701 771427 824841 867743 850338 874654 853878 859868 834144 869268 817852 791255 840829 847474 856520 744192 807727 812604 868769 806920 804970 838684 856888 804496 818427 794728 834264 829527 833925 
771003 760793 776490 763733 746974 795063 776557 709252 782457 769554 794116 795940 729945 759818 752948 745136 761204 727803 696554 765728 722439 736728 723159 728749 739414 763153 738232 724041 749742 731073 719936 728472 747609 725411 783012 746795 805927 762965 737209 726479 746832 723109 734749 742851 787163 743851 743168 748819 770689 752811 789635 757008 787233 813138 767528 766471 754008 781583 810400 732070 689963 733625 756880 752748 707106 753100 732672 752164 765474 760894 776759 744501 729531 817197 755083 794845 767996 731836 806176 796216 743043 760075 777228 729568 750510 851514 761780 812264 774662 745159 751651 751342 742413 773574 798989 695520 765310 726549 726155 777708 779744 804373 766820 797318 728262 814348 805704 755156 727654 727678 696886 791335 789935 759154 712826 788657 779817 803237 741871 787185 788420 754819 741547 789608 746756 767026 785103 755597 755792 819090 789442 754789 723159 733178 834641 754418 756318 789042 770994 768462 742689 795096 755388 781768 709493 726639 759748 726603 803227 767845 754455 773082 731925 776080 768587 745273 772892 781471 707237 707705 740151 747498 730715 748021 811865 756203 733656 747309 746653 749552 787406 770051 770697 805431 808107 764896 743210 745165 763227 804192 698205 771520 811217 785532 769620 761506 769393 737157 720917 812705 773869 715762 767219 737495 728606 706746 746840 767985 805285 751370 722954 775675 741531 718838 750707 778966 748011 800226 749323 765140 705757 784896 728631 743173 816604 750680 735093 743876 739217 765893 746512 722016 719411 766635 790784 708697 760883 737568 773495 704122 805130 781977 766025 743736 786908 737817 756879 772305 715617 762368 809099 750704 678071 761641 757766 762060 744255 734036 820097 743746 753233 779323 700152 780331 767225 767632 774960 763895 776336 727369 746700 790149 738589 737738 747184 764119 783547 725129 742726 769619 740104 752653 760095 760754 731822 792454 769053 736310 755983 787412 758186 731634 809415 776668 708020 735869 698219 724260 748602 747108 755648 759222 732847 765355 743145 734044 768086 812509 738982 740296 758767 725318 791132 759541 717381 777069 780193 773366 761596 777711 722987 795493 779307 757837 800543 746079 800817 739188 777272 757900 733959 754097 769757 770401 709059 712515 783106 732846 736999 748984 740292 778421 782095 759775 774790 804196 775776 776346 749545 709147 735395 754280 793062 774887 750530 742651 768232 716022 711010 787787 770642 794264 811020 756439 785887 773824 808573 754745 744791 752461 765629 747081 704120 720609 749849 741539 778006 719717 771643 779600 767570 760984 750140 745621 723940 785932 
824257 795393 814081 784785 792521 853497 829606 763647 810459 812433 848282 819961 806386 819399 781703 812262 828591 807292 754251 842490 793687 780388 782033 763762 825234 853134 808307 798767 795690 790012 766840 774272 781254 792821 843507 819628 857857 843487 786282 782978 804864 793657 785227 778303 841362 822739 771183 806807 835585 765974 858893 799897 843544 821176 804689 830458 809836 878149 869131 782702 745523 795427 821061 845225 800617 838084 838035 831480 816365 789161 861293 756460 796127 883293 794978 838666 860925 790718 880950 844747 783095 827751 803114 779822 787477 898964 794777 866611 847726 802210 804399 795688 767159 826253 824912 753010 789725 793569 817874 796057 823001 844548 794100 863823 811635 855810 832903 825520 780381 761434 775901 841101 794575 824145 774243 854160 846216 869170 795031 830461 804925 812711 815780 853465 802015 796171 833283 820435 808151 826961 828062 797758 789214 800679 836599 755375 838721 840542 822164 811197 798464 866166 793120 812864 758257 811074 840657 768118 898102 806995 818129 821589 807004 820919 839559 789834 812707 847342 784321 747523 835834 806428 769152 812632 872037 836223 809390 807517 825362 801606 858595 776974 845760 847698 882582 847704 790914 791690 814263 868721 774146 813114 832254 823578 801300 785864 823541 842889 759457 841819 811538 806120 823172 801733 779070 732673 832098 796600 850933 803377 766216 846181 792544 787920 804865 827614 762611 856113 779085 800642 787536 807297 759120 805354 850481 815570 776913 816729 820463 867415 786310 789046 785816 825771 819296 794674 828864 794765 864754 788862 883853 825003 824812 795329 837699 781041 804173 825111 776791 780165 850165 795971 771281 820313 829563 824728 823803 768622 826723 831225 776147 858137 774317 816359 794797 801181 834981 837992 824123 772362 800518 840953 820273 809004 798019 827513 874208 770614 781344 806051 832236 803350 797548 813760 808347 809611 801439 821240 850234 816060 804745 820484 797546 825842 757122 807714 760916 784076 808214 833916 836592 811101 813907 833689 839527 797267 808713 835034 785579 764766 778413 779060 834638 835924 783228 829763 820186 789783 800396 814719 794334 835213 866867 816590 804422 795571 830947 827721 791607 802366 821567 830026 831147 815297 753179 752929 830225 793556 794429 774677 796945 806564 865382 780474 793799 830779 829123 842447 801023 799270 742763 800346 801897 808166 796991 794469 793405 728147 757705 823790 872033 815026 834884 794355 849582 782528 853267 805337 821967 793579 833527 791356 772423 751402 785031 843923 782525 802789 799323 846722 797955 809594 792035 825322 809060 835068 
778323 751511 801058 736648 756493 785008 783477 731388 805526 783774 804461 814832 748925 773172 777343 727108 751840 739140 704966 823069 743149 767198 766382 755392 784182 806268 736409 763641 747426 743609 753534 770112 718939 758980 778066 781414 803372 796066 739171 720845 744082 746208 726409 766534 801163 806972 740420 774374 786738 735232 802410 745898 795078 821074 769891 782598 768128 812376 809955 746904 702770 761998 779034 776745 762824 757294 771394 767266 762614 753032 818910 729427 746080 818334 736735 796293 774789 724903 828010 773357 735720 785114 780187 731086 773536 821350 772661 811733 794681 728247 733688 759765 751805 789860 796991 722290 766271 758317 768665 754096 780145 789768 743300 831400 741622 800352 773846 758810 762854 741930 705502 780470 792531 754710 732440 793412 792939 771221 787060 819959 787425 756560 772075 825110 763509 754917 732330 775924 805189 792996 786433 719665 724252 720330 780785 721109 775247 797067 767431 776384 782148 804972 781566 779252 734613 770780 775780 751063 810322 777073 773558 780312 740923 789404 784129 752252 766803 775775 727583 692331 751484 772398 729297 756670 784041 779241 740135 761243 748317 762369 818663 751766 788814 819509 824425 759403 735365 746284 785884 809843 733619 805973 806230 758344 733257 753604 794626 769402 758205 826891 752021 713824 780832 735639 750013 700354 784594 735478 769275 776541 718279 775941 741999 740643 754320 762941 735912 823391 749566 754243 719752 787691 722159 758001 833338 754873 751433 751118 757847 789321 759586 726319 764949 770610 761411 730875 770353 750179 821201 723250 804617 771334 780753 748578 794720 744448 786065 779482 734662 765104 810063 746491 684302 766534 753912 774684 803416 742801 826728 744301 727848 792066 727361 801930 755618 718571 750589 789317 789670 756556 749650 828854 778004 738885 787773 767001 818101 725418 744399 761031 768471 727361 742199 750669 758343 774279 764242 765909 774834 783891 766254 769026 818411 770494 708228 757151 696271 719721 753447 768743 776025 758239 760800 781918 748341 775156 780057 799335 741573 733730 760811 719350 811086 750546 714692 780091 786343 757915 744707 790536 745454 796393 793480 761030 777841 762316 792370 753174 773812 742872 737901 761810 784291 792500 711749 722562 772739 742782 750226 747218 762702 755920 789544 735588 749032 814535 814566 779050 759740 726595 733762 771541 785636 793872 756818 747648 755039 711084 684717 775288 809561 805770 826697 748835 809756 760204 823717 780093 767427 738378 795054 731718 707771 760183 738675 765770 726006 723073 799216 788635 753096 764393 753914 788333 793280 772505 
833535 805337 811008 774527 786969 822583 817248 770522 809321 799564 827557 840819 741287 788789 787173 800660 802627 770782 723540 809642 762491 757289 801238 793566 808238 821832 783511 788204 759166 765276 774350 746882 774553 754368 792690 833516 819537 836972 783587 751878 804743 793142 794506 775320 835700 824208 783028 790920 793084 768724 809374 808884 836631 828280 798953 804843 765751 817825 845549 760092 727907 764845 813868 802230 776534 807699 804110 795669 816909 791783 799364 751359 761586 830170 777675 828155 816226 735979 844885 815441 780536 805509 783660 781879 808569 882833 784092 837540 792167 777978 787695 760471 751267 813452 828864 757269 768138 734903 827059 788624 804816 837148 780798 852281 749385 828341 808143 799634 792461 771240 729837 838660 792946 778352 733039 818604 793382 832307 781399 819818 800089 807951 812443 833475 747724 809876 809391 801297 793436 833382 860843 837613 765163 762141 823863 797758 798552 843432 800336 802886 806544 834453 832981 791225 740702 800217 812452 752072 836232 800166 801632 825822 778027 772843 815631 801811 801615 831291 747884 764775 797211 803574 766787 783901 855361 816431 781761 760189 808792 756486 847702 806735 800428 838271 854128 807966 774051 810457 828297 842365 752145 815436 868156 803264 786070 766334 799984 795103 729590 855419 785408 806737 773253 780887 816489 725894 812091 800867 811666 804804 778408 801830 773556 763030 798878 799606 755823 861897 781738 795507 786012 782192 737656 813352 857209 785466 797283 811179 811765 806540 759327 731027 760363 794467 802739 786646 777685 766434 849283 741406 842490 788366 807331 783217 816799 738821 795961 782086 766980 796097 842780 788181 724491 817037 801036 814566 795330 780593 858021 811895 774687 819042 785138 838803 803706 812901 797177 819849 830511 765602 772703 836197 762381 760731 790270 827118 796966 759858 787723 780780 787331 754355 782607 817287 797102 794208 796764 809185 831725 832586 805992 790301 804247 797065 740764 799289 713281 758489 779364 819885 763013 785502 804283 789270 791625 785745 792343 797894 766707 755254 794066 715708 793015 848767 755570 782421 770846 766212 797615 801685 743057 800742 832526 810338 788824 801148 783523 773179 807516 798050 801445 813117 789129 804831 735701 764112 794939 755721 772348 794771 793763 772729 826552 785762 754909 821483 808434 798812 753510 773161 772352 778124 784209 825244 781466 785137 786934 731105 746058 792091 814439 830141 841713 804374 821342 784883 806374 803339 793430 798685 825931 815015 770939 775245 775004 808953 774577 754264 803273 838739 809614 749813 749766 804039 790934 831102 
835179 795525 775654 763365 790546 797652 802724 713475 790613 800539 812929 826744 743623 807210 785800 784630 751108 773399 759839 803322 760737 760061 737533 745234 829603 848868 773655 798898 760320 758569 794771 793101 816456 787206 825396 821570 816026 842770 751830 771870 778620 776820 766845 786940 803966 828144 795381 764367 836080 788819 827993 804235 818136 859911 777492 778648 793977 823615 878673 775619 740012 762160 822356 814940 775676 804660 809280 799198 785984 803796 834273 742902 748912 846988 775144 839976 827320 736312 832458 817347 765867 806990 822518 767630 767186 897210 767641 832134 817808 795589 798981 766032 791763 808817 811546 745542 815793 746306 790871 780771 813377 856026 797746 835481 798027 835111 828702 796321 774673 784971 745287 841387 776478 816817 723411 852143 831255 847527 788477 849720 796477 817467 809450 866600 773915 776790 816227 816019 815765 799980 834849 801659 787881 785161 808046 771769 815586 834280 836235 802970 786832 861437 792445 779600 744216 791721 810666 779000 851865 780271 794433 821064 759596 793005 818445 812669 787370 824918 748644 747215 803152 798094 782637 756691 830099 794502 810877 770725 820556 751320 836249 792441 827138 855713 874764 825020 775078 803258 800648 849436 748525 830704 845490 804605 816654 764270 826825 797412 753988 880231 793014 753139 789133 760281 769511 740340 832174 797789 836338 814758 758192 835172 805638 788236 801818 775054 793297 813900 784077 799040 774116 796856 756391 775296 864209 799438 775074 785769 801749 816833 788417 757887 795222 799634 807594 773054 786945 782001 841472 785187 845795 793169 844981 781753 807731 806289 775423 808704 738225 800408 852022 791903 701435 802382 782080 812503 792687 789244 841707 817901 788513 820836 771584 829410 791358 811593 803381 792636 821229 780389 774929 795185 775685 803054 774110 827655 823598 755343 796514 803657 779906 767999 816247 823382 795811 805687 801862 821606 831069 834343 799319 812688 824508 818795 754683 824028 721188 730732 788741 783803 814073 807257 785914 820291 785740 786293 823519 800219 770978 746794 778188 751012 817115 780784 792580 786736 772599 785523 824188 802861 769312 810903 835421 772664 793139 788529 843583 784347 779907 801682 800720 793063 802216 813004 764932 756766 804987 769005 773980 772949 792214 796942 841292 796816 786935 838165 825600 790710 775019 761716 808324 777054 801974 813426 799362 823478 794255 749266 744915 805331 857198 824240 849575 770561 825713 833604 838688 800041 794829 782023 799208 811651 728687 770882 774898 805999 793446 789537 831326 834404 775019 791605 781419 819899 803954 845845 
853613 816865 798553 768549 839307 866380 861067 756482 868341 812099 841462 841034 791696 864012 785586 831359 816275 823245 764768 851979 809981 789408 771823 808239 821474 850293 803867 827796 842794 788781 779726 795421 786911 801099 826985 825907 856901 852803 781887 791910 809274 847252 783899 791142 848890 812183 799494 812976 815693 769084 855386 811929 850896 853367 811260 819931 838797 881544 861368 822715 776034 791866 810937 844321 763137 822061 810212 846757 823581 806958 885255 753684 801904 871951 786461 861267 835108 787728 880753 842788 797439 820550 840031 780006 814234 882340 815880 868442 813557 813370 808163 771000 784307 849284 798026 761610 804237 797975 808846 819891 814862 877575 810686 887650 816202 866343 844504 838889 824331 776478 776901 843622 824832 849604 780476 886749 848263 862043 822321 864779 838207 830443 829670 897715 780760 793414 851076 834165 817278 849725 865496 803554 808755 821237 857099 796922 833545 841784 850013 868097 838798 865469 824925 804131 754792 839884 875096 746989 880850 831824 820454 841623 801417 814266 837280 788360 823005 847753 766950 777033 823422 813941 790010 825010 858497 826455 850244 827074 801365 787955 872621 791377 840626 863581 906417 842676 786892 816973 838999 910930 790827 827602 851971 824173 813216 799316 841363 802019 777053 862074 815724 805133 829077 799131 823187 751032 860756 830801 859847 832504 799277 843086 807724 779552 829968 827081 784287 869148 790074 846879 793833 827892 780836 825790 851554 826624 798291 814081 832652 866775 816509 808258 791233 844406 836305 807446 828580 792095 856368 785297 868566 823601 863477 817746 855409 814921 823601 845510 771279 805966 890919 819210 781299 845698 825857 825237 831833 792100 852695 814585 755260 894805 799149 835405 813681 806032 852032 850913 819956 819622 817216 840477 827815 794379 835767 848594 879386 795825 817600 860640 809645 815973 808417 813048 782725 830115 831985 822847 842424 847685 810983 820152 833530 818845 774628 811136 740278 790904 797647 817215 820988 816239 842389 804668 835630 816786 830599 853969 811752 793987 792125 765062 850721 860195 791128 843086 817674 795257 829810 844902 781992 826118 869337 832067 828731 819316 849957 824284 823631 793683 798589 833178 836605 832954 777854 753564 841485 805952 800186 829698 807856 786755 869262 806815 816188 865065 842399 833825 802363 780747 817435 802226 805352 828516 805495 803311 791287 763541 786599 851592 884091 860122 871692 795638 862947 815882 867034 813433 808837 802278 840774 815591 758488 795840 784392 831541 820252 814222 836783 838095 844680 793919 809197 829337 820343 841442 
853103 817201 840316 795857 849101 864386 840350 799275 857471 844671 874352 868266 843391 856780 837894 826848 866747 821054 776491 847568 803347 816298 785350 803956 881157 847038 851300 830157 837137 827629 819834 788939 823653 796954 847653 837733 873398 841990 818071 779029 815195 832792 822365 801382 867449 887280 829646 830229 833076 845014 863195 851685 874671 876338 856060 860462 817884 872360 883111 810331 802147 812316 828273 854695 820379 839911 836334 870377 841288 837016 881681 804625 819433 876709 832356 866108 865482 796323 916545 880938 801295 855361 817236 804212 835729 886725 840005 882724 881154 826782 876415 824568 835424 829812 873914 764400 855993 795941 866958 851627 866003 876545 861040 916349 801412 901083 889633 839737 838195 819073 800642 872442 833397 830229 780438 881230 871123 890399 836763 880535 853872 828043 834314 913221 798247 853474 845118 848781 836010 865048 889598 868920 839756 842970 895206 832053 864396 888422 846374 857300 857719 870617 847213 844326 788284 833833 870110 819104 896259 841010 844526 874399 817120 820892 862949 812512 864349 865146 802959 770499 802258 828382 794864 810491 889279 852184 840477 843425 844338 803765 861420 848297 856963 863054 896196 837553 806775 825275 883148 883856 781917 898136 914500 877595 844826 827238 865348 858816 798948 899439 832037 768876 804476 825033 808666 762721 855216 814704 871002 833920 850745 883262 846439 836355 820000 867311 791597 888315 816853 855358 829698 847785 801165 847141 934957 861624 828769 854828 861824 869479 809852 768863 815241 817989 863405 806592 853956 825175 872397 826472 904142 855408 878886 842245 878004 813809 840992 842535 792528 841228 898082 830495 790413 841901 871996 847087 814567 810889 899036 849053 829369 842397 819901 863885 807203 852936 835515 832435 861649 836313 835244 904954 843135 785163 857927 890580 827425 786233 839989 858638 841958 851560 816971 884125 826451 838697 835419 850501 862146 883421 836930 831538 902005 847742 762379 836910 784661 813524 820479 857599 843943 833632 841623 860347 803058 857403 856961 869209 812389 833085 815351 786938 862001 863836 827225 827146 838639 833580 851436 855374 802661 864781 871036 860500 844420 835547 847587 832278 829024 834996 855387 844159 879933 851883 760844 805620 852078 823841 825921 832704 841316 825997 904924 800873 828969 877786 838601 822906 826282 817689 838101 818422 848172 861275 851641 823196 851567 802063 797437 852650 874974 866930 899843 849060 897224 846767 883661 852459 833656 840394 868911 844803 811847 816082 819693 848902 828882 828217 849646 874416 831268 836306 810408 859960 867717 887352 
831996 809087 815968 792682 798734 816831 828065 767473 851015 830714 850876 837137 750386 816247 805417 802931 805269 778148 739756 814626 775297 756247 779040 764433 836767 841350 828234 792480 802067 790478 786160 766202 761210 803992 817475 830479 828012 808068 770508 762039 780961 795845 785318 777059 824526 839993 797568 779182 818619 776445 860189 800653 840166 826607 835017 817413 808287 858961 839593 777815 748217 777088 799710 834247 794464 814946 804727 842146 813448 784363 837365 751111 802189 850381 789645 842128 854025 793813 865596 844229 801289 829258 780561 788285 778769 889173 794036 846816 816832 797476 794359 797422 799504 811794 840669 726971 786004 761800 813126 798161 839759 855915 786940 876149 793842 837376 848091 801260 791930 781048 761122 821630 800745 818285 774930 850488 853951 855250 814534 827965 820113 826927 815797 845518 807135 830484 804852 786253 816944 844982 850254 787615 787980 785681 842239 752102 827360 846631 817196 805813 841053 856475 814714 802026 796390 811611 874295 777988 860882 817667 781560 836689 800627 801893 802691 782886 798685 806329 760099 729163 794382 809574 779161 798764 878146 799602 803012 790603 797788 782256 834827 803687 828889 834194 824953 828849 760041 788223 807917 876382 794282 833631 859687 800883 786334 772578 795591 819131 774912 869491 797226 774804 783956 774258 761497 758269 811258 807765 854549 815508 803489 855016 790893 781223 798882 809731 776016 842044 777829 803448 752796 840330 772741 813694 872732 803147 791526 823365 800054 857140 791222 771012 790604 815315 829999 805619 823025 798139 838024 783295 850215 814366 803788 803713 828056 783701 815725 785063 765017 795361 860568 800824 739218 797637 828026 793435 790471 770822 847775 808264 747535 821302 779301 830530 816379 804363 834429 825552 816435 784926 792783 834961 821970 771381 829004 812415 812443 764658 814899 815181 799354 783035 786365 804499 809162 797712 827188 796275 826382 835873 796521 800146 810738 807910 760432 794724 773051 766022 776890 833033 771992 807426 803043 798452 805134 803815 796259 851719 771493 751133 793567 769009 820385 831374 780151 822910 820241 795231 817530 833736 779645 829236 853550 792218 832227 803905 821558 812409 802770 808352 783573 817868 821920 806220 757779 742821 841788 792491 779708 794979 791700 817882 849203 796936 820716 864196 846132 806933 772205 778219 779438 801014 794061 801792 794836 769846 816169 740177 752997 797480 875013 860240 886592 800094 859585 810225 871033 814822 781660 806973 816962 828543 776454 784230 822251 823751 775126 810552 816716 815397 812295 793667 768612 806591 804068 813901 
821375 824086 813604 775847 801480 815355 843860 781420 849519 846780 825565 877089 782345 825559 807737 800142 807335 774183 748719 835691 782092 790000 805962 777426 830585 829719 816344 831146 790328 803075 813906 781085 817218 798444 827332 829748 852311 816213 789428 805479 789519 831124 796528 807182 826852 849974 825133 794013 808516 834080 856918 812099 838915 857164 806395 812042 802550 860085 841316 800179 745415 791698 825768 806270 791768 833948 833223 818461 808502 800632 858795 742171 777708 837281 798054 825317 825597 771723 886895 845673 816682 814679 804420 801231 814504 907162 796419 859239 855784 807369 811219 797744 812437 833671 835110 792244 817919 801970 827734 805367 805193 876162 808802 877597 795652 885376 859701 803146 793978 806045 780932 863597 820136 827759 780942 857600 866084 862387 825467 872105 798084 801941 809131 886110 824244 808894 814829 816151 831882 832838 856513 832044 797873 792033 862359 792004 834679 862429 901231 821669 840342 860295 800001 803844 788654 780307 868576 792124 868746 829390 812391 864071 796398 814970 834330 811943 829735 820623 776895 732175 833154 823916 802327 800786 858297 842230 815773 825881 781160 755761 857729 827390 854272 842759 894135 837385 795501 850965 830294 892686 801214 863814 882557 840225 814306 775333 846118 823689 786483 890762 812059 797641 795889 788432 791976 771762 851989 826979 838788 847924 810690 853353 791873 771996 824132 793888 786150 882208 803635 819388 795448 805240 785042 818597 895009 830457 778499 802983 834757 852123 802613 772450 819509 833762 838096 796454 846852 811244 858046 799832 871038 801004 848192 841633 844170 833451 800708 824393 769898 794020 877033 782745 755286 831411 830351 840762 804305 802165 882031 819907 787969 859464 835336 835549 800596 805861 823044 822868 841158 826827 824189 871477 824445 824245 849887 819232 828873 785582 817216 812291 771464 784953 786997 831474 821987 830654 812785 826727 824938 832936 807969 809502 861558 812151 749237 821104 791675 771526 790082 821113 847113 844314 854894 862053 791369 837210 806047 843146 803518 766447 797202 759931 834945 841833 763351 824094 809847 801769 839493 797641 770685 841600 831772 807267 830503 815218 866209 797287 812986 826108 813030 806977 846392 823143 769803 772427 816581 785303 775425 825220 834301 792448 892720 791954 803618 864358 862973 807844 821680 812854 798356 812440 799611 836075 831992 770507 800639 780001 747199 803288 839903 850194 890362 806127 864167 838301 848180 843460 817012 843202 844973 816622 773621 773377 795673 856484 845565 778555 817819 867829 764191 794226 823712 817249 840473 843948 
828195 815831 792699 758968 797393 817483 851701 775273 788529 774067 822243 795372 780893 766666 790394 783658 786131 775318 735887 826574 757674 735657 768723 760857 807494 819952 786481 771516 741650 750411 766628 753675 796326 777747 803084 796918 851006 817815 765839 761819 753516 781654 787802 770349 774939 811686 798079 780529 777937 791219 799822 785816 798530 809199 797766 799204 772018 817688 835816 777787 723870 779973 809262 819074 791719 807628 807444 802925 830170 794408 818380 771084 806021 843504 772871 802920 808481 744264 846061 810546 752633 802662 789541 764448 776461 877113 766381 827994 820214 764247 777684 776832 768393 769828 802476 751165 793457 764396 812371 789259 799598 809874 807093 826091 772430 838583 845056 777145 750401 763581 739270 811140 782573 808696 747028 848912 844646 849095 798649 845812 788999 799907 830930 844084 775440 798168 791964 786553 800438 823127 828012 804725 787033 790272 828749 782285 781069 822628 822316 824855 806250 846557 783284 806302 744488 814886 807016 760141 821694 811144 794247 771215 795518 803496 807630 761705 807693 827760 745622 763738 809824 765954 781326 796200 863271 769798 772723 772917 783702 772635 798806 797029 804048 807259 836785 815982 744932 801488 827552 830838 753257 813743 864196 789432 781305 809315 808781 803436 741039 868673 804842 778396 786964 775539 782353 734435 812008 778018 804950 784792 789174 838969 778446 766749 784529 789287 768326 866478 785890 771779 769271 800263 731797 817756 855400 819307 756262 800186 838521 820750 754432 765482 753479 767476 800639 790859 781192 803115 837340 770046 807629 796154 839039 795765 830996 776752 795409 796445 760020 810760 812585 779585 717009 798920 820036 798415 788646 801812 850697 785361 773240 844885 779641 822439 788152 814662 781912 825127 811795 774319 782379 872888 773461 773272 820150 807711 800558 765019 795470 799372 778834 773453 750915 796385 764437 781552 785801 808256 811825 802876 797331 806014 829652 809045 723536 778980 760354 735050 778869 826769 792136 786464 776139 783724 802398 808547 797293 822299 767946 774982 761837 730331 805491 815144 746158 775105 767758 814994 789885 807371 778414 796419 819447 795643 796245 787484 778167 768754 803614 798093 773943 780707 778022 812492 729690 761021 796051 779912 790830 796615 784480 786242 812132 810034 757842 844293 814573 820526 780724 714558 783594 781704 777045 815614 799690 784923 814600 759327 751545 781069 812852 833928 854174 778518 821606 821499 847166 811465 768779 787180 846043 802322 763087 768458 790055 802336 788062 790588 810251 813131 824930 773264 759884 784790 799554 829049 
852741 842723 825479 815480 818871 832848 858924 788471 891521 857025 846854 873954 809361 833804 824453 839568 818618 802654 760823 858086 810916 804533 766683 816055 845120 850179 817401 828342 801937 810894 801668 795789 808464 828688 847374 864247 841758 861798 801900 790145 855534 817255 814926 822668 858218 891324 815961 823503 846313 840603 843565 844440 843972 868599 824762 832586 815785 852837 904932 795752 768530 818782 830331 840528 810620 865776 835234 865373 870490 824318 856633 791580 826947 891240 824605 857487 852123 782818 862448 846223 800299 824437 831836 809935 825990 885478 846482 857457 842996 797485 808639 819628 814963 837092 841189 775938 852808 787132 812050 845327 837382 860650 832640 902281 818697 879825 872768 816337 818439 807055 779805 841565 835700 864199 762035 896526 848278 866003 820401 885874 846080 827141 844446 877203 793377 836785 832852 817452 846829 853809 889830 890077 797182 830394 894646 824628 848855 871537 816018 852233 860798 860767 862338 817294 778275 830025 862819 762526 874094 827905 830853 867234 835140 838576 845996 821877 821743 859500 789641 782313 819350 818820 838866 798088 853769 859538 823437 798612 852557 815727 847854 826511 879292 867483 880042 834172 801083 845402 869924 857717 784640 852843 963434 831380 829104 815458 847789 814361 777924 921775 810306 789171 817161 822898 831983 738427 879277 856570 867170 824318 820891 896526 801908 801732 796935 823632 759533 876049 818188 859308 823231 816291 787214 825055 863751 834494 801843 833573 835857 873009 816106 771107 807941 829682 861913 832074 838572 845955 860861 816672 857932 826481 834719 831456 854391 808013 821555 794214 778736 814555 902536 830552 779339 837433 849592 859954 822133 802234 869689 842982 771343 887608 807995 848728 827977 843889 815066 858597 866728 810444 815341 859572 825364 802550 819431 854761 823111 795486 827899 835506 837889 788737 824760 812865 850724 835835 852308 876984 866392 866997 803032 825645 885116 830184 767815 817933 762865 793663 814106 845739 845090 860549 800745 870742 854570 838130 825525 873392 825807 767863 826552 748424 848374 877597 773525 837998 834668 827913 806637 866710 811267 863438 893847 828003 835450 834364 822275 815183 808266 821789 842883 816476 860412 855046 752818 806397 845263 808759 795444 832969 819688 828001 885785 841010 812881 872694 862359 837345 817793 822880 830342 831129 826278 849519 813908 828803 837170 765188 771463 840179 886002 878146 898981 828644 824711 862818 864265 849977 815339 813556 866313 846861 766708 829712 818901 850849 839260 813161 879788 839147 805753 818380 797099 856201 845635 872753 
855569 840285 852771 820945 831623 830451 846539 776036 868128 826196 863742 856252 809147 811433 822373 834720 813131 779159 775276 840107 790221 803967 805727 789135 805845 843670 804797 804884 793793 801822 788483 807354 782494 808058 837815 831086 858463 872673 788663 747599 813914 826353 809151 798733 850465 851136 775443 814763 802773 796296 846315 802111 867201 855744 825145 822646 818874 867916 859082 813943 785732 793922 856227 859030 791326 833685 860183 824774 855877 831773 853430 805648 820388 875218 820026 868332 868353 777413 853533 864559 811104 837845 807333 791854 810136 915029 818034 849331 837995 798308 833491 807468 824296 838853 849675 773817 820434 779112 812492 832270 829998 857202 818288 901475 824806 848306 867446 844089 779529 801259 787647 852131 839066 813000 781770 853820 847014 864812 805322 852944 812856 807090 823245 879225 813494 833571 843719 833183 844316 866114 860751 850805 790375 823353 831394 813113 811600 880265 808486 831494 809407 864514 880477 835921 765251 808896 837473 772051 883803 832812 835328 857644 810406 806554 848535 821024 782946 863642 781832 758943 823334 818884 773975 816365 868376 836929 821595 809728 830530 775424 854800 798046 849803 876422 897097 847698 802623 823458 842380 869084 799762 870019 867351 822045 829625 803195 845546 855404 792387 889613 819294 773180 818143 811344 811801 764196 841184 813460 885716 832254 756290 869673 796684 775976 812686 840808 797713 869796 780199 844620 796808 801590 756905 804562 854048 797507 801291 817714 853124 859922 778959 761180 783179 816999 832206 813250 818147 798874 845964 797843 881162 815264 840853 818007 837652 803938 835250 792213 770808 786899 912669 825393 771272 814905 842512 851678 853957 797846 840630 841446 795077 828667 793369 848466 826469 829478 830715 827829 840164 797034 804512 878172 799197 807121 841286 854473 835355 782106 821292 791359 807074 771530 819025 818979 825135 821110 842942 835762 860072 833220 806672 807636 833430 846691 746740 820441 777992 783075 789103 820324 843675 811909 812003 822509 825729 838000 820892 833676 837859 772399 825576 778836 836365 851410 809783 824821 809451 787770 810172 838980 776415 856607 865619 827262 844477 837154 839039 812214 816332 816388 825382 832744 855576 826420 743210 783163 868360 780215 796286 799767 805439 796452 863502 821658 803717 871409 835457 829693 806615 806493 829280 800364 863832 821259 805897 818196 833408 760243 773230 802344 882122 865646 860044 837231 828338 846866 873566 812064 810885 798501 821885 808259 783185 792868 821857 816196 818151 810482 842263 853221 817302 820739 795169 846200 832319 863002 
764818 775678 784268 741363 783517 797820 787102 718262 805634 763495 783798 801747 740946 779154 766530 772343 732461 765995 690103 808264 779446 735162 742906 741132 783472 795317 775578 757425 768171 732126 743698 734525 764372 734824 791668 780267 791879 783752 735800 706662 747149 758014 724972 764788 774248 790711 769638 774413 786714 751226 795929 739435 795830 831846 780129 765001 750393 802305 794130 774490 720786 769597 736511 784023 753211 795820 772678 784386 781783 742149 815571 735994 749559 810710 765703 789059 761115 739038 825484 777556 730019 764156 759209 737177 756112 847199 754155 813274 791594 768325 756833 732718 736941 795868 806347 710651 782006 755708 759479 776953 813626 829496 755235 827597 753945 805748 813912 773924 771909 761144 717575 798938 776007 793840 717687 804315 819801 800775 792989 801651 778576 788289 785134 827437 754827 778060 788143 740223 794900 794748 789266 788506 753931 747474 793025 747246 791346 821736 790361 761026 766980 821873 763860 780996 714607 746040 780430 735550 787239 762608 806246 777206 743739 761580 787392 797420 805486 788734 686478 711618 779982 749555 743088 753374 818292 769869 741296 770416 779051 729672 800030 735370 815228 805482 831411 794051 739861 789022 767222 835391 733904 792870 824321 771075 756651 771046 797162 798011 738206 782062 773440 758759 790546 775394 766919 715897 790003 770197 809889 783124 730648 801186 757128 746207 786808 742072 725902 831152 748503 760346 709297 770006 725583 772205 847166 778812 739796 766415 772341 818775 732836 733559 785240 800753 785710 742089 795186 727876 819022 720422 804209 774861 796014 770716 795337 755332 768471 767388 732164 782212 798245 748160 706486 789139 773297 769637 756720 758610 837846 789834 743413 803016 750874 810280 732039 756193 773625 776156 760043 732045 748416 827976 766470 756063 772194 793349 796893 732131 769789 796222 744499 735246 755837 762100 755562 766318 804458 779478 807831 785043 764183 764501 810127 799752 716312 764254 729927 744882 731574 759998 742850 765315 787167 778847 764875 780974 785525 793770 755844 736288 739528 709500 776781 813873 714492 755697 767789 779106 776918 793302 751988 799864 798338 752587 770775 809294 775650 786002 754342 780419 743364 756656 785048 784638 700202 708409 788506 757042 725189 754452 781914 780374 840672 761623 765253 821459 793678 758783 766129 758542 749510 762021 767274 787411 747205 788252 756812 698599 713418 793142 766323 784536 851822 745529 777204 778284 812594 765107 766286 788892 794438 778531 718389 727744 766830 798871 744298 749867 780262 780347 775197 756418 764579 768929 777759 772183 
781757 740384 764739 734403 755947 780087 761804 675082 767681 755407 773972 767494 726953 762948 742665 739515 750944 753669 690461 784755 742138 706394 739794 729877 761969 800038 730160 745799 758991 725332 731543 712286 759892 750967 770129 749178 798894 777867 703172 704185 750670 740657 731863 739595 791805 762098 705247 746282 753634 726228 772425 769630 779905 777704 736555 758367 738068 800289 801617 713382 715864 732199 750757 762433 729898 804630 751936 764655 765993 743560 805770 729665 730890 767858 731655 797543 793629 702417 776291 757781 723469 778608 764879 712843 737385 840344 769556 819659 755695 747249 756359 755755 727153 756393 741256 728275 737411 736722 746245 758534 783671 791645 732587 807340 749650 783103 812580 751627 731570 741355 708553 794000 729072 751148 715336 791253 776739 799017 759405 792163 749021 765550 775402 813245 761723 768925 752913 765606 751193 785566 757510 757523 754635 754686 784711 722431 754170 795375 774485 756575 750572 794469 761315 724911 703578 754507 768978 660573 792978 749684 749771 747232 697428 749580 758036 726300 799903 796827 709038 697441 789927 756171 709987 758519 781683 780480 752600 754830 754041 723894 779084 731202 781843 780288 838814 776955 758118 764321 788166 800151 741808 772913 801617 749126 762369 747365 745698 800958 714277 814708 729580 726387 745335 751180 749688 668482 792162 747944 792185 740485 722647 776182 713010 726763 736069 769016 682454 800419 732090 757986 711472 740187 726396 752764 807102 766854 726411 728812 775412 781487 727852 731806 727609 750807 753894 739243 769488 751010 768594 713694 788867 756407 771467 752521 792114 745875 757292 730032 722573 758807 806169 747676 683052 782331 741744 778890 757497 709023 765668 778894 713749 786329 701671 758550 773557 750107 732588 768987 781922 727366 750215 779305 719951 743336 742560 782655 801619 712526 725831 745451 756021 698942 768848 738774 743321 761569 777319 770943 788913 769139 741970 752389 770745 776895 693392 766513 683069 727992 704993 783631 755965 776843 753515 789940 773386 773165 739850 758333 736360 712830 734863 715919 819439 769973 735063 770298 730605 740488 746514 767388 746170 776913 792772 747903 745211 729455 774725 758824 737655 741061 783688 757512 779624 776906 695990 716958 776542 698069 744355 742701 748190 738582 787236 729531 733431 778168 749649 771973 734131 714349 716535 753978 766135 748285 721526 756274 738234 718893 692464 737287 797198 779685 796969 742130 783314 773560 764190 780298 765254 744864 751963 749518 708304 731795 740435 764193 731983 734046 765466 766197 723381 742999 746330 744010 742730 761322 
814030 799187 807521 771239 780668 807874 824179 762117 814660 815336 837777 854123 782001 818439 773287 791762 795424 814333 730430 823464 796694 792927 762564 788643 792117 840371 772636 795816 772372 763757 772982 757359 799326 791264 794111 797281 836511 818808 776805 773694 781430 763764 754126 791676 855880 827148 798482 780907 819581 763241 843850 813328 843285 844555 805571 804858 799135 841968 850909 800644 743377 777112 829359 822992 746750 830620 799659 818296 795320 826884 837974 777794 814982 848898 785722 846612 824279 773333 855804 816447 767091 819546 809614 783294 783672 856698 819248 856251 805920 788604 784725 785624 773955 825956 811362 779321 811591 785255 794771 773048 824693 841782 796488 873517 772745 867873 850523 810261 775995 784648 766477 825131 824868 835851 748315 839355 819322 854311 794147 816763 810869 836384 841091 833632 767009 796792 824420 798784 806927 864704 838781 815861 786847 789452 812230 785325 804753 801315 834655 794422 808245 848212 804548 790925 744217 825408 852844 735796 810795 829425 815477 818740 787832 799014 832172 802027 809508 834761 769211 740309 775472 766932 783613 782010 830172 839755 839767 787306 826693 764717 835135 795740 805610 854478 875108 818668 776711 799564 815899 845307 747323 811227 898916 834784 791246 795165 829562 829972 748921 884685 822457 770372 777266 783291 775037 725351 829278 806496 852842 806811 770570 826604 773049 782794 789722 806640 783013 869766 789110 816866 775220 786192 766458 794014 840729 789040 767623 812668 808627 842494 802294 764456 795280 782072 810358 794606 816891 769422 836936 750510 828509 807364 817936 806400 798250 790640 833768 818894 767411 828133 865076 828519 722847 809463 814555 810432 806216 795050 852869 842849 761259 824744 781678 835385 820214 776679 802622 880465 831444 765205 793482 841021 812584 817218 809195 824237 823575 750284 774258 814764 811167 784012 785453 810980 818117 812337 817575 799896 824368 826454 784099 790387 836706 811963 749333 801533 731648 765340 765519 794280 791314 779261 784959 812389 804037 800335 801215 836030 778963 797645 779579 743969 816983 860642 791567 829119 800241 803591 825678 812205 772127 807037 856173 777523 811083 780927 837504 783242 818720 801279 803281 780495 803591 819894 778620 743750 825425 768656 781495 783849 802772 794052 855378 774392 793372 818196 812751 829326 793675 788763 768772 774017 810882 814131 776349 795449 773860 725836 769636 808020 828868 829594 855845 799382 830949 809715 817180 800900 805861 803845 787815 786075 749890 762337 778126 816889 804034 778898 793288 860532 810483 787916 763412 797532 803171 864190 
798393 804248 831576 789913 783745 825999 814635 780638 846481 798340 835493 851707 771633 850720 813764 787652 826325 770075 751718 818352 805759 763483 797009 791030 830505 816467 797141 796582 790320 781411 765629 764026 816748 787662 811941 820392 832464 843843 771178 775161 772638 790796 760994 806012 838846 828951 793607 772040 796913 773481 828639 822217 829077 830313 793817 813768 801447 867799 888962 819582 737975 779930 807143 808153 784920 825097 788686 800118 824798 788358 854334 759573 761251 841321 785419 841933 836228 787072 856389 804654 778611 840401 803278 785581 804638 852047 773573 858969 818639 793435 790178 792469 779750 812506 825005 761312 790091 781566 794459 801079 810958 842204 795640 860128 781669 827766 833051 821000 762653 773499 771510 822249 801575 793678 777773 855022 856292 823872 825170 847142 788177 782729 819911 854605 800461 782676 826009 796271 799266 837569 832753 801164 789120 772071 850547 774082 833992 849432 847262 813495 818327 859964 814725 797746 743781 792709 854512 766659 859858 816567 828485 810886 783811 779637 802156 773289 826289 824347 766910 758369 827367 794760 772595 797779 841037 799735 810150 793876 814211 753435 844339 794021 844191 839266 882867 841935 775049 823653 792201 861667 820517 836244 861044 812816 809267 794415 811168 835870 779661 842791 816430 779124 799733 769665 790698 739121 822246 825325 854175 786478 793692 864686 776112 775805 803499 808230 785262 855767 789773 802578 772431 813060 736237 813802 875201 820074 776114 821715 792588 840960 769102 780470 798106 832015 839955 816519 815263 810547 854530 738847 840667 793298 809569 820724 800133 766931 810758 819935 763258 789422 831476 805366 739627 816783 805041 841365 804300 780773 844291 813926 767120 861243 769959 822432 796507 797895 827605 819305 838812 800893 795256 854576 791536 794767 820904 834656 822159 762931 809804 815678 818772 768619 790878 817788 784269 820463 801249 796449 857217 820222 793769 800602 809735 806758 740641 826119 777639 803494 784289 827631 790284 802036 810553 816325 810489 823069 802816 834410 758286 788055 794585 750968 834061 841092 737144 832436 830284 808136 822663 818764 775474 840451 865299 770104 818681 790889 785234 824308 774752 796209 819048 815295 829994 820835 760269 733977 801491 769652 773980 813221 815619 800409 849035 776772 816412 826718 804524 801436 783829 796346 780937 823521 800692 795533 767098 798329 776631 756551 751770 820497 843435 855206 883238 825098 809538 819564 845560 799030 798612 806253 819253 807296 730359 791641 774352 830782 780958 781924 798665 852479 793820 836684 761055 819566 826438 854629 
792849 765867 777696 752638 754544 790073 830088 750073 814453 786130 801824 785549 725469 759377 770690 763669 791225 775529 736600 822967 733015 734314 759933 743055 784838 794912 765191 778426 751251 769331 718982 745921 774987 764749 795242 790714 810791 801324 735377 733148 754749 774434 775022 760582 789455 766840 770093 754021 781569 775062 791962 763446 781840 766958 793967 793020 762615 818065 825800 770130 706184 751063 768348 760648 770422 790707 784199 782867 778264 761273 828691 764918 753650 816370 750152 792875 784845 722767 817208 748690 747644 778008 773094 762994 772784 872517 748779 831962 780971 755073 771066 747556 759443 800166 790418 717084 785895 755754 770810 773691 784366 805434 768161 830432 762159 834644 826840 772563 748391 742213 730288 788363 778167 754013 734509 801108 820400 804757 771153 830149 783828 764369 770568 823244 762214 784777 803521 770685 765118 792658 812787 796711 793942 775886 821539 760364 764031 807979 796971 775066 776881 811029 793449 748148 739165 794815 801405 741630 803025 780811 777808 797164 735896 782175 807376 756105 783736 780222 718370 726767 794287 759940 771752 777260 838685 791878 780938 748494 751726 744592 798972 757477 778427 807187 785599 811399 742723 761965 789634 822167 734201 797504 843220 805485 758192 768025 798604 787205 735991 829666 755018 772270 775438 732412 770019 679446 803452 788140 798593 757193 757432 819456 761661 739510 783334 776474 725177 835140 754666 757480 728197 788949 760614 793935 843440 771782 756274 759343 772164 816928 782085 746675 758065 790708 800702 778328 770230 762955 789056 739610 831557 763934 793051 787489 799650 752669 789990 776223 741108 762254 823661 757202 717390 780177 790651 798795 803867 763876 787112 746103 733114 836694 734075 800135 751594 784280 798899 798815 778866 739892 766625 842809 778440 750661 791270 786936 785149 747434 789756 759991 755961 730464 771251 792015 750175 786643 771434 793436 782206 795902 771297 749156 796494 784969 718082 763582 733626 740622 742558 801561 794372 742884 772632 792611 763988 754659 772606 814682 758714 736674 750460 737498 800195 832864 748866 776262 788295 767964 769259 796496 757008 784319 816486 787541 797461 788158 816398 755069 792843 760873 773959 797508 799667 777845 755586 726137 784739 750102 758828 770006 783277 774083 829589 779198 766223 802406 799082 768212 769458 725232 760267 783437 771985 775376 747212 769125 770760 718243 733727 797525 805430 818057 821600 789408 764245 777207 781755 787308 768567 783446 788947 798003 723037 763995 762914 771403 757355 757615 796809 794538 768730 770340 763769 741179 783890 789130 
819248 789797 797525 796282 818759 796424 822812 750405 834656 793146 815302 813466 760935 800113 803556 807854 779560 771999 754591 834050 760009 781155 774896 771136 824639 821754 778898 822707 806529 778668 785732 778931 794777 797153 818415 829574 841488 816294 772029 752227 801684 785095 802929 795640 805659 816451 780280 776026 786081 771305 824394 789456 834856 847330 779333 821441 747627 830450 858314 758596 757601 807735 807895 804151 777964 797852 798129 820169 783172 767345 847321 772022 777244 843582 805819 827841 799976 768793 847883 851879 769650 829590 801891 774708 790326 862447 777678 826630 790296 833939 771200 797475 780161 799168 811348 745522 816933 753971 814153 775565 819179 843562 777498 877955 758584 834014 865666 771787 792508 773017 744905 837874 768805 806383 736244 848879 841139 822682 797875 853490 805064 814620 802134 868977 771115 829299 813755 772687 795871 860939 817427 814503 765452 781737 818864 804674 770028 854188 846822 813032 831678 838058 795350 806677 718483 816460 815375 773340 829873 804599 807110 801355 784322 786140 820455 816811 825767 851397 782319 726683 781312 777502 795144 805612 827789 789050 789872 786734 800786 775512 814501 785270 825074 826798 854813 822117 773168 810456 843292 850417 758704 810830 844956 787511 780686 769788 811400 835352 761732 827509 798401 776133 785606 804188 791212 745085 832809 800053 816521 812703 799191 837572 768979 787535 788628 819142 752441 844462 792595 802308 751563 812141 764343 804401 842746 790030 757150 754464 816468 856299 776734 751948 787062 823705 817431 768990 814237 775586 812137 771216 850191 785510 818126 792556 832562 799538 796548 793434 770315 758697 849244 799504 742561 828648 825318 808566 786584 800164 852411 818974 770277 831511 802593 801421 762730 777566 808680 804032 809970 773973 788296 820671 807928 779850 793156 842639 840595 760268 780379 815364 788136 759018 795957 805440 780293 790987 796173 815411 829062 811484 794674 812936 836168 801831 726266 808188 729376 742266 781268 791819 791701 787578 787918 804955 831202 824579 787142 839570 776907 732684 810664 738463 834752 811332 768629 800200 786506 815968 811737 787036 793015 824295 844713 803147 789181 789981 820486 803057 771105 782189 809069 773949 806104 816829 726906 766978 814952 751709 788334 789668 815692 801517 844982 790859 792523 839764 841644 782836 798104 745658 763302 804318 803376 834384 787772 803675 834589 727129 735705 785190 835029 837670 858262 814140 797339 799942 839971 803004 777830 787366 824538 812953 746376 775326 781638 829991 777408 749007 803142 797421 798890 810722 776618 810205 785295 853487 
793312 805207 793115 766343 775021 801806 806960 727689 797743 785569 803850 832499 760679 805703 763551 786013 788478 791946 724184 809138 758124 786866 730237 764375 794409 823646 783475 767188 794164 755228 753561 738170 753719 780085 804290 820900 818964 801000 759409 735175 790316 778380 761467 750943 804325 810214 774727 779697 807511 764522 805029 793082 786330 821133 818096 775703 773106 846096 860956 795508 724863 759077 794096 826275 780109 795771 801882 779712 782309 778962 810567 736192 756758 840986 778744 786719 792769 736165 852696 802496 773779 802429 794794 772758 765478 851415 784834 828934 803037 785042 783149 763886 766358 782649 791512 746345 788798 762163 775392 791452 793667 840696 779526 862536 735756 836327 805356 796068 781122 767550 752613 831167 804887 778916 754604 831181 841091 813599 791779 818895 789930 801197 778797 816930 773254 778412 817752 785914 758383 810014 789439 791300 727353 766575 808350 766905 784369 807256 811838 802100 807122 837057 806072 770485 729707 792575 797171 748802 837828 797782 771021 791095 764012 755549 798679 802980 801151 820688 752725 738216 804655 820130 786582 810013 822982 815776 792352 768903 762331 729203 802447 771044 804291 814629 801144 781605 776333 802963 796713 842656 757527 785824 827906 809084 771458 773235 780821 807720 730291 830738 785640 768667 758784 759716 780036 713511 827290 766499 804651 807226 756632 839681 742435 732327 766921 796165 769605 833048 780271 773460 751603 792051 761218 775769 841975 822138 761880 765345 803757 829802 750990 760218 770133 786136 806851 771223 827723 790430 790958 769460 828889 765456 824564 790403 810569 778594 777171 770129 743190 794991 850624 795626 742801 818969 788638 802869 763658 780400 818506 803203 756744 837687 747920 818734 806696 790173 773836 785995 762070 769740 781757 847510 780230 734389 770141 813571 806870 744236 781860 762055 764855 751357 765656 785805 771253 798915 800026 808105 847926 809667 761159 778145 803848 785057 725196 781683 738355 735250 763678 778871 772157 811267 756182 788561 782790 787132 819560 815457 759539 730341 779328 732810 808087 790539 741199 785679 793115 774360 810142 804431 766345 811304 824273 785788 791880 750043 817151 790207 761362 777192 808832 757973 806189 793663 737974 744720 784019 763402 753621 758802 789884 772546 817482 782242 766277 861080 819361 783577 773230 755407 744631 803462 759297 794717 779216 788651 780140 744877 749820 805452 834899 823713 854031 742339 799898 799749 823865 807935 777503 763027 791215 769600 683224 781370 784877 807376 775117 745310 803839 807307 772333 749969 780426 764459 778461 794143 
731363 753048 779419 745608 755329 777641 808756 727081 791906 747163 770998 812613 762789 768469 758770 754576 752644 743654 737267 780707 737024 747419 767906 731721 754752 779477 729016 760808 720500 741134 715029 727887 757456 739912 770262 793468 812929 789579 745080 720209 753838 731051 726270 757196 813891 789607 749279 769457 763276 739487 779589 763208 799113 786101 745453 771822 755894 832038 797008 709244 705005 737918 762874 776199 738127 760417 785174 767114 773107 753711 808255 765436 757183 786135 768552 764717 787707 705513 830335 780652 729787 761400 776169 739420 752091 843995 742452 795875 786136 728049 723562 788155 769786 780137 801086 703994 748523 725340 768651 756484 775126 795141 753444 811891 761216 797201 786874 783399 741138 748530 706630 801046 761041 762899 747647 776408 820437 807147 762225 813217 751306 773786 775819 800707 731645 795381 767997 743387 780239 813662 804255 783298 737719 750873 826169 746733 779010 801003 803645 763194 782642 823789 768392 761671 720251 772523 746889 759140 820963 759269 774082 762198 778765 730236 773606 810650 774234 745926 727885 708742 793468 757298 712574 764605 808225 746918 760345 775934 774272 730297 801159 770819 782929 797203 819419 787609 755147 768242 775212 800261 739189 781733 825866 775373 772476 748657 794089 770269 745706 802573 733633 745265 724719 734351 766458 723980 787416 729748 774537 775426 738552 821977 779981 728888 775563 773732 735508 790111 743303 785353 744027 786971 739693 783547 817631 777353 748898 758244 770072 757805 728179 751371 763451 796893 773077 732754 774417 768726 786156 746161 798135 756886 774099 761749 794540 720717 730676 789712 718999 744446 836026 769731 691333 735144 745227 765307 779348 771882 806976 789042 752782 785437 731607 765284 747548 754859 741409 781770 777205 758624 758097 803482 767217 728488 786124 790127 785630 734476 769364 788969 738323 728400 758279 761014 734998 753990 765790 762842 791595 811590 744793 730014 782476 771598 707865 754136 694996 731934 755752 770563 760965 783104 754101 792086 792485 759082 764195 810574 747985 734863 717460 693679 755347 811103 730298 749512 757709 779604 765168 795811 721585 772118 801818 753541 771433 770445 754935 788688 745680 757108 742637 778011 783157 791630 718281 720689 799629 733201 730746 720785 755402 758223 829297 732178 750419 814071 804811 762958 721248 733211 763445 760584 775337 769616 771500 756815 779629 718703 714011 748703 779473 787409 816318 769198 764047 787122 794013 768790 751550 764967 808332 785632 689029 748177 767861 800715 776504 748245 735186 809843 758865 769687 751642 779692 750379 776604 
742766 722141 739010 704616 705602 736259 767138 697671 757913 736391 761416 765479 707646 740091 713475 727829 741953 712816 675656 742891 721830 687881 697185 723776 722214 764394 743778 713980 742214 726503 693458 705384 693048 700175 737820 732769 754770 740584 722133 687434 730712 708266 704031 669453 734473 757506 717336 728800 730472 700817 743833 735405 764142 742920 741603 732342 712545 739540 766721 705336 694440 673807 724361 747622 699178 731820 724537 735352 732599 742365 744602 679290 726515 757909 670133 749697 754383 675044 767271 733197 731206 701551 724861 700506 739869 782974 713704 753006 737417 714544 735668 703197 707907 734701 745795 666131 727455 710161 714458 707606 723476 764801 744319 796854 697966 766901 763151 725346 712250 719272 689354 759649 727898 723374 681379 758657 747855 751715 704570 743569 724520 737801 715646 771799 688789 738221 740979 720663 722330 761372 748204 738536 729103 709885 746809 720650 741773 737583 737486 736553 707755 790344 753743 719418 700700 720545 760444 679737 771200 754651 760656 725529 736985 713796 752909 711727 733340 774463 705004 647573 735220 724742 700988 713665 762773 731047 722185 722937 724750 691250 765805 720037 753791 763899 775238 770333 692500 747988 737305 795457 683604 739926 805796 776347 752127 703418 723900 722455 697132 768645 735643 698623 697911 711807 710594 685176 745882 738531 761399 723797 711838 769861 693202 692675 708813 729943 722606 775365 695557 731464 701140 731920 709971 724075 775556 726018 715263 733129 735254 753260 698313 674908 683936 751815 746935 685859 708085 703968 769869 708307 767135 721632 754899 757087 793274 702371 718431 698340 710436 725010 790313 692201 691463 734617 738360 727963 730478 694572 782449 742146 682799 760205 717237 736429 721809 729698 741122 718239 730684 713172 711744 773403 759091 729703 702738 725584 714308 682496 702874 703508 728103 725649 700310 715039 731258 727683 723717 729975 745773 763774 704495 736596 751618 722814 697128 730602 681015 716057 731974 710409 742856 729927 734607 717683 724887 744630 714373 755584 738002 674775 722431 669576 739858 748597 675109 729464 712749 711386 740955 760877 679746 748674 773082 733419 716423 714177 730900 702986 745285 735512 706190 710740 757120 708791 667972 708645 751221 747968 668572 718492 725093 707731 772993 703193 706727 769408 722081 723606 717696 720932 713360 718694 706142 744822 710187 709049 722357 684074 667419 737711 767386 733518 782721 725012 768447 749205 768015 713608 693332 720387 769058 719770 683481 676392 701864 742799 730789 705931 729611 773790 705806 671821 719610 723223 726151 745548 
823331 822104 813769 792292 795149 798635 831174 759874 834921 821839 810035 804528 761037 820963 813606 789561 799210 787007 756540 816600 770183 768581 778406 764999 793846 812347 761106 793044 772731 780459 753463 743813 778930 812499 823586 825137 834299 836502 766393 750616 793813 788039 804589 801009 803726 834766 775587 802400 787263 791705 838099 792541 829016 852071 784980 804474 788711 812198 849196 789629 737003 778557 768541 791275 776904 805721 781071 815572 782651 807213 813457 774935 811927 868877 794425 838726 815694 757287 838663 819332 793592 785829 785643 797897 786284 857058 809498 832965 828483 808673 804861 791320 772660 815805 830801 732729 809670 780815 796394 784714 816112 813762 796323 870922 768954 838256 825994 807596 750829 774730 761052 844799 802284 812621 753078 827719 838421 832391 790112 844004 790708 814713 796098 855700 771618 798604 827471 805943 831271 817701 829272 805437 793597 791357 854802 792247 810917 826931 827175 811361 829620 863061 816704 802546 758796 803420 812941 771790 861936 808781 797030 823304 780707 779023 790947 772566 778930 836007 763589 753763 804784 765577 775718 772276 842490 815064 803602 832347 793982 773348 802246 828095 824925 835794 872417 852748 724728 804446 802826 853571 762530 808797 849967 828401 780720 790211 816864 812836 761660 851174 803911 780661 805429 797733 777300 723208 818874 810992 804928 809988 797922 841410 782457 751189 793882 817173 762671 837432 776799 821472 764990 811818 731736 806719 856936 814048 745562 793540 818090 816173 787918 733798 772437 804798 822396 781165 796847 738574 834385 780686 840632 824236 820199 806360 816361 784962 788325 793946 782393 808644 873565 787533 726953 803538 780312 798614 801785 789291 866559 812987 797904 816260 753541 822150 793784 802639 813598 836646 799415 771934 799111 859602 789159 761482 799278 830142 808181 761868 787775 791087 794299 786761 762239 803020 789820 822345 807476 809379 808092 831935 786963 770396 868539 810019 750915 790969 722194 781727 795453 801486 788256 808175 774601 798670 787855 824241 762857 866640 782347 770325 744956 756936 827256 818527 792140 790659 812506 788733 784009 825865 758620 822199 852328 776673 835584 810767 798366 777976 782295 768026 778199 823424 809545 817968 783696 761137 835849 775467 768738 794738 795825 817253 839248 784818 809928 856619 807098 818442 803447 761932 774810 791861 801677 835716 767930 775972 816131 745799 759806 785105 836306 821863 829101 823572 807414 836555 832714 785460 793676 807486 853219 806023 736031 760063 793586 825761 775815 774307 824136 843926 792235 776426 748797 809776 798578 830575 
783803 765801 772681 743761 781105 779922 793305 753612 775501 792393 815073 821225 745192 808399 755061 775732 754605 757602 745623 824061 778325 724414 749675 725662 806829 817776 757880 790861 774641 762350 766282 744924 751488 741252 778443 793915 776146 784471 779977 757450 783732 765746 766130 751222 790709 817023 757501 758464 763882 746085 816434 776241 811536 794980 746440 791568 748204 781530 806845 774329 717567 754071 751691 810183 739525 780694 751153 780359 789490 795090 827306 731945 759709 802424 756132 830092 791123 737833 783936 792952 733907 824044 783588 746393 759319 823705 793806 819400 786647 767814 765983 787766 760979 782434 782437 718241 776237 753511 788157 782565 783327 789468 765117 828389 742851 807755 828339 769136 729352 750430 739866 783766 778611 776669 732870 814985 803424 809596 780942 808922 781966 805112 784719 871666 760317 756445 782243 778572 775721 819312 818645 776260 793135 745573 788542 774886 774303 823749 813718 793539 811662 805642 762725 749923 689540 769666 831966 749933 801765 756663 778798 764709 772674 763066 797118 771556 775251 810203 755196 699104 786490 784343 785750 764507 801460 751987 783371 745152 790322 757411 820121 750388 834782 762448 854037 792573 771283 764528 797475 853814 762172 799252 825168 804622 761438 745902 798459 796312 746731 812534 806512 722054 765264 758580 784342 733213 798998 791838 806267 779467 757450 822626 745097 753907 757441 778547 758655 810507 763293 808901 752818 766530 722354 781500 834309 802126 744119 762580 775018 819236 750885 740666 737281 751801 781854 793253 756022 755241 829573 766423 831858 776617 803081 790786 788765 751911 783425 782928 725479 788394 824658 765262 735090 785515 785541 765068 756055 772464 833855 788927 728042 830670 748697 775061 759971 767231 803334 762026 801666 766804 761789 812641 775944 757400 785714 786324 791227 725689 770960 760537 779554 753219 762958 773493 761521 766189 792597 794960 841678 804872 755376 799110 796176 771734 741881 787056 700013 741094 750438 758400 738403 758579 789365 763119 759571 792191 757226 798674 757604 759135 741034 708798 788074 812505 753905 799670 763504 750083 785860 793792 755403 784311 815534 758679 742896 765651 793929 773828 774614 767046 778162 756634 808601 816929 738930 708310 790694 766362 761011 776532 755096 765000 839853 752463 731867 815061 799235 769316 792586 782471 752356 755096 768764 782829 776268 751428 763834 750640 736657 766825 794201 809573 840420 768975 787187 834810 797983 765975 764488 786203 803466 772034 755482 748493 767984 800173 745302 783968 812457 812480 775598 764362 742558 796169 767262 795668 
792586 815027 765312 798339 779526 814298 844001 757389 810675 783465 833995 847566 759369 812351 800165 778831 828557 780784 759748 819284 768968 787990 759422 767144 803713 803149 813514 780755 760480 757319 775660 731756 784972 781424 797404 801640 825594 822758 753775 763066 745590 785993 790014 783809 809472 811359 772227 774111 789972 768764 833449 791491 818672 829047 800725 788189 781868 837848 835800 770275 746552 775251 791296 801340 758561 797367 796376 820290 838640 811433 807717 750376 753070 832126 772547 800237 818971 778111 839050 832421 802229 785786 813866 778376 776874 872841 774942 835030 823948 785462 780167 798557 780825 815538 820806 724105 768431 798618 802808 818207 800767 845415 793366 854860 773073 839395 828811 801367 790076 774952 758606 854372 816752 808430 759391 858762 833068 831526 826765 833923 814313 797140 783376 847083 780786 833709 811393 774285 803931 807728 817637 793124 786896 790560 851764 769097 821775 839797 851780 790140 798563 837515 792914 838769 750066 776792 856093 765317 831862 811395 776520 786323 764534 783710 823567 789310 780222 800951 768132 740151 801063 782950 781054 779601 841602 810865 805004 774353 778100 783229 834477 793856 832924 808733 846974 807741 761205 786125 777084 842868 779018 815693 846684 779618 814466 793268 824327 795927 759693 826154 790918 750125 779710 761099 776930 742024 810976 791284 891412 817986 759505 844646 773022 756382 786880 811453 767857 857109 773018 823284 740858 812525 758540 811120 831245 820737 764074 808960 805847 838109 754752 754707 778925 803383 807689 816093 844985 769916 837737 783513 848782 797132 809765 810257 802738 794558 778556 808480 729156 802983 840586 797378 752027 781459 800050 826276 759065 807861 834480 787501 785084 840636 762591 820869 795130 780892 807145 824497 828990 753763 823441 857150 783894 736299 791317 821593 800916 775837 815186 797220 780651 754299 790649 813399 753288 814704 797587 789549 810924 833264 807333 787079 819785 791307 745396 808914 763522 753838 770191 803431 798002 790212 791061 788661 796414 784943 809827 833646 772356 747392 763524 749599 826391 809989 778563 797612 794908 785815 810152 834195 766720 806741 836327 773888 806630 784759 829769 812048 781312 782561 792018 790100 820759 806611 751320 756397 817110 795452 762505 778838 788566 809147 841888 760994 796438 851601 809779 769023 776269 762999 758083 797999 769836 812833 801590 772983 800856 742656 729932 776429 846420 821203 856787 780491 823363 815843 847193 833376 782953 792975 792356 791922 748193 772869 792478 836974 772668 788532 775181 813904 790993 789281 786784 813124 762726 814099 
831860 798444 826103 809946 780736 832152 859031 758890 829962 822249 867225 849496 781444 795243 794440 782264 817091 781076 764797 818093 794200 795810 795976 770760 830611 842324 805009 817091 795449 793610 821011 755294 790672 816765 827734 826320 835814 840691 779827 769045 796530 800712 791273 791430 846266 824008 802376 781662 808333 792269 822100 801417 838943 857131 809156 799151 804180 809260 829066 786564 759471 800229 792185 821829 792958 816671 788901 821357 820246 802015 832645 786520 811758 843072 830934 841047 837472 787434 857745 843191 765395 834265 788151 824463 813305 880014 805761 858432 809282 784811 807046 798077 819012 815185 852796 762492 846616 781166 817354 829098 837064 837121 783142 881471 810255 877830 854339 781017 806262 801056 776193 834201 772079 810599 766406 858116 867190 861672 840861 852022 811864 812715 850175 868425 753584 824549 825108 813933 807387 845445 845459 793352 770051 771284 855578 791580 829644 846698 825585 811810 813097 851994 822918 790097 783681 820023 840542 790194 880261 810251 809698 808922 817048 804727 793698 793422 823089 809321 790883 737341 801657 824992 765039 817502 863559 800588 799049 781813 822238 779641 836726 808108 833573 850269 865467 848603 773452 834937 843972 878048 783578 839572 877422 825167 808370 765011 831726 836480 797807 856200 812235 795936 788059 771935 785594 777259 824938 800864 854442 808295 799185 859325 773514 807605 807909 804445 780561 874469 795219 816415 759484 839952 771246 837153 884123 800756 796517 829453 838354 852514 810421 763400 814570 828165 842414 789662 830124 823639 839830 796167 836025 817935 856490 819678 846648 776856 777523 790846 756735 801047 846056 808281 740967 812865 842449 798971 804290 807067 811097 829013 757630 819826 795032 816592 791803 803390 816666 848958 844983 799439 832955 858972 798780 789231 816636 870643 839179 785953 807413 807657 771381 797823 758353 849838 817862 811287 822688 820924 818569 844679 797176 815004 855170 822840 749640 799373 768806 774785 797064 804169 826846 857524 798657 840689 825628 815234 826432 830141 813473 762903 780928 752610 827881 825799 786286 823168 803786 822434 802716 814516 754453 841045 851057 805111 798729 784688 860282 789630 811378 778847 820651 826584 822157 821335 738928 770654 855644 792257 827017 785027 819230 817504 850012 796166 805669 835126 799227 793238 787041 767804 779564 785801 785097 809006 798980 799322 828074 773458 765041 810070 850676 818573 858802 788774 822671 814939 840314 770646 812143 786948 853725 823670 754689 784988 797482 823081 807442 764093 806408 836401 794865 780352 817620 812144 823091 854580 
832563 806725 833826 810187 794408 835699 843933 766008 849267 847143 839071 859565 795155 815438 838269 784630 839465 824142 773391 841510 805520 796508 778805 785750 819435 821409 800373 841106 821567 787491 824556 761988 822031 803472 848260 850096 845848 855959 804210 790850 824580 811175 792871 812126 854900 843986 805525 801529 830974 766583 860421 833729 869762 844123 795905 839718 799876 893331 861166 799085 768005 818994 828025 819082 812818 848807 827387 844817 799666 812769 887174 789480 787889 881184 818200 839540 836010 796409 887064 819144 753044 830623 832715 786616 805883 912144 835243 893874 801940 841358 794547 805657 812261 847556 856176 782477 794201 790170 828533 842447 820395 869154 808452 910220 803417 866164 883324 787304 823749 796100 781667 852494 803314 848423 779384 852210 870055 856426 814680 878091 834637 808163 836986 888911 820189 810759 820880 819010 829691 845654 877354 859136 785322 791530 882356 777766 801092 871040 858196 832736 857649 872429 817210 798337 773131 839847 859114 790531 851390 844466 834619 851891 795408 826925 846132 797995 824810 859246 782406 768525 838471 830466 812103 812317 872444 845688 823400 829429 815720 777846 878209 816363 828995 852671 907066 831535 841324 822952 860597 868315 773192 851900 872210 844395 802332 809622 838582 821488 805257 893330 817320 802052 823383 799163 801231 740637 843505 830614 859629 838654 791131 870059 830058 777526 807143 830728 802548 884982 825883 825881 812894 797996 800246 831529 912864 834420 804125 827502 821489 851975 764395 799883 825179 838511 823241 811197 817775 818613 860210 804839 859735 816571 844306 830365 853134 812588 811132 826008 786739 819519 885975 832382 759393 833934 812920 840252 805832 813425 855121 854510 804069 843433 798607 845482 818522 804459 812988 849554 850293 807739 841448 849714 818354 791443 814525 850577 839368 769926 843575 804612 819903 803639 807301 810526 836388 816609 834891 843424 849186 857141 817921 806432 865651 825351 767455 816810 777512 785378 804900 847567 821826 818768 847702 833084 849711 848328 798511 844245 799184 778614 822002 787299 866135 861684 789639 812934 787758 827023 817322 831261 833594 845396 888577 842261 814927 815683 855916 860829 805247 833332 837394 811137 848206 853638 787043 782262 826633 789028 825829 821047 810626 817541 854087 806673 806239 868195 853048 821927 824742 799341 798719 824049 821074 829931 790611 804391 831426 740371 766839 821650 857663 837928 854877 818667 850443 813020 877991 843667 841384 806630 835448 812676 773036 831666 817803 828835 796970 800552 829869 846561 821989 820251 808793 829501 821517 851182 
862697 862042 878987 801552 844935 871265 909216 819326 866020 874790 890087 869898 818039 874211 851739 831731 858280 822603 800780 906266 819297 846301 792483 830044 863881 857507 848474 817414 831601 836666 817410 811152 833182 837143 816959 857313 919505 856304 823523 808075 852009 823194 824305 800420 877161 834638 836595 838129 848326 831994 868406 810477 861217 874250 826137 853020 835148 880126 905869 828030 792953 867375 839264 843651 809007 859586 853329 862295 854862 840350 898442 842657 825899 879726 810074 866275 869438 808974 898322 861137 853712 857952 824314 826121 796496 926843 868031 896877 853832 829755 853552 847078 832180 828276 872447 782421 851822 825370 842311 870998 856233 853083 815444 906294 819378 906206 917911 831277 831708 813178 813993 874689 827728 855833 792200 899587 873958 864733 833159 915451 862992 842610 842276 898326 803989 848655 862437 835037 869288 871247 894405 858185 808281 834228 879223 804600 877237 857622 873756 889493 854837 873565 859842 838454 761790 846302 861111 791705 861829 887055 834276 883180 832933 838443 865482 853644 865686 865875 807841 778178 838820 827694 808944 843981 901540 851116 848736 815874 827843 824843 874321 856103 884238 873479 919847 857222 806577 838288 854987 889668 830692 879786 910393 842952 874143 836422 882757 877564 824030 914114 852936 780453 845369 830808 800664 766901 844892 849035 906426 834447 815807 900832 815010 823182 833243 864899 786763 884366 844967 878039 831575 859256 822452 870048 904489 864548 850367 853379 854220 886751 846495 807354 830403 834240 851260 811493 864411 843178 903107 843839 895589 875068 868700 851567 898969 846162 851512 843832 824946 844640 883697 858265 757156 851149 859850 870797 866750 838833 889817 870169 794979 899981 829266 857001 844202 859235 867382 879813 871693 820681 881988 922373 889255 819190 841740 854463 866450 833158 830967 865400 837854 806075 831521 866618 844833 868662 840515 859699 885650 847723 837510 861886 882106 863513 779629 853888 828761 822837 834920 876083 851147 829093 882426 826886 844516 854807 857396 879959 824006 795945 838703 789769 870106 863080 819251 875236 825725 837030 856736 869570 812503 884667 909661 867102 846957 845585 881990 859615 841252 834993 842967 872519 867852 864232 788189 793538 837827 837900 822679 832989 826289 860217 899785 841679 829761 875142 871562 853141 858889 817120 813077 814742 852933 860376 831348 850781 851333 796272 801679 849625 915135 891301 910952 825334 881638 840489 860176 861391 848344 835269 868359 862683 783770 833604 844996 859869 863455 805511 863059 860705 821042 842900 844241 851997 826439 884396 
768575 776047 775721 768316 756472 802585 795419 721898 777089 751414 807424 816492 748872 755163 776991 765874 775961 735411 704397 814814 754741 759821 734526 730828 791183 794720 767479 775323 743994 749115 742504 722321 750914 734692 765981 775171 803725 776322 758627 727872 755470 778948 759322 768768 775817 762556 748028 764179 766824 748295 817764 755914 776195 788673 755280 782168 742586 793946 831135 756602 710521 757341 753875 769290 760457 800528 743641 810197 782997 759531 781088 740827 761782 820546 747590 787806 758568 727964 799498 803919 746703 766553 750236 739393 767621 839401 748158 809713 790118 785221 750192 728732 740404 778130 789917 703271 763028 745921 758984 756285 776424 786862 782430 813248 741893 810896 779571 750961 754427 735414 732313 804839 766434 773969 718096 813575 795824 788466 759970 809686 755759 786692 734279 811612 748514 755130 803961 751409 775017 799018 788448 776532 737653 754917 806555 746960 787409 810688 805081 783968 765004 811926 777952 766837 724687 771396 782006 727818 793105 754322 748793 768696 749036 763955 791955 762319 764076 823552 731029 705165 747866 751757 762736 767497 809424 789780 763135 760986 762474 739102 798489 787482 785403 822538 808012 776936 717590 748971 770299 815732 728034 757458 826847 783115 765630 747232 788434 764091 735364 812537 759468 739749 762809 721545 717650 700823 780917 752527 807744 772053 767296 796516 748948 753714 744197 772456 779876 792538 749526 787750 721673 772283 730486 788696 809302 723718 739081 758236 752079 774312 734589 702760 749875 742056 793684 757326 801238 769843 784156 739613 810366 757113 779607 762380 768201 749297 740087 762209 698457 789227 797657 735865 694621 758162 776063 769597 756271 782535 833464 777002 753628 796798 747421 774160 770055 770501 720106 782704 793235 725238 775112 801489 763120 733999 768047 783345 744130 733160 738232 759447 753078 742694 776068 780898 745192 754130 754995 744267 794505 783645 759334 761864 809231 771160 737093 774219 724916 724734 746977 763897 749466 766071 763596 786463 748927 772737 783580 808701 726076 736623 758191 700715 790530 762968 748361 763482 780219 745931 781572 789228 735718 786941 804255 770382 770385 746613 766438 752468 768084 771438 770681 762373 761866 784472 685220 696166 765087 748525 725282 760508 805702 750334 794948 768847 769323 830221 784083 793739 755200 734346 767226 766764 765893 766480 757621 743955 770100 711151 724123 782123 800541 831010 825201 779853 788752 764414 779260 788385 744833 780363 794983 764312 730214 734169 758282 786484 767952 727482 760198 773931 745823 756957 721967 772505 739665 791666 
805312 777464 771551 784160 785866 804504 824269 746013 818278 824264 835149 848802 774474 782252 801257 768566 787842 760720 726432 802970 775017 756761 751999 751425 817799 793257 780187 791472 775667 762686 793986 742465 751715 770627 791963 821157 832100 820718 754095 724791 783733 791605 737282 771634 823663 822411 768183 778126 810251 793478 846217 795302 822709 834724 788197 818070 768011 822476 816513 768637 764875 748889 813536 823162 775928 817319 810906 821743 799150 799160 839709 767142 812440 793938 784832 819880 811381 758039 875140 831290 758065 788223 794726 787226 796920 875895 755636 845461 813640 779373 774117 804249 760208 801471 804137 734717 817385 779488 809035 790547 802624 823491 770339 863820 797751 838956 833360 811425 784898 751069 731925 839506 779326 826081 758054 839562 833743 838840 785123 853843 799870 792984 799373 833119 763874 824701 804094 784337 800126 821265 844916 784833 789929 754416 829419 771403 793916 835802 828639 792591 819165 840630 807190 778282 744223 789347 810402 758974 827103 794928 807688 793126 767392 769234 800480 787091 794768 805119 768989 702588 786469 795981 777030 768992 829337 785406 786123 794164 767508 766768 824302 814150 840730 814515 848957 815669 764045 796148 843005 858866 773183 799154 864962 808609 804423 791917 823946 823134 751892 822791 774778 765973 778519 763659 790369 722486 800019 789614 817772 799144 766410 844897 790165 747467 797090 777203 757078 880662 780753 819938 758083 797704 775390 810328 841540 774861 777860 802226 798377 830818 785687 749982 775755 788112 799011 755462 801048 786635 802492 780198 808781 789004 793435 829558 805423 777477 784868 789722 764192 822534 823385 790130 737041 812092 818787 817730 783326 799200 823138 797149 751726 812709 779343 780041 770303 796958 823282 773938 800553 787430 789337 841068 805872 782895 805808 829519 787702 739197 799377 799897 761181 759126 757128 818131 798562 793004 797419 801973 803212 859062 792083 785991 823088 815261 725882 801753 720533 764700 760687 775165 801304 796830 828802 810869 798938 778903 782168 832248 793140 727227 766384 730190 822108 843044 773235 809437 781302 773076 788906 817122 729750 801847 831636 785930 793809 762721 824226 769895 792432 794133 793056 816056 835784 826872 743896 731999 790234 799777 787857 802815 830347 749703 842450 789264 786857 836577 806741 819743 804842 755098 754030 784504 787869 825233 794561 774319 778005 719415 759426 767916 824469 804072 849592 804490 823839 803045 818361 796545 781498 764092 819093 800262 766647 771941 789634 836350 812339 772069 808908 840115 772675 787992 772300 810732 789740 842548 
797912 811439 801258 781399 773444 802884 802660 724785 798509 764372 812283 788039 778981 754354 780869 763430 808498 729716 718860 795465 759730 733470 740991 715435 792117 799079 737180 781491 744198 770337 758132 738570 778941 744922 790947 782255 827462 817903 749202 737004 751828 735361 745731 782072 802973 768913 730275 771970 773377 766638 801318 759530 825399 822373 792109 799207 779589 783293 822502 755320 705679 762563 762061 770593 739738 784527 787904 790088 791534 761297 796440 723860 765960 828256 774834 822994 808460 737402 816488 774899 751759 798461 784617 768240 748126 855362 790841 820415 804470 744182 775492 768315 754304 763649 782750 734653 785056 733982 752223 798224 798496 810722 767791 832110 758024 810730 801242 797143 748157 773510 732919 793972 805473 785625 734793 811723 802381 802782 755976 834139 772002 785126 785241 809579 794046 804167 788385 787442 777260 816627 803848 776398 780340 749723 798117 771148 791865 825229 798697 757942 815904 818347 764042 777644 709195 763805 778063 757153 808984 773468 782902 781766 774566 761785 775085 767356 817420 791349 751883 732172 774229 765775 723907 752415 821728 781520 738214 766199 784844 702967 806309 770803 804771 816747 874003 782255 763585 819726 784320 812458 745651 793145 831138 788270 762365 772586 788564 800378 733408 807794 779246 752772 763812 789646 774925 717702 783807 777609 818339 769042 748772 820401 748821 738247 773840 803993 740320 807516 737903 794765 742469 796245 712289 784947 826123 778303 738459 770924 786325 819163 735591 727214 745192 789263 792762 777831 779138 762917 824199 749820 797981 808459 795109 745106 821325 770320 760188 788246 734650 787596 843695 807600 728668 801788 790617 784832 799651 743655 812221 808206 753504 827740 755671 813020 763798 785848 786676 801843 829492 771349 767388 814362 774727 774636 789599 805363 782103 743553 781639 797883 764932 733065 776746 787975 760099 789423 813378 783890 828577 802421 778201 800220 797516 768105 706892 761796 736729 746481 743777 799633 776681 783129 787206 779090 789097 805855 776758 820150 743784 771722 757145 728989 797299 800021 756994 752144 769487 757601 775797 804333 753719 805772 829983 758717 783035 787723 799237 802678 743524 768007 761402 764378 797856 795308 736441 719622 788223 756848 749039 805510 767323 790837 810047 783406 798396 783921 785848 787353 774263 741233 768322 730717 805730 816907 763777 744074 784237 732748 727132 782348 797330 776490 857256 783911 794835 807847 812363 754341 756324 780144 769934 779470 729977 744712 768646 816516 772168 740295 746002 811761 772341 774996 704700 778924 785019 801131 
778312 784938 799557 753791 757829 784548 801454 741511 809536 773308 819711 830044 736885 767727 779114 760780 789074 748375 741973 799813 760962 722560 754904 727749 802348 796933 757998 782662 745407 769486 757627 729006 749790 755122 779287 821636 810812 801756 751975 757008 782179 757062 773656 748868 829591 795569 755977 764186 786463 763614 816023 783634 816250 819053 815099 801739 750882 818928 846489 750600 728670 763829 764055 773255 735302 793148 811498 791054 783834 768617 800207 751996 771649 842283 770344 823557 828031 695251 802150 793563 750135 784709 774329 772719 781779 878182 764273 798881 812209 772977 777326 795318 747772 798552 807059 739750 800826 738153 775775 773301 793451 804637 779171 852415 746258 835805 802933 791704 748779 764646 717804 813742 777885 773892 740039 837356 817166 817103 802057 797884 771359 804978 795229 829165 776606 797656 790840 784962 796131 800593 792871 812257 772266 757894 804800 754082 797352 820581 816404 774249 816674 867050 778654 765391 737474 789477 778120 753050 865840 784474 800798 788191 793371 771501 776157 768670 789468 792220 742373 735579 815137 786575 751677 761161 816222 770351 780173 769196 806996 737926 792434 794040 804306 808401 870200 806939 768997 812858 781866 832707 750441 805721 879038 775519 791641 771839 837546 791337 751042 848009 772907 766032 762337 782586 783822 726384 772982 796797 803233 782663 745368 845416 727332 742578 793686 803480 732908 810927 775284 785917 741650 799148 748928 796017 835515 793798 755343 758308 792410 805471 769892 725125 791920 786399 817056 758663 784808 800493 827833 766121 812541 768135 791485 771152 801389 765374 761848 789384 768024 796189 861075 747176 739088 799660 796359 812785 800711 782157 812598 816567 760596 832222 748599 787419 775204 795153 782185 785874 828791 766237 778404 816429 806133 777065 813002 806608 808585 729947 807701 767457 802936 746492 758957 811548 761287 772268 809102 806642 807010 827202 757560 764928 812049 791658 766148 782607 737348 759126 764118 801586 799124 795287 758567 795875 786292 787212 796465 807144 765383 771908 756796 746875 787331 817318 739867 804350 800870 767261 801144 808147 747748 809387 842399 782974 775222 768281 807586 770028 773507 763876 790959 803209 813686 806628 761118 705153 819222 770544 777398 825629 758229 798186 799359 793504 787196 816020 794506 791942 768143 766274 785403 769359 795176 817770 765610 762407 780781 744315 710469 821439 827040 817132 865936 771000 769856 797985 819920 747392 778286 781889 840333 788460 727730 790549 740340 810350 766885 726571 782746 810530 779102 765306 729459 765751 808317 845070 
811456 838000 797035 778200 813199 828379 846461 771029 858454 834669 849393 854883 778144 792578 793615 774628 796734 796002 732671 844753 762977 789827 758160 783206 831310 803420 807521 798065 768876 774951 788750 759081 786034 788057 802143 799929 850746 826009 777139 750240 770107 775590 769219 768934 798444 790135 773581 795961 829139 789560 847692 781309 840881 813617 833990 806052 802065 820516 836183 782197 743753 756341 808575 803314 793627 805974 817613 818429 827092 794695 822114 737724 818873 822730 788612 794772 818437 758127 870702 840420 771216 806424 798379 778728 791945 860515 794097 859330 832126 777133 819025 787837 788435 822234 803204 738012 814480 778790 785907 829452 803626 852781 815818 880027 782798 857614 843428 819300 796566 778822 746368 824811 807433 776139 761222 838054 839085 841137 795799 823847 842597 787143 780238 829602 793052 821334 831247 786581 823011 828950 826326 823664 797710 769382 840952 769094 827813 855367 820171 829720 808028 865543 804960 801986 782047 797056 807317 768648 849839 812800 789214 817739 809080 797215 840628 769148 820572 832294 776967 735789 807973 777156 773356 802622 832139 825073 793705 797238 795373 742535 838543 814209 834296 818180 849535 809219 776998 815572 826050 841415 752556 832565 864179 796415 784363 787502 839139 795859 751895 866336 782920 792134 797047 775221 764143 744184 806472 795234 838088 816518 778783 813240 764026 738848 792977 774038 758564 858443 797560 803055 760804 809204 767724 794460 836507 809926 797092 820958 800879 843241 769753 738032 763442 806537 825940 757815 821227 800351 835360 797651 824855 819823 802917 803780 804466 769473 801670 791975 785320 787132 845369 770097 743096 785425 798595 795747 814575 777529 853963 790590 777033 834973 794320 821055 784286 816662 785699 821280 806950 759262 814623 860628 799512 770821 821094 790341 825990 764574 797598 806074 781295 777609 772561 807517 804049 822479 800907 788769 826304 797314 769579 775121 833180 813675 740153 777899 746056 761621 786079 842954 846989 804801 817402 813302 808485 794632 804390 829385 794602 759972 776350 745097 825742 823602 750737 793544 812954 806013 793385 807418 776003 816740 830948 805581 815779 809909 804143 779792 789580 826651 774412 780712 816718 816668 727840 739685 795343 778818 779689 793458 788427 789823 831391 788512 788076 847448 851773 815367 806263 750458 755385 780040 790033 839146 807534 802180 830899 754810 748215 804050 837494 838688 856125 792707 816560 800412 856998 800017 810229 765765 824875 786191 788787 761423 789348 819014 787345 767097 819507 823480 788197 803886 783769 822752 811928 840077 
820382 825163 826041 781590 792024 781502 841397 782292 830572 834771 826068 803952 762448 808393 817131 779454 809666 794231 742434 819366 765174 763417 771628 759707 804542 840759 810143 792097 774353 769949 765666 773995 777406 766988 807065 815000 864122 816777 805134 761259 804308 760155 789023 771407 827381 812910 764781 797404 798654 806915 844950 806806 829773 826990 810604 817775 787775 818225 850253 762792 750480 778536 798527 783004 773702 816207 811859 820478 796400 794718 839741 768061 797177 848438 751894 810055 818282 775273 864372 829784 778196 805787 787653 774807 791998 880123 807239 843396 845150 813346 770780 804281 791988 822534 821258 732967 771496 772325 792575 803826 803918 842398 792691 829110 789934 864881 870529 776798 786845 786932 757780 832221 818143 827533 748397 840464 812293 844128 786322 824924 839278 832878 813677 844949 787590 824996 817431 805837 830633 854891 831815 830549 796028 781049 846452 769750 802388 838228 868259 822844 834210 872339 805958 813975 748533 783121 825012 777783 864466 821113 815384 839837 814359 803915 810952 795985 836413 835543 760279 755584 825071 799609 795646 782754 850473 812655 784540 769509 810370 779345 810286 811210 849776 836888 864256 840799 792783 833376 822391 866295 783055 812157 884938 792837 796157 781938 826200 793739 751739 856171 782857 772870 771653 798527 801345 721425 820603 819478 856219 800247 770336 862256 759019 747482 802884 813010 747340 861992 797436 818298 804079 809081 764689 801521 849173 824557 775014 792800 808574 840565 786499 734982 777809 824622 800364 778955 805593 809267 830650 776042 853884 815193 796779 789799 833995 787661 801093 820491 813366 808570 872771 791764 738460 818807 827740 845101 767257 776764 855627 823961 798187 835772 764598 811581 780761 818750 798339 814951 825236 794930 804878 861652 821360 793060 801666 811712 813537 792395 784298 801596 831629 773974 781541 818237 787905 821658 827167 824390 821800 861063 801377 807644 817039 810256 755969 813570 743594 759236 775417 822387 809507 801068 786630 822904 793710 808237 800447 837391 796953 764767 793211 733439 842573 849161 750365 800639 806145 797120 814326 844061 789356 821794 838156 802034 830303 806996 831086 804073 771663 828790 790786 790953 819697 822090 742441 754595 842008 787160 772943 791197 806078 804447 855960 751665 803319 869890 844570 806214 809788 772057 768317 778893 763426 809487 779752 779180 788209 758722 735487 799332 804956 823959 871303 795201 795624 823749 834418 810867 800238 805560 823738 782426 761760 758096 775828 812295 817229 795366 834438 843481 792740 782139 764504 805685 799621 833179 
828013 774660 795749 764527 794700 834260 799970 738552 812238 797870 835578 825483 763638 810481 802562 775387 795931 776477 750803 795548 761994 753712 763834 726615 822547 810868 794814 777419 759201 770602 762948 741707 798269 763187 775377 820676 828715 814844 741484 742942 783714 766500 760058 766609 810114 826560 747129 772227 809506 784873 773733 785099 801127 827684 800044 807421 766845 804220 851408 768911 739333 775768 792260 801305 756858 800163 785510 786434 789639 779570 829489 755142 778397 809413 779813 836632 816100 764902 815130 814774 779480 779031 772378 761956 783682 890885 794409 832228 838911 787980 798481 782096 777658 783657 807692 712816 804125 773455 806017 781218 807611 830078 812976 870373 756545 822278 806217 782016 736496 757772 750893 854269 766965 773989 771397 831062 838599 795293 783090 841566 804616 789482 786655 848534 746794 796264 800872 791801 765986 808096 801539 815220 775027 775986 833769 763004 785800 832163 779050 774162 799324 814397 815030 773783 730565 793909 761448 775239 824628 787421 775453 809955 762352 767086 800499 774486 785344 824228 759104 720943 805575 768660 773906 795085 838989 772894 770266 777415 773864 741532 787912 780431 838067 810320 846619 809811 750978 813185 793321 857097 774199 840486 837907 816424 788343 778169 780845 800547 776156 827592 793702 778502 783364 810359 801797 740556 806906 796787 826495 795939 780890 823685 754493 744704 778095 803964 750428 840352 773434 803068 744052 790150 734296 798288 851921 773721 776185 769258 810340 815543 753888 731318 773569 801275 832237 771503 792525 783756 822347 788452 842745 763829 843211 776962 774934 783360 779669 788785 774080 771242 839749 775861 716285 784288 799921 807606 757887 784069 820986 815386 746760 804801 768796 791031 785487 791623 810980 775963 809076 753366 761908 871890 764191 767616 801669 832347 805566 725891 791029 806414 796705 749089 789033 816126 775914 807541 796901 813637 838189 803756 789336 782986 831588 777723 722739 793244 729192 771834 809034 815886 812212 798655 781857 805532 817889 810786 792484 832306 781553 741153 795903 754714 818671 792108 777298 775778 782650 763220 771184 791545 733670 842061 818002 791455 794714 818990 826757 806206 767723 763774 803276 780768 810381 817108 724928 731318 791998 755834 783586 788672 767208 779932 832566 771377 768148 843510 770001 810341 763452 747460 749302 770291 803130 788540 805357 814949 801887 721012 744149 780960 851902 821389 860090 788710 813799 791730 817184 792147 810516 763852 832594 793537 738417 768166 787746 783845 782497 753581 800603 803712 779730 750687 777881 797164 803820 824707 
811734 824614 826091 794875 785386 821240 860579 771826 845453 822972 823578 847210 793858 809324 789440 789642 804462 796709 747731 823610 773838 785974 774961 764810 835457 838065 804090 797329 784753 781562 801924 782081 788662 775176 822534 823897 845245 826383 769610 773481 778908 801491 794173 806937 832217 866090 786357 790301 793451 801727 843358 821298 851973 830616 823993 820585 808181 858965 867895 781216 737790 786404 808938 829140 780745 832701 817768 796816 797337 785645 823171 781029 785357 853295 768311 833871 824263 764812 858062 853941 785364 805881 777730 781148 811944 903017 796568 853086 828160 817606 806784 781226 775354 820100 828964 769343 805105 771148 815313 770302 784343 855700 818454 876313 791521 859968 832301 794026 795616 761791 760194 854538 800562 809742 760566 849075 832154 859341 803888 825673 786306 809346 779799 852317 806686 831240 816778 803208 817242 847846 839263 827184 791484 779829 864551 767149 796097 860272 823909 811067 840397 842365 778085 814099 775884 811140 842024 780284 833198 794488 778574 792395 801464 834995 851630 790239 801324 831398 784647 741453 818230 764152 804317 764547 852574 801104 790028 800431 823701 778044 842500 811632 833596 830257 868480 772388 780205 804468 787522 834607 794086 829069 849934 796025 835084 822446 825020 814137 779771 852337 803812 780231 827700 805943 805261 721070 799284 823318 860774 837881 778111 860947 788973 799856 791285 766351 779775 847297 782308 803801 756823 791600 730571 817734 853377 810386 777580 766057 822056 862866 769995 784882 771273 802917 832470 779687 813225 788165 819521 779269 836036 801393 841944 809391 827872 797170 791521 795024 793512 780813 847230 814818 768733 777890 810325 847807 813302 793867 849289 821176 739081 867866 796769 817195 808540 802741 823311 807146 829459 766918 789889 854649 780168 793929 786748 841703 843600 774477 779424 782985 774785 769865 786959 833423 802933 798235 807239 799382 831903 810233 795069 796133 831654 817820 754949 795851 763425 742366 792485 808162 795252 801913 813903 824333 820888 813709 797492 841356 835037 774455 808372 764661 834241 831827 792367 794262 803050 769568 827449 804503 787641 827408 824216 793037 800547 817764 817723 811278 777738 796796 808932 809198 815357 801439 749623 756056 797756 784637 774404 819321 785950 802325 826364 795402 792677 872163 852772 805825 787259 805405 770738 788094 804366 837340 801727 774027 801774 760448 763365 820319 866520 822991 862662 813070 827287 815866 827730 813964 807494 816764 811838 790909 781059 790610 778379 844532 816584 787547 821915 810737 769260 782639 764219 809911 816138 861420 
813017 822735 806753 802718 771904 833953 828280 767442 805177 825849 820211 845510 768956 821658 806411 805770 818073 790414 781554 802631 778557 792361 784465 772147 806137 810730 786848 785903 753153 760622 792682 786068 778096 793157 827651 840683 844419 840998 768462 758218 773474 786908 771241 794440 824436 802965 776049 797342 809256 801719 840070 818595 825663 846208 798275 820458 796193 851385 854166 782278 764661 785173 812282 819966 790893 795235 816660 800651 831574 776481 866388 785072 809605 852704 826736 820733 843474 758599 857315 815291 760636 780236 795887 774269 799089 879136 780690 844818 823407 830524 811926 787099 804670 812340 871630 744452 803045 754676 822142 825923 799731 848821 803420 852238 775013 857821 815044 825103 793125 776730 768172 841352 809105 806264 780511 844537 853947 865866 773432 853524 782994 782235 794763 825389 754442 800466 819856 778678 778889 855727 823128 804887 782103 803850 829844 783329 828752 851563 813621 825860 805203 842022 798399 829638 753976 803321 834648 746434 858475 798120 806449 824850 778103 812894 815771 783714 807376 827782 768700 771865 791553 778741 780682 787532 863443 813483 780682 815454 815891 781655 808396 770155 831289 842945 884482 803104 809433 791070 811521 832965 774565 859499 873515 798904 825743 824641 827632 824208 762676 850996 793893 800078 817537 775216 782460 731090 814252 792126 881047 782885 817494 844780 760462 775570 805779 807194 739145 869308 783609 811858 763740 824070 755706 808262 875798 786569 764584 806784 774120 837807 776340 785346 775444 809805 821633 763485 821628 823511 848582 768975 788873 818682 817703 795211 835486 778296 801234 802665 742866 795417 851877 777559 728882 818015 802406 846729 810487 770470 831839 789936 775218 829527 761318 834807 815553 822213 831721 824344 826812 788165 806265 837732 764557 775688 799361 814455 832004 777407 788003 814976 781834 782021 793946 830398 788294 804877 809571 829018 816947 857218 795157 767643 849536 814191 736972 806649 758665 752128 815695 801171 816567 795395 809181 816066 804052 802284 802846 840777 781910 772261 785269 751109 816201 842638 760142 827945 822499 802944 807101 842842 739853 829103 854450 816199 823390 776995 833677 822444 790734 818826 799005 834004 827287 820182 755931 758584 838192 781566 775294 840392 813903 807042 834228 785124 824393 862063 813924 817530 796893 769449 780671 792183 811944 827557 753146 795108 809993 764479 781861 829721 837705 858271 849705 796945 793884 808012 844455 796425 810980 812453 814276 808455 723922 782629 804024 828934 819596 746829 812166 827147 806352 797472 761619 815134 821794 835957 
757452 759411 774117 739159 752664 770338 788115 722753 781822 762997 784275 773331 744412 746760 764970 730037 736160 732304 673205 811436 727780 722903 717459 730542 761771 784344 748820 723452 773193 701341 734867 739452 735958 757373 754389 753328 800812 762190 731963 686622 778925 741715 718759 736969 786873 782008 712484 745334 766827 760547 769414 753790 782402 766828 758238 767226 742511 771213 786714 741374 710010 738922 766474 771717 742341 761634 749826 782703 767234 759885 794019 714869 736203 789385 714026 771541 765199 738195 792999 761070 714810 767963 745926 736573 765865 825063 767574 799392 763387 726116 761959 735767 729357 737885 767049 684627 737628 723689 737748 781786 772128 785953 740935 800713 725480 793681 804643 724687 763746 755853 700143 771239 749446 753836 721746 773743 776076 789192 734822 802615 746756 770897 749710 786104 720057 780993 748712 759234 749710 793094 795525 773822 740493 737345 787916 736762 764774 800067 768654 767980 772618 808835 780427 735903 692439 722962 788332 698662 786739 767935 773979 783835 759150 747190 757345 746830 775238 798756 716611 698421 788865 747082 733445 745332 794744 769470 740340 726727 757881 713695 785397 746283 793394 794808 814622 781526 741849 757934 806388 825958 738756 763692 807467 782595 759316 745076 729468 785677 726485 808586 727818 739648 719362 745555 760277 694803 765676 780569 759164 763161 743253 781655 731067 699061 770087 732082 712852 810473 760477 766580 749227 769551 712192 758443 817237 763941 730560 763038 767741 813029 707571 722385 754966 777393 805892 714101 749822 742167 800098 741979 797093 760335 763029 743227 772954 749802 732170 744239 701996 755488 794226 729069 712426 757306 739303 767841 733521 700550 764427 771228 699415 759172 727935 771575 735288 761393 760587 761940 782484 748669 740775 809059 758724 746472 753369 787229 759659 693845 765379 775746 747933 708695 722817 735951 757223 777699 756234 769135 772672 773278 763960 775642 801961 747348 672526 744141 714865 717532 725489 765165 753053 746359 771225 763923 763441 766304 748046 778811 708034 707437 767377 697376 758751 765596 697923 761803 731996 733305 742145 780021 746601 775279 791469 749208 743534 764014 793969 718846 744808 742631 735638 745884 795926 782658 703535 709017 759730 734120 734983 765766 749707 758673 793387 740744 730483 790987 807621 743562 741891 733647 718585 738307 749111 772886 758198 760222 772843 687226 705278 740137 774709 774587 799327 755300 774445 770772 775289 783612 751987 733515 763707 760391 739038 742240 746940 770600 724871 757889 757651 788231 724534 757321 715246 779410 738495 783754 
780648 760607 760563 737003 750413 791483 789088 743948 782498 742692 781533 798456 724165 752205 763918 719792 791217 775575 683569 789868 740602 728824 735066 727039 775062 818466 761101 736088 742572 754534 741233 709869 751826 765306 771310 806207 820395 808416 755169 720609 738527 758239 741695 753743 775436 765970 747589 744011 761610 760362 809974 796992 782280 785596 791432 767036 757500 800001 790906 738744 722312 748903 740222 781108 745540 757228 769915 773551 778899 756263 800603 715618 749809 794183 778328 805375 767414 728481 792905 764311 716728 781855 727708 776652 742672 835463 754462 802128 797604 740314 782918 711939 719773 760829 795673 724664 768919 743460 752121 742035 787599 793584 778583 837503 718946 817348 783839 759623 740294 731814 741515 789232 754728 763512 721144 790835 795840 781839 768893 796541 767422 769207 737005 791700 738417 776871 784063 753421 743331 790234 817085 764247 743506 749976 772526 751719 758518 791848 772506 776603 792766 809250 748560 754989 727312 765960 762220 698484 790290 782117 726458 764884 743741 760681 768428 766682 777744 789462 730731 731404 768678 781227 746074 753988 794126 781658 777029 799209 753005 741997 780941 735816 728509 767819 799206 779902 722509 715098 761248 819119 745601 790690 812811 764560 771253 739624 757067 818962 741916 807184 773283 755494 748913 740456 756201 693097 742609 756770 794200 747174 753744 781306 745660 739805 735974 768260 745979 801185 750641 762262 749157 762825 741055 767024 832939 760168 733505 748741 761300 799553 769128 728595 735165 771379 791929 757568 762146 743650 778421 734261 779376 780543 771916 759036 807923 738063 747915 769896 743039 768276 822964 726456 703104 756631 755086 764373 764411 735650 795153 781725 714883 786245 729890 770411 772386 766544 796983 779559 769549 733993 747927 801694 768693 727113 766235 791260 764002 710921 745055 730412 734234 730273 727080 776025 779021 751443 749643 771330 792432 784406 759098 783400 821390 782628 725879 734496 682274 715568 716748 780014 766005 763706 760241 742865 777791 738307 764781 788750 748716 714128 742397 676078 776733 802135 756261 747820 756511 751080 777097 777855 721911 775652 819156 782880 754615 784300 778514 757655 779993 749873 767903 755963 769712 784152 721709 709744 765677 734386 743787 764159 752820 783422 817090 730866 747664 817575 779159 766023 728940 729779 731904 737035 768489 790307 731519 736514 786083 719243 720696 768339 803829 784506 819567 744048 790888 806767 782613 775543 779950 769616 773499 762417 727201 767927 751018 799669 758075 744452 766815 805410 746539 749736 742340 772020 778172 794867 
806152 799022 840045 751132 788439 801119 817130 755130 799058 771154 829098 812104 752223 770260 795623 791650 774699 773257 735170 784634 763962 779494 760653 771063 804207 801069 779839 780184 768885 778057 761087 729484 768882 733826 789336 793314 834779 816066 759178 757897 762680 774127 763115 755644 819075 800869 785553 764630 807390 778391 809779 771456 839460 827473 805952 823969 772303 861185 816858 773120 749990 738049 782824 797202 760415 790715 809029 806271 793222 744837 858728 731765 798019 833948 757970 800886 797816 759672 848637 822547 768907 802050 792239 788920 773457 851299 786357 832843 815043 796397 770547 777732 767850 783449 819194 738784 781734 764288 799346 802064 794167 836451 782287 855172 773714 840688 802873 779043 777892 744640 751370 794890 811189 785069 757377 815719 821004 800128 796583 844281 818196 794293 809037 811174 772025 778565 818499 775628 767583 849641 826162 768166 814372 753455 811497 787463 805221 821770 791351 801367 787697 841494 793254 800678 746940 785595 783491 777412 841950 796981 798943 816232 781091 787027 824747 788389 806194 794842 711838 755443 781195 770191 759053 784095 825034 811515 760857 785677 765597 756428 838305 794059 849985 815054 843256 814554 760866 780147 791100 829466 758897 794900 828214 817066 780610 803511 807761 789453 749399 834666 802498 749039 771801 771794 775330 739500 794441 807580 823804 802708 766228 833672 769218 722532 778906 796239 745935 865825 783066 811686 760324 781419 726109 769429 836088 771837 764423 797012 780935 828355 761583 728103 788119 789377 788168 759245 784152 760459 843347 758459 847707 803884 816837 784352 785226 757493 802056 810631 772506 780889 823444 794545 726480 817641 820457 813978 788753 818059 859158 802673 773813 816962 724658 819517 760685 802947 789060 803726 801038 779543 775552 830395 778427 783798 765633 797529 816685 762773 768027 790119 784131 774273 753401 806772 756634 787189 798803 787814 839103 854461 804307 781424 813909 786694 742579 771677 729112 749885 772066 778365 810503 790017 788932 787566 788760 795821 796120 812132 756162 755020 808863 746489 848831 811538 742897 771423 805987 766698 792724 786083 727314 824313 821905 774406 800257 791730 828609 782277 798691 796773 778325 788627 799001 828632 756676 746912 811987 784329 755932 740351 806932 788673 835292 781832 784653 825289 815169 802980 786825 752820 761265 785567 778202 840530 777642 776691 799348 723190 759434 798560 786575 810904 854893 795520 789260 816150 836382 803491 803776 764588 811195 765034 761928 768322 779240 813889 774291 750422 818867 839243 778548 781361 740556 807641 798072 834561 
823449 832406 809234 762956 802334 814945 843627 771757 834769 801632 840127 836746 800012 816485 820154 817831 795736 824740 753059 834003 782430 787573 787778 788398 843161 843146 796713 780618 782743 814404 779342 789543 826812 795360 850035 833530 854725 837566 776381 781957 794265 810654 810316 767927 845030 821483 814502 811337 831100 796396 824085 822092 829487 862214 817290 853768 774321 871486 858968 778756 752324 789169 781370 823881 774203 830708 836076 835530 808284 788284 846182 769594 785285 834119 797010 850372 836296 782346 841310 859071 800565 831957 824399 793785 792809 880587 820680 863839 828116 773444 791516 782244 793837 843169 832294 775277 801907 783338 820454 796389 816334 835773 830055 900504 806253 855326 848048 808787 778602 796438 764853 831567 836602 829232 744329 861529 836995 896017 788841 842769 818622 839905 805344 825609 819526 825293 816499 808242 831098 838712 839879 821555 809226 804940 860130 818661 793291 870988 846405 816894 806557 857448 790543 796999 748677 819851 822534 773206 855471 836813 832041 802105 798755 788656 800320 838942 820776 830703 757051 751727 827854 816983 790031 799835 863839 823849 795834 821921 787584 787707 874316 778881 835252 829005 854499 823827 800957 817561 831169 865595 775729 830436 869705 810482 811799 786543 812578 833926 773650 881435 815364 806575 799487 778221 780859 718411 843170 801156 840773 807729 790414 838462 796642 792408 782435 810709 756991 866598 817595 807447 794416 814549 772964 831332 877863 843795 767278 801737 809026 874625 787257 753309 795805 806832 812051 802986 809703 812548 829863 790621 877660 812865 841714 769799 835118 787421 833498 771356 806282 789831 860898 813033 756729 837088 818845 811405 844089 804561 862200 800828 796451 855009 804042 843588 800639 808375 814551 821065 814324 784898 781920 837893 816518 794686 815981 828281 834632 777553 798304 805514 797170 799086 799911 819216 815675 822934 804395 815939 839231 840010 790869 793782 843705 835733 749049 818480 750261 763616 794177 799453 793900 801317 786397 837731 798406 839347 814346 848414 796282 778305 775665 761668 850807 848784 771085 824125 805862 814050 817864 830447 784101 859324 827454 798028 831899 791406 818166 809377 794715 826561 823225 820413 828195 824669 783518 771244 845346 816260 786544 803441 794181 840157 872931 796195 785720 850942 820197 805275 823699 782147 788523 826666 813537 815781 802801 795186 815618 759000 751871 806259 851632 870809 883288 803638 846210 830877 853568 824413 804057 824215 837237 826547 733404 788245 776881 826799 814753 794363 809805 819478 804015 800425 779169 821933 801356 834290 
811645 832675 843992 816261 791825 843033 847182 776942 824998 845044 857314 839940 789462 809785 819159 822514 822158 782850 763363 848060 800601 779952 784659 767531 837610 844476 799169 794445 785307 798079 801854 770508 799186 798240 801452 873910 832494 858066 782334 785518 799312 810524 773835 783434 868965 851611 798979 800018 851249 791943 857443 807777 827144 839755 840735 849434 789716 863249 857633 783861 736206 818529 822659 809192 790062 812018 792691 828125 840485 810559 865424 771125 813906 840455 824562 845829 841240 793122 866532 839619 810302 804624 804162 803183 802684 889762 821087 882070 847392 804072 787296 829734 790456 845212 835058 742780 836398 809459 805936 810552 832058 845234 806843 867735 777034 860943 853119 814274 806643 811364 774107 834329 804833 820039 788268 855702 850890 879536 808343 858656 827191 824271 792180 849103 788275 817186 805336 817495 818729 836904 852730 823639 773786 796575 859670 796542 839861 841044 852287 816645 828070 854775 831496 785763 771673 836200 833415 816284 862457 836305 799332 819529 811046 791117 840712 803478 777914 845242 797720 732926 812268 816094 789643 819243 857280 795620 826043 815666 822786 811675 841848 816601 880806 845133 875735 820731 775423 801657 831185 871931 800851 849184 868483 835467 795137 806334 830605 850775 804505 855422 833919 792960 828516 827319 772365 742196 813110 825716 855306 818006 799008 853656 780868 745857 817481 820006 793395 892086 817292 811920 784362 833053 773370 853392 883090 813524 792665 802118 818821 823306 807630 763095 799556 805602 861582 768738 824020 818462 848941 806600 868116 797451 817553 804922 828682 794537 805915 833596 779852 832359 857883 801800 745610 831730 833029 853567 818275 814961 856287 826201 799982 853615 786409 853225 831988 819508 799252 826834 866838 756171 817624 873817 801599 784984 855620 828773 853292 785187 815845 819514 796037 797671 818326 821331 820351 839922 805248 809281 852178 844331 823748 813571 865827 814311 741838 807850 764214 784549 786949 818882 819715 814767 780595 846804 809738 822849 794571 860354 824734 758367 822303 765214 865917 848642 777308 816241 833577 810275 842132 827567 771153 853097 875724 799619 804873 817484 859043 795517 785995 794956 799103 823663 824871 844236 758697 769395 841588 833032 801299 781220 816894 815649 841031 809466 822273 887612 824701 827248 779600 789456 785260 832927 805482 841789 806204 807788 806376 752584 772012 846873 852636 845636 899808 807533 824696 804795 854234 840671 805276 806854 835380 817611 782122 790064 822655 837048 798325 783644 829678 853658 812478 788100 800771 837540 815995 834742 
804700 763362 781759 747690 757343 789314 805517 720603 768761 764938 765937 804081 767571 775572 773696 775434 785852 761309 720820 805040 736712 767314 750829 738737 790791 795459 789164 763651 747157 764506 726023 730703 746018 751622 763395 780736 788179 827356 750235 720965 749764 748148 750299 751802 790451 785296 764428 762355 790876 740470 822519 747006 802743 821271 785617 791403 772911 801038 804376 749526 718095 748210 759957 772223 740648 793700 782405 799121 795612 759294 808175 727965 743003 822030 748123 782679 800056 752945 816390 781130 726705 776922 759992 737647 735717 859189 747693 815064 793354 737152 759515 771023 773235 762037 772455 721191 775590 750436 743186 787707 782578 798557 779350 809794 763732 781439 771742 775416 750285 729709 730332 779526 752647 770586 754760 826845 816625 816809 762162 809058 800588 791981 776529 817382 768733 794803 784048 759222 789193 813535 809864 753055 746136 769272 791219 748691 798687 803292 795528 786283 799350 806052 779445 793338 738251 762729 796503 748956 824257 762747 767781 792087 774275 760858 810066 757608 805729 813585 755257 688382 790652 733641 751147 790873 806695 770560 768690 741512 750212 757291 813090 779421 806956 794861 813375 796416 739411 773160 780191 829397 745616 756369 847389 784920 762516 755859 757776 746191 751801 806564 784978 733750 759337 744090 744984 741253 795433 749503 798176 749317 740206 813064 745054 746218 750571 789444 747050 815752 746812 776962 721312 800403 729188 782556 842541 787136 777003 741956 780431 828293 737570 768290 768090 781110 795677 778962 762321 750919 833368 766738 797666 771564 778370 784162 799582 792216 754103 779090 750862 734542 807767 754489 690464 801134 800138 777030 752442 757456 788828 772764 751079 799770 730177 766510 751328 777171 780464 783745 790390 767563 783969 826905 760514 746126 782630 793440 803690 760422 743319 779485 754246 743963 769908 786165 769251 782101 802154 761507 793025 786337 763000 770751 792637 760472 699138 769785 708286 719837 746212 757528 763186 784863 753482 780601 771469 772191 755251 811917 749531 726298 745100 704892 794207 764988 728522 805824 771395 754324 781421 770776 762079 802476 793016 778634 776965 770432 818854 775228 733181 757769 792465 744244 801239 804483 733217 715235 774105 786572 778761 740634 781925 743140 795161 766563 755548 811077 797205 761078 756489 733813 760867 751329 759981 764491 786958 779770 794704 715564 739805 777203 806377 812813 825298 753516 794695 779732 822203 769820 749917 780167 799953 774893 720802 750669 780431 836449 786868 740863 776745 770735 768146 768937 759193 798782 766259 815735 
787274 790793 794776 749369 775390 795682 815872 748724 793036 800235 805422 854948 745786 822014 798854 769146 793479 812976 715703 825956 797155 760077 779104 764411 815538 798051 784816 775125 773553 786399 780897 762666 754820 761523 805257 826518 803229 806782 774729 750205 780400 770951 789020 793174 831964 818079 771934 776824 781253 756761 819970 785353 833590 805057 782283 791854 768756 837351 852543 765573 719062 792139 769275 769252 769688 771668 786425 773678 802389 782193 840410 748780 756804 830738 752452 815158 788890 753994 832067 806086 760950 811982 799869 752788 794405 873864 809307 798278 786585 777039 786374 770949 783588 817070 801815 728127 783129 768828 786350 769956 797272 824552 782949 876374 758923 837035 839452 784289 752034 765824 746472 798291 799665 785653 719194 826123 818564 830923 774648 837967 811166 808909 806941 843266 771412 791568 806137 762019 807883 823773 842515 803969 761281 764246 813249 773078 797615 840010 818545 779155 783325 823361 783771 768830 701648 795594 817514 753710 817288 803755 800134 822267 772375 798749 819303 798357 801994 816511 749954 749050 795622 794102 758374 758426 820521 808779 780141 787584 805601 746539 834765 771311 818095 816426 845205 816016 771084 776398 775336 868150 769639 825237 846633 769216 755342 773535 815831 795320 763528 842855 808968 781639 803998 777656 804581 738411 805034 781914 833447 790297 754016 826637 748022 755608 780326 819362 752178 831164 783765 806270 741208 795913 755864 803462 831494 782970 765840 747199 793045 824546 793164 732939 762086 804216 789336 785940 810217 767565 814451 764203 838354 773192 823911 788524 844050 773996 780058 769137 775765 801496 854167 778337 738759 812639 788874 793968 789323 779798 823975 787096 770756 859815 757639 805704 770994 755038 803639 814046 802412 792709 791126 831957 789450 743518 824406 816065 805779 739083 779951 762902 795280 763763 770567 799079 788041 792856 791798 822003 826078 808352 777416 806179 818580 788143 745886 790870 723458 734159 770433 809132 779418 798315 768342 793360 771415 756200 791091 816446 785585 763728 788433 716689 803228 830621 747368 812670 798322 778930 820871 809883 765718 846425 832498 778221 786558 788247 831795 797992 793704 746783 760481 793312 781890 808039 733021 710215 809208 793675 772684 787236 771006 768139 825912 794906 776501 824272 803859 789799 811603 742664 770015 819666 803351 807060 784823 796700 806443 727935 732964 802106 824777 830651 835271 780445 788943 801077 820696 787135 791842 787231 793826 794477 740540 787896 772435 808977 776848 776821 812184 809989 773811 787098 781118 805401 765207 823994 
786813 759918 782786 755836 772408 812247 826412 747866 812583 791170 786777 826144 707392 779004 777980 795406 786381 760134 722541 783763 748923 742376 729342 760814 800967 800139 769509 766070 767249 764977 756868 784024 803925 745527 795976 766470 821908 779388 752532 718741 759216 764820 756409 759645 787830 799671 765711 773022 752951 760517 795501 780722 777050 809701 747287 767759 773483 822316 832429 745108 726166 763171 769153 783564 732771 765083 776751 753354 782042 754431 782311 756109 765427 793808 767377 806075 796662 739737 794709 795593 759891 782244 782485 738294 765097 860443 781657 818936 789788 749437 744858 773343 762788 796356 777745 735691 760815 746934 763969 762928 762197 830655 769012 831152 748379 796932 790677 777988 740495 757721 752236 798744 775941 779019 733212 820187 792806 834624 790746 819975 754795 790838 754232 826581 777061 761206 760287 795232 745080 802402 807318 745091 747337 755711 811409 738460 775503 801098 807898 783356 785142 812856 767615 747799 722620 758471 793648 735255 825696 755528 772270 769142 760179 783209 794759 770029 780206 770226 734772 702795 796770 764296 752328 781923 812700 780302 771293 753392 764399 755455 809562 762632 793882 819677 835246 798327 760658 777206 783333 813543 738307 768916 831027 796170 774393 744169 777445 785051 740800 800747 775692 730885 788623 745279 763701 703466 809096 762524 821374 776689 730962 799218 758236 754241 752801 775380 744994 811227 758989 793603 723852 767651 741012 787586 818595 768506 735493 774066 778017 846409 772141 743369 758505 761871 779402 755287 764905 793786 817110 736990 818688 767198 799344 777466 779989 740440 759433 757691 706758 744140 845181 744385 706454 805024 790833 775268 781159 767629 815270 770528 747766 813229 751621 793782 776037 782317 797852 789675 755239 785007 769458 814641 765553 763346 766751 789586 786456 728862 741759 761982 749746 754407 763349 781046 765847 788172 781209 762437 790088 809868 776303 770512 803487 770748 733558 793598 729882 719474 755660 759434 757627 769589 769776 805455 772947 775067 745490 805829 752937 715309 757217 711461 797968 790616 723750 773180 804001 759937 758970 800973 730419 810626 815483 758088 772523 772259 762474 774114 779328 791839 787735 746368 787723 826091 733576 740980 780055 786858 738319 760471 773670 752237 800456 759577 760698 843463 774229 795599 755655 739722 757383 786289 780670 795585 733980 750211 781841 736950 737310 779596 827592 843457 810890 757224 827276 783911 817192 791682 766054 771282 801071 762156 714809 749054 756762 803186 760079 746103 794493 781754 767624 788511 756518 772124 777105 788366 
774148 764367 776821 769230 755593 806682 794420 716928 776547 776363 811451 792047 751734 775318 760646 755071 776113 743962 726421 821613 742575 718138 730064 763916 774709 784207 766587 748177 736942 711237 750398 725221 759423 728192 773226 756902 814656 811143 750589 756142 757187 732330 738224 751564 759028 818089 728379 764404 780618 746382 816332 759080 829166 770695 780725 783561 755531 829048 811558 732245 709112 749272 766711 789008 750876 781601 767348 777990 782996 780863 808411 736703 776580 819119 760273 800118 784950 749139 801238 752036 735601 748401 775287 743317 742336 838283 737689 818762 782732 775292 769695 762522 735105 772308 812335 709583 790509 710124 775548 750360 775648 779254 786829 832967 746438 787627 829554 766207 732634 735753 706699 786665 783031 775896 744363 810146 813853 817326 740779 808258 792855 783797 749570 835919 755226 779042 773104 787386 789205 795229 800516 791348 763779 757286 789476 759838 768917 832810 811423 775079 771809 841172 762560 781342 721737 777336 764453 744540 835326 782361 766648 780578 773933 780302 767103 737985 777084 852772 705086 719946 767805 756674 756490 766009 801440 778132 741200 777145 768389 732723 817215 771650 792885 763808 884414 769615 738486 780027 797131 820835 739490 759651 808649 776909 762048 769539 798194 765164 731187 835200 801024 759053 771427 753392 754702 724201 768586 774147 803878 770853 744743 813102 764559 738405 776093 786340 727164 818496 762429 803014 745848 747199 745731 788074 818761 784970 736386 782840 797756 818559 743040 726006 710614 783134 812850 740588 759056 758082 807382 727186 821470 782043 779081 755196 798588 771293 767239 772308 769884 784587 806711 750552 704057 757313 776642 754831 764359 748390 845925 786316 765946 805723 786284 758013 779012 767511 778530 763176 799876 783029 759159 844944 769774 770368 776341 777033 766891 753006 744090 756375 771704 753149 761688 807753 757067 738491 760472 775457 789306 824425 815701 774970 807298 782155 700220 765415 714232 731397 762423 789449 773986 765914 772211 747079 772499 784301 769604 786543 733676 772371 776609 704634 767634 807617 738052 772421 772847 771360 788367 775129 738842 794380 800217 794158 764210 767734 771059 784944 761768 771069 788215 767937 786879 773294 713895 742433 803211 750587 724290 784415 762201 747875 816406 753917 739988 832735 769105 790874 765649 728999 747710 764849 763002 782806 750670 729972 781015 715197 743418 791494 767464 783236 815621 769982 797252 781755 789992 767471 773006 760573 819647 760094 735544 758100 743661 790901 770895 746506 770813 806050 777826 749144 737978 752337 772926 816149 
808743 817932 811255 758957 805409 835465 851315 776929 835161 824610 850787 841938 790616 828970 812936 795549 842373 807715 760169 845665 792515 773113 782302 794619 835881 855680 807995 785449 783697 799752 782038 769494 792857 756379 811077 805375 864356 843858 788393 754775 787316 777084 775202 792835 851879 852201 821023 796935 826824 820438 859862 828294 864256 820952 816703 852873 804590 830408 868064 810051 765339 789659 804492 831178 808781 825707 856656 858849 844877 820030 853196 789156 806947 863887 770926 858208 823049 792165 869982 828528 785485 829651 818897 800187 829368 933609 803475 862959 834439 776331 800406 785172 796738 837483 858979 759960 810120 815374 839006 788783 817971 836601 829104 875296 802995 880284 847886 800539 816107 802199 757196 827004 792193 811516 762165 851471 846663 846679 818111 861510 850791 843543 796760 825621 809826 797597 846652 801402 830301 846968 842399 831718 791004 802725 871015 800095 813627 843952 828216 838441 819896 864124 808622 836423 806860 799532 837776 785219 861497 841090 826322 841951 819016 826793 832852 817847 843193 848949 768220 766247 844366 819041 829907 799010 832415 833794 838827 818829 818130 768491 831544 832880 817425 830365 884615 831221 797299 814904 835468 866439 754712 836892 891571 839190 802891 802327 816614 800346 775175 880472 812120 798843 809929 789043 799325 750929 836427 837345 847460 812173 800278 841398 800368 782903 812677 823813 806270 848730 823455 851611 799993 834183 807893 841320 881531 837000 803156 809345 842070 854385 806437 776325 801560 833233 840037 783879 842976 795090 847105 785958 853394 837940 812245 820686 837016 790824 817121 825050 790060 803031 855099 786962 755949 816227 817403 833604 807519 799454 854631 805691 775477 867099 775851 836827 813855 824279 827153 816455 851847 803058 821296 854571 829418 810537 813570 828737 847677 796419 801324 806028 798481 813644 789093 830936 810334 823502 837192 823188 837980 839732 794856 812958 877927 817876 761687 776534 759485 795231 801762 836451 824461 817158 810954 837781 815826 819515 821839 817609 781483 770726 826399 758990 821578 854393 773897 823969 785567 829654 805309 825611 767571 836395 842259 824600 856685 788327 844744 798267 806083 807125 805755 775978 799791 847435 750094 801219 813686 782938 778712 803037 800172 809480 848308 825631 800333 868089 824950 814217 810880 793962 816775 826890 785197 842190 827569 816845 812553 746238 751756 843015 847079 839608 890422 819528 821376 845803 873903 830458 820457 828272 840736 768834 777246 788605 840607 845869 826100 786576 826001 814450 817721 824085 806339 830148 805130 848105 
809073 821869 825265 798327 821134 824901 859812 773840 856130 826701 841966 836964 787321 804656 797953 791028 812927 789682 758808 867476 790916 748478 793771 793814 809314 824695 803304 810779 812901 798245 778426 809791 801673 783632 805544 805168 842433 865006 788644 762511 809907 794170 785738 781785 865464 826895 784189 815511 798639 779204 867510 821428 851594 834363 813566 819880 781909 849178 854407 773874 756152 807016 806337 824005 807611 813654 815633 847865 829544 825271 866215 771887 774437 879933 813361 851090 839967 778856 861172 815380 815200 819186 809462 803669 787300 881889 819703 845894 849217 803724 801870 792361 795484 834594 835353 752826 794123 778241 808747 801076 810836 860805 824778 859779 784465 865447 850618 818085 771260 798160 785063 820918 860000 825070 771271 859787 832484 859134 837653 884873 812465 838149 821073 870575 802966 824190 851982 790655 830677 836638 863932 806846 804570 788412 835915 791991 824112 852940 839652 838561 838551 873182 816049 817966 782400 825119 839900 789623 862649 818457 801306 838027 795916 824626 818459 838555 824543 846415 777406 764532 823267 831267 785830 818260 853358 835180 813940 801845 819389 796253 850068 799476 837227 841170 885089 841527 796881 814718 833103 874366 802408 815709 895280 808729 840615 827666 847078 814229 784035 848214 819572 783551 814038 795419 834619 765064 852685 810341 882088 791392 802036 899450 787018 779813 797036 792279 792234 867313 792153 830806 784170 840284 788984 827172 874202 829571 783764 825175 848204 860031 771670 765327 800676 827087 851936 821175 846595 824169 868239 770400 866660 820046 812433 824941 837103 802438 805101 826552 769728 805183 828192 807859 773698 825228 840073 827398 822921 809280 863224 799363 788723 871162 760482 837461 779904 798448 845272 858738 833074 785699 844034 889222 806202 821015 847777 858408 822553 783441 801994 823848 815200 762962 808069 857160 824459 811678 839301 841992 839561 850458 823600 831927 847448 832182 790136 837765 755106 762022 806975 840376 819824 809193 850628 827598 808637 823397 784014 845668 787994 773452 816197 737760 844935 878967 766362 843822 822378 794936 825329 816208 793077 838947 831506 826794 819700 824321 851156 816540 784893 799148 811909 836053 835084 847541 750530 773566 838779 788871 767520 812889 805718 815755 872576 820595 805800 879315 848583 830688 798581 778485 793378 807745 821626 845959 791056 799336 832469 767102 779679 824786 835929 862839 889089 785362 852693 843675 813291 841077 794696 804159 839441 813540 793654 794912 787693 833078 817989 793253 833603 854002 813519 802896 789142 820905 833754 835319 
796091 791426 808041 760258 786958 798430 840382 756814 841546 806818 826723 821901 770107 771247 761993 770241 804077 760094 757592 807465 760795 781781 764964 773364 816031 808971 795646 805816 773826 742668 766828 743814 781463 766404 777399 824102 825903 819395 753249 726935 780817 771216 761093 782992 837831 803146 776821 797291 810360 786748 839324 797513 833461 813300 801338 828259 779713 835429 868498 755342 739942 774909 796442 815725 779817 774189 797536 799863 790259 787589 841022 753039 771765 849736 779378 813977 827814 779434 854214 823637 772460 825722 796951 772166 775328 874004 797208 815063 791509 801148 789062 796385 795875 814245 815057 752867 802096 768412 817450 803474 818898 846963 787748 854473 762280 821332 832373 798844 793566 773696 748482 836372 799735 770936 766773 848822 826566 855805 770163 825020 791858 774096 815513 859966 767092 804014 807043 785920 780749 854270 817796 812544 752136 813622 807603 799905 792968 833578 812068 811046 815385 823721 808761 791829 755443 810785 822340 738393 809041 833704 804401 826825 795882 773367 825597 786962 788060 841054 776907 757001 802837 796254 788310 773356 829916 787782 811667 801146 792295 763670 836460 795347 814557 821755 852968 785734 784138 773632 796731 821433 790741 820564 856519 820194 788346 796037 814027 815496 758927 829619 787854 770865 807658 778822 794887 724831 807913 780271 831912 791947 775127 840991 770658 753441 789248 830189 735358 852116 777013 833354 771901 805689 776834 799978 833869 777132 796916 781320 789869 801405 780084 759754 798659 801263 797772 756266 783313 818271 821123 776328 838925 781523 815474 787440 832231 768350 810243 805542 789043 781249 838708 769589 736408 778931 791439 767769 795054 775085 833626 817295 762724 817319 781387 804961 782403 805362 792634 771418 802304 813487 793494 834348 811071 772075 780133 796501 817836 770165 807872 801833 784010 733173 770963 819046 818205 804292 816209 814668 827932 805266 774002 798618 828051 803806 736138 777288 745228 759126 762710 786934 817854 783276 812530 824468 806220 792630 812218 811625 761711 750955 809178 740639 820419 831072 748207 812999 803629 802571 820887 822199 779880 813609 841857 791981 799866 778075 825098 813190 767496 802548 815980 805094 826860 808686 737832 749754 808566 778334 779942 775090 761959 763541 846826 778178 804492 826865 835234 789801 812203 774069 766373 780977 794402 812253 785002 798893 799596 735978 743154 791819 824544 833865 813389 772315 804883 806541 853988 801780 807325 742142 847291 787443 733758 781159 754774 801080 774850 780225 811067 806993 756491 808285 770496 844476 814062 821744 
838811 858193 842818 823708 835890 830379 859895 807013 837385 835244 888507 874370 794939 822359 840038 791983 826585 812976 783753 896431 810896 770622 834563 785847 849663 855034 845575 820326 805287 800671 815523 780342 784947 834780 819294 856010 839089 855639 855492 781215 831636 789389 782477 843070 857532 878269 790760 814574 828634 816348 878899 833839 831893 850339 815197 844406 803548 857148 861077 815297 768804 818471 818980 814037 807920 850462 845219 838492 851832 823206 889551 765634 831634 847418 834124 864783 838569 799541 870891 857885 838113 855162 817180 807928 802115 906757 838186 861826 852279 817656 818768 837405 811035 838112 863932 773527 845655 787494 820213 826040 867666 860571 802509 912041 787965 877397 891116 838630 782403 844839 808412 850669 828776 860325 794633 846481 888740 876822 836157 892202 873274 870314 847763 907070 826988 834120 868042 831460 836915 860909 870961 846142 817854 816892 867007 796657 838610 871259 898089 819111 840732 868478 826811 827657 802663 819492 852531 794364 853960 824995 819347 845737 834384 833687 813901 846461 816922 867434 807999 734602 821992 797556 817984 795113 889122 869789 809059 816629 831318 794731 868383 846469 852205 836073 909252 874058 766249 840396 839920 906297 800177 853016 909202 837719 829968 823641 836867 817234 812397 895443 851436 779605 847072 825483 805341 794893 840726 848853 861578 838722 797901 861877 786548 795455 823170 807572 787655 882293 820225 858649 778852 829812 795240 844850 908952 859088 812881 809095 843685 868987 828167 786481 809283 822233 829225 794447 844092 802804 871376 806621 874448 837248 854542 833719 826266 820093 820563 854759 813995 829899 880480 820728 753506 811751 834736 842027 816809 809074 887812 858966 812171 867667 823088 823590 801738 840019 813185 845937 852266 837202 855436 906409 829429 842651 850024 839553 836278 809711 811316 844687 837180 776146 814652 857623 818406 810078 853174 793259 871106 860065 836586 857494 868483 829025 799810 837675 776318 807234 809554 854393 824452 816250 831615 831764 797147 875657 823490 859947 815732 813939 823903 775419 811980 864740 795803 873070 837802 801124 856592 855967 812376 854762 851056 847159 835829 837141 846436 828629 865514 819881 792572 824912 845169 850685 763565 776453 856549 831444 789463 863181 860389 826842 890524 827314 810873 899838 828127 850727 824321 797237 783810 828348 826752 846426 815046 833908 852378 775846 775707 804662 874556 844861 922998 822559 864359 821759 881168 846315 832566 839581 871749 835509 765383 827364 833158 865760 824781 796533 849638 878642 809547 821596 823170 865147 839227 872295 
809738 787485 830698 756921 789886 834476 839456 777613 834886 823930 828290 834363 787956 811232 793673 789977 812711 795560 748770 837338 757673 743301 765693 762213 809026 824948 774702 796117 739623 779609 772269 744760 802548 778610 812047 796113 854676 807706 781611 750774 798081 777302 798331 752431 852880 820038 762713 784040 810035 767825 816965 787466 825755 819266 812108 819219 780326 828107 842465 776392 717925 787905 785050 817849 784234 831088 806099 820552 783932 795235 823214 785241 776377 846615 760542 862022 835195 730093 844514 808293 784462 838308 772245 776484 763235 855272 788587 853125 840235 782550 775293 797536 794129 817897 830785 729289 807633 761073 797909 803485 799474 812077 817255 845237 771473 841836 828483 796164 792532 770794 767267 820563 833805 810317 772451 810655 848494 846424 791270 821037 809527 830783 769585 825738 769009 812766 796906 792074 787432 845634 840318 811379 785442 791940 854237 793828 811697 866681 806625 795546 836808 824559 802498 779295 767963 782030 834313 752129 827293 811276 778229 810975 786821 797180 831295 816524 785606 818591 765528 776223 784528 790479 813793 778197 828093 801772 825960 806345 796214 759296 860237 798940 834345 793968 866200 780817 766446 809378 795035 857718 782750 837074 862747 783539 809397 794288 804079 814936 754101 849096 797678 776300 790241 796196 767579 742745 833995 813878 835293 796834 774253 817858 806209 770169 783027 827045 774237 843816 773379 813330 790774 798532 753587 813693 842462 773008 784803 782970 773430 822326 812835 761684 785233 828328 821121 793004 786134 798327 851684 757294 838419 798901 807872 794425 820039 758487 813078 792877 768365 780902 857436 789203 733139 784045 799591 830560 839214 796366 888300 809934 756749 856947 763007 817842 796709 828001 789248 821720 842249 799918 796822 821943 801942 795472 807363 808649 807739 785552 787634 806959 786351 754496 783865 812583 816868 833384 795191 816597 846669 855280 809233 786311 819365 808070 752520 782675 740659 773591 795334 818874 779449 794723 778220 809607 796173 805284 807004 868733 781697 771931 787016 742242 792478 850372 787476 803946 811501 798252 801171 831565 761447 827503 820715 776582 804484 784707 802130 785117 779588 815767 782460 782940 786554 836610 756398 760543 834095 780101 770088 798441 779753 802791 848538 787181 802550 831036 799862 784764 781341 808413 788045 782579 789501 835714 800272 784282 791347 741352 750462 805928 834203 837895 876994 811069 811771 808051 833369 819565 816192 792918 827345 817725 763812 773133 789695 812635 818084 760350 794466 824657 799808 778435 738557 823867 827262 808082 
868169 860109 855112 821738 815481 853448 895552 826137 852014 863467 898048 879320 826436 840734 836513 818337 865307 814667 806157 900272 828762 819716 803161 815690 867418 864206 816222 811520 816002 825271 820888 802691 841154 831297 834057 881518 905672 871449 816942 786932 847267 838225 848729 839785 862255 851619 834058 823991 871570 841770 902122 848309 873206 878702 843976 879549 820701 857372 889071 807451 786494 858837 838911 842306 827348 862445 860495 845343 883165 835829 903689 812211 845898 904055 853784 870914 877368 844275 894583 862137 822838 862581 856499 825325 836279 927827 875538 879356 857578 831862 832411 836504 827698 838478 875872 782337 838626 806551 866970 868615 841114 867113 866563 885225 807772 879137 885800 874521 810882 827066 814942 875823 838056 874541 813121 903379 896159 896563 864018 903685 861961 839254 832199 891229 808979 866637 850747 842602 892087 864461 893783 837021 828294 825867 904703 801238 868678 883057 866823 864128 880222 883716 848153 870439 819715 834428 857759 807655 903109 865818 827160 886113 837050 840905 850537 824599 867133 873413 854965 774979 856345 848314 814543 851759 904056 835905 833359 862911 841732 825019 893345 852760 896605 863428 915561 870659 838239 855055 860635 858309 804618 888785 922012 840563 866525 855506 881388 892391 840181 883302 866684 821572 853686 825307 847991 798841 844966 821894 892533 840114 842237 915835 841096 834067 870051 886884 806251 878018 816627 849710 829171 850710 803509 864458 910072 880828 815937 849129 866246 853446 823484 814028 829689 863591 904327 819765 884850 847613 872934 844575 907576 855093 819726 867690 896443 819580 817434 873901 832378 845967 899287 820316 768806 869310 849007 861585 849442 832995 892556 861399 809688 884139 828951 841600 832270 873809 872684 854779 866688 824481 849319 889756 866979 805682 842123 873159 902402 820876 830719 859087 820118 825482 837747 873429 842399 876136 832974 884459 893112 851366 825917 851235 887656 863582 789467 850330 801086 796596 838042 846041 857802 857294 870857 864287 840224 849023 831397 880035 852002 790169 816580 779164 850469 898042 825230 879030 884135 875602 865985 844489 801401 869547 898859 868667 869941 863297 841579 835716 811622 847206 851434 843079 899607 883553 792585 798935 858033 832616 838479 871152 843147 845942 890233 866932 847807 908296 867646 836754 834645 815386 811973 849206 873908 850381 864070 831593 875950 771480 788298 834721 896825 882286 939642 844145 903473 889426 881767 867870 855536 820385 886935 817658 801567 821797 823965 865528 876612 842937 849659 872148 812164 866760 800407 866819 877134 882781 
826610 813414 797980 782466 797580 833895 860644 763484 828092 832845 820836 835978 771894 797353 792808 773028 805863 799732 767606 844183 777524 783414 784656 794428 827910 802211 796287 817768 764555 755226 807727 784767 786067 780536 813363 858940 833379 822339 819706 772655 812496 784118 793165 785930 855190 798161 806657 803728 799575 786399 863124 820815 830098 851719 822199 815912 789681 849521 845720 784646 736005 801696 800972 839819 797816 809393 810197 793325 823832 793691 842444 768215 825990 854174 800793 845433 819607 761239 845831 817308 786548 801744 798875 782153 761186 886041 792182 841137 817066 828332 794000 793401 783749 833750 789073 745868 789132 772758 832111 785115 804158 853297 816900 871800 760940 824138 852790 809450 779232 796096 752997 828185 783215 805109 745328 851484 863715 835750 790544 851267 804310 842365 817491 875914 833249 788152 815123 787653 805468 828920 835850 796397 762919 785430 842700 772507 827484 846946 842501 818773 817183 835296 798645 833881 782643 807262 837482 781029 834551 855506 804992 802260 795230 822483 830761 774025 806818 848009 771179 749930 835281 808171 792755 781826 864135 817600 806332 805112 827073 774596 823413 798035 833503 837366 851477 837981 800585 801441 782530 819723 782053 835327 847755 823359 803362 790251 839842 791816 788345 847217 798786 779987 798686 785110 785054 758393 798797 805759 844150 821868 781152 850338 790172 758158 770855 800908 768176 839520 799892 820202 765812 800753 764203 809125 888012 815363 780478 811743 805662 829142 806118 756704 807438 796267 839549 815021 820079 798253 821931 774384 826668 802699 821655 831647 839874 813404 766747 829830 770487 788288 849387 774373 773416 813714 823830 794167 825156 803313 845310 811238 765689 867674 802904 828028 804012 795046 806122 839890 844539 781318 813699 843372 787376 768554 798100 838957 805338 757595 811388 805539 812308 733968 787482 826700 813334 836075 826638 796217 809760 780999 782095 809472 839360 815456 780415 808761 758430 740721 775162 796886 816802 773795 813917 814086 805917 810461 810994 857497 813305 770311 787821 768329 814249 817710 791873 808245 812267 794271 812712 803481 766683 815647 839502 812250 828491 785605 846536 799255 786558 805993 820090 808572 844069 837373 750531 755479 790662 784723 802532 835840 797150 791899 816509 818647 794537 885459 830798 834938 802698 778552 762782 772882 810072 853704 790165 789092 826870 738043 753072 813439 856146 841294 847733 799848 815316 822391 819524 812994 814160 786594 838185 826873 737828 785891 784828 847691 800367 757831 821841 822210 784784 789195 792252 817489 807142 828500 
776700 771990 772172 749737 773737 808876 796834 745728 815686 792472 797878 806135 769166 784535 783548 795257 801888 752492 724489 806856 753725 776193 745798 750428 771705 812564 738978 772068 769307 768784 787810 748947 731285 770602 795286 828577 792757 810724 760340 744937 768028 782538 745207 786689 802695 799168 761918 798416 747942 749803 793033 777067 789228 796719 779424 786379 754159 853253 814738 749178 724553 804730 748463 795435 778350 766387 769978 791621 800675 768086 821443 762900 771309 793468 756516 815743 810136 729608 817390 808484 783840 791533 767927 742358 773329 827943 749348 804015 773853 768422 764249 785880 787552 783468 790791 733617 764827 753825 787480 793276 828130 819949 759409 841935 766640 821937 822964 767133 766067 780465 728019 811587 805143 774307 706176 836261 807888 844541 777581 808832 764434 773641 778814 828146 771422 792024 781839 748163 774965 810655 831044 814191 751020 760242 830240 766302 805885 819277 809934 785860 814807 826705 757886 769308 714299 757988 827244 753094 815929 770030 797457 819057 780365 788190 783471 769363 807409 806302 778910 715225 776140 763075 756348 757227 841457 768984 793525 754005 796634 756700 842160 756457 785218 815629 847928 797467 750512 764802 800757 810293 748707 795644 816449 767968 780247 734936 797143 795432 742385 842845 788621 732734 798338 787947 757433 703115 790283 760794 810338 778275 756357 833489 781565 749815 754139 802568 740292 816521 768404 789708 761856 792772 718421 783652 852071 800663 743671 776033 788367 810288 766142 724179 769331 783905 812070 769354 812410 767538 825916 755454 815912 797871 781591 751165 812820 770614 759629 767589 729438 783430 832252 774935 717443 788780 773456 792523 789334 739822 832322 774038 755687 816178 741420 799430 781946 789822 764544 808870 809563 778608 765705 797936 785130 720987 781681 766970 763518 745511 762995 796169 776160 734174 785372 775441 771245 795147 810904 794898 807971 805043 764146 768612 821665 775968 707308 768111 728643 739055 756939 780613 765090 749242 791990 818741 777268 784039 780266 827897 727303 733645 768244 736163 794046 826158 746023 788155 780668 778031 781657 765162 757215 799034 808708 786354 772420 798319 795554 787708 781410 763913 791604 750164 795073 801908 737520 721474 794217 764591 777758 783575 774749 778383 810607 766013 810261 838547 788193 767282 787515 756923 771267 771074 775902 809103 766930 754481 755269 719614 698437 782215 817468 844789 837417 767960 801073 793707 812708 800515 766217 801734 803040 789639 723455 804428 746383 789525 761245 758661 786571 793096 760544 799884 735283 809703 776057 814104 
848022 851695 867343 825116 826713 848624 871211 823868 893201 865749 894598 878989 802952 868021 838678 840356 840066 813214 779552 875056 834468 824069 805902 807084 848375 835712 841905 811994 821636 823948 800844 794732 814741 819624 845022 851083 869775 878430 806719 780304 837230 845416 835513 820468 877817 860020 839949 851634 837347 811364 878500 813911 859173 872177 849933 823603 840177 902724 871515 824198 783496 823178 824836 837683 851315 849500 840196 851071 868424 833220 886173 805410 824936 866567 868888 857896 853856 780991 875821 843175 814349 866010 842714 821867 843630 909290 851373 898128 864838 816568 823791 837094 821058 849482 870237 778462 847117 800284 825734 860518 851202 881573 827990 923610 826010 873896 896848 852788 842503 824222 804719 859812 831131 838654 799231 869901 869950 890437 834628 886687 836895 829335 852095 902609 809893 850934 853668 847850 836243 872478 885749 835385 813855 824110 896902 812267 854156 858741 864201 883698 846422 899716 844347 834765 777617 843736 884506 785889 894744 839108 847372 864431 835882 832689 857320 824876 834914 868372 815179 773414 827579 820403 796153 824162 895008 869340 856560 827276 852436 782048 893625 832143 885602 886497 894906 869934 807192 855976 865370 882567 818422 874289 904165 855389 848543 832159 878179 867779 803826 916442 834845 816519 838288 819349 837589 774811 883224 837991 860305 844872 819727 881729 812581 808531 839875 847405 800005 873701 838496 850778 784068 835685 788240 846916 886204 870977 842221 843892 838371 862977 828222 801749 829823 838050 850311 826945 870163 827785 878488 804366 887662 848542 835646 829497 883601 803656 824886 812838 788487 850186 877397 798468 749145 849003 857993 838939 831670 792802 884642 843395 810763 868228 789642 864964 838214 841763 847999 877705 886627 831517 837771 889533 823351 813584 850208 861749 840552 814076 849965 837044 812433 800694 824870 859670 847967 839504 853708 833761 880920 868519 847186 830004 895185 843377 775605 833569 743053 823719 809206 863398 821336 851873 858299 859704 838232 850295 823502 889912 816065 815784 814889 783627 884361 886856 809949 855698 837688 831558 853420 833998 834846 849820 892622 866140 853796 879908 831762 846620 845457 815135 821547 836527 872752 852545 809602 818461 856645 828797 799153 846355 839361 865451 919083 834661 852251 898728 862204 843986 849355 836184 825033 829609 843391 868164 829648 825869 847343 794995 771030 851645 863368 909663 898976 826317 856554 861148 886244 850948 838836 823485 828939 871503 793768 809615 804623 860470 821766 808153 845593 886091 815798 834839 821554 841521 860674 883180 
793131 818840 813755 774306 812362 804673 853280 773570 851237 791174 824349 845303 738216 825597 799936 798865 809648 766452 739979 810915 781931 783615 789686 757841 813156 804744 788428 798300 798014 791247 779815 774812 770289 802807 802636 834938 876710 805057 815858 779245 784148 806691 784118 784668 837032 786238 785240 758330 794132 766169 846188 768274 796718 838106 816489 821734 803317 840292 838010 762412 758517 812683 770815 798868 792762 780080 786586 835826 827183 795591 819903 776616 778241 857869 772436 850326 845200 749719 863714 856997 822028 802687 785081 794457 783379 889357 803961 823794 846095 800616 793979 789888 792586 796332 835235 749309 783563 762096 814994 785567 807614 831817 795236 875890 801762 853681 845438 806921 803062 765156 771532 830354 799838 795712 753830 842973 829469 832033 791543 839622 774857 802560 791603 868200 757822 836005 818252 793683 804982 840814 790566 808331 755126 794893 842793 782912 827332 831005 824317 840693 804276 843627 801297 801057 762160 782279 809431 764578 840992 842177 807665 819672 781891 790624 806431 772637 799497 823249 774429 714305 796676 821941 764450 806600 836061 817934 780714 807232 805636 790289 839702 791733 835672 836937 854149 850933 772882 819589 796141 856016 776565 818219 863394 824703 804936 778449 847073 830942 790463 846055 805461 775896 785473 794943 779736 779060 792858 816292 844404 824476 769395 828884 798299 764141 783282 789842 765267 832806 797307 788476 746933 811674 767757 792991 838227 799943 783513 813711 820159 813799 797711 778474 794635 814955 835116 786063 824827 808764 836186 766389 848110 775633 813743 788955 846618 784961 769803 797787 749663 798892 881637 794860 750533 783851 803499 812288 795677 783690 809216 797525 785840 855351 760519 803393 799231 800190 815559 838631 822538 799642 806112 846827 793491 750718 812646 807896 797144 786317 780484 802422 771226 761116 786828 809845 780920 832866 807290 783304 814896 831273 798713 806038 848140 792795 752641 813675 769169 770090 780598 849518 827016 781237 821723 812928 810260 830628 778352 823239 772258 742767 758215 752941 807670 823149 780826 816581 785842 796695 799176 819294 789570 817752 832203 809717 809829 795209 846394 818359 800462 772544 784601 799949 821398 795728 760865 746475 842630 779725 781713 792899 791859 788324 849731 776632 788590 828176 812155 810152 809063 776188 777999 794512 802350 808287 794865 745313 801979 740361 745146 789773 850770 821245 850356 801778 824510 811990 846668 805930 801254 802408 823058 832450 781854 789550 783883 825742 796668 746185 794155 843704 790927 794879 782704 794033 808101 818703 
851692 832272 846234 795700 812939 879973 885477 781378 864533 861937 862475 868230 808672 835094 829337 789165 829067 820303 763514 859880 807253 829093 816259 815408 866165 836337 801106 835660 802341 816641 811496 811091 797181 822468 861945 880490 878340 866428 814413 792798 833268 837400 798897 823033 853524 885898 801490 835416 824922 812103 850210 852107 869885 889267 854896 841566 813070 884773 869072 806690 786964 827764 796603 829336 822715 825568 839684 845545 844970 803621 893928 810673 815181 842963 813044 834909 843264 780681 872815 852197 798449 847105 820159 799525 820258 884422 823110 883909 857786 819767 811584 821400 806963 827515 864311 783519 826386 805131 830812 805187 814155 868419 834048 913805 778773 874693 863291 799291 833326 810528 819769 853065 837454 834181 770999 881617 867912 874221 825193 879326 857587 826283 855956 875471 835202 854625 815460 804780 839683 860706 877291 875798 808820 817132 885648 833999 832063 880504 872637 842508 865915 895807 817164 822258 765100 807709 847464 787053 892919 827586 832362 847734 829563 817891 822391 842870 849316 862509 819871 788180 820487 841417 806841 821933 854927 853082 826127 815595 860170 789226 873322 819343 869006 862375 910648 845062 806224 821460 846616 884248 788366 860169 890279 832382 848746 814289 821227 831111 811315 894409 839138 782423 825011 817065 821827 762001 837852 834582 864871 822452 816010 860284 801975 820014 829999 828409 779541 886247 837188 817538 812418 865692 781195 835687 891129 831272 808398 818429 845968 871626 810007 788204 791278 846566 830431 786684 818164 813694 885138 813874 848436 804185 834641 822082 846638 812511 826604 829181 800173 816546 872329 833454 758105 826919 838487 853666 843653 836176 886353 852546 796476 899689 816367 865667 807816 849147 868116 838719 850378 838268 827728 868877 811542 826943 848693 852021 847161 781942 807818 836271 839074 785893 821002 832381 842498 811064 817941 851639 856678 861171 828930 815834 895915 832102 771018 821138 750578 778148 784631 829557 824597 811505 841064 853063 836855 849817 813731 858353 786965 801303 803518 766481 846061 862562 774738 844745 831477 809135 828182 843961 801312 855508 869514 839463 854518 834131 884749 840752 819483 836611 812862 821084 840484 862297 788994 805615 840628 796555 837431 814536 833686 813684 886842 809954 814237 874747 842204 813557 830806 818179 799027 807873 839001 874941 823494 851917 827163 780627 768791 841391 849014 825972 913943 821168 851760 830294 867870 844432 823945 834667 847067 853122 779865 830111 824912 852755 824265 817948 835948 849127 815633 828630 810427 850294 841474 875286 
805628 795716 781033 769718 770127 785654 806742 731260 810063 812851 784571 831057 762718 792162 804451 766352 787084 778611 742920 809594 769885 750681 755630 756954 831238 791588 769241 783242 799132 760114 786904 747946 797172 776093 779043 823648 822459 817215 771330 738484 773529 773468 765116 787374 790154 839035 755932 764331 769925 797178 803951 817359 814465 833529 778845 786367 776419 833708 850951 736169 736974 768198 775325 807013 782130 783565 792344 792664 806106 789981 817796 767170 789728 821292 769571 813805 821175 753821 814548 804127 766984 809986 784455 763314 773432 857667 784342 809489 783876 757785 793177 764203 758669 801691 791683 760861 807005 766260 810196 776563 799205 843825 766290 848153 740606 832397 815662 777340 780766 780777 720541 853729 805415 797619 752383 846805 828104 832493 780820 829286 798061 796808 791041 844216 751424 803840 809025 790670 778841 827454 841955 798003 768510 757690 841593 743279 808327 832422 817239 784409 790457 824490 778834 779050 736269 807496 820866 748058 830032 777697 781410 789569 794548 759528 800055 771345 816354 800844 746271 738150 800861 772030 760675 781802 826742 826600 758331 770454 794614 768320 825108 780288 811352 826409 846744 791538 773921 803403 824894 810613 749597 813077 878188 774751 807443 767234 797032 828470 749760 823489 814438 767597 782011 748474 788165 704084 838154 786250 814976 805213 764510 828238 784047 778371 791583 797719 763180 838258 781007 823388 759440 813496 732327 803459 862254 784124 760792 761327 797662 839366 765719 745118 755336 823218 802112 756381 811455 776063 833020 782937 825750 792144 804975 792652 823354 790065 780759 773499 744035 776245 851639 756365 723121 788207 783923 805162 775681 782019 841486 800756 742899 800763 781551 803944 790137 779800 805210 767663 799257 780120 754264 821486 789837 774321 797632 821348 815741 733160 765719 788418 791179 756207 788939 775433 781245 807465 836065 817606 817666 819772 770386 797193 804307 794730 744818 799566 727161 741144 756201 812170 764175 808345 761681 789801 794117 803699 805961 832044 757596 771366 749017 733667 802347 810279 781390 807854 754451 772008 791417 803893 753578 821283 835352 791020 781496 781677 794570 797618 755792 778371 807545 779186 842441 802505 766403 723461 774773 769995 774778 814704 802783 761601 814430 777642 789108 796488 804030 797532 799551 721728 769881 770030 804900 807223 783566 777911 791912 718304 733332 766425 843113 820303 834804 774978 820534 836247 829856 806019 795843 786650 802159 791223 731567 754785 784366 796353 778584 771153 796749 840602 772924 770620 752641 805134 788224 838415 
812270 815463 806581 791658 789745 823476 854999 767851 805872 818982 810298 825385 779059 819166 821425 807739 812655 788563 746102 855350 782144 776067 797032 772502 812020 840504 795024 812427 791619 762565 787390 777559 776465 788423 823782 848993 858177 834640 770704 758319 801925 814987 794857 788240 826330 847259 804302 796190 803928 800899 844472 804380 802066 819739 823157 826055 775921 853278 863753 763085 758437 774162 812725 807732 794719 822344 806030 844537 803380 811834 850442 772193 783837 846430 777948 815091 794345 746669 831553 838154 784689 805526 802917 768745 793388 888640 779477 850058 860808 808915 780051 784342 801622 817775 812760 748748 802173 793542 799056 781837 805122 852467 786598 842774 760675 836602 850576 775339 765945 792039 753550 840926 792642 803795 755508 870062 861043 842924 807027 852414 788481 830686 790478 849303 777518 807848 800543 792226 805288 833871 818086 808590 794197 794525 864392 781175 774884 833887 836657 805746 841814 857042 783686 821518 765523 785614 840960 779405 860708 823148 802883 829053 790976 799474 810835 784065 819872 848220 779296 735026 809434 796848 800405 820437 849132 792479 797804 794279 802764 781283 825919 760904 856919 829430 891049 848571 788957 803592 834223 865622 778370 822273 885694 807785 806125 783699 802086 796737 764680 885146 811847 782269 808464 797900 789130 764454 828870 847388 813354 787172 783152 839470 753517 777416 812841 819133 812962 859420 782975 807935 801310 798171 735846 813936 860810 815810 779469 795705 816614 855405 773643 765785 782503 805035 838839 824146 826352 778252 844588 757256 879841 793607 808547 790697 820812 802655 780078 805912 777466 802659 845834 790892 759652 849822 793891 855611 811883 801498 856899 800772 763576 820872 739616 815422 796554 785940 820427 803436 804941 822253 784993 876935 811952 776220 810097 824736 846184 773532 795899 818662 787454 750929 821585 814353 796651 802929 831186 830694 808237 841168 797260 787072 866813 807020 712859 808881 738280 775357 786652 826447 818858 808109 780773 845822 793251 804592 809984 842961 767015 777274 797411 735397 850808 834358 747236 840052 782837 790775 813496 794849 778366 845725 851065 819744 812693 782885 833633 793930 807095 803183 800810 802601 823657 822497 760372 756678 811209 773558 776098 808497 848576 804135 858652 812987 778511 848312 829258 807582 805787 794534 785209 806435 800119 830195 813975 807819 812496 760228 742186 809074 839050 844307 861855 808162 820792 858464 849383 813411 791390 799172 825691 798613 755557 785530 780861 811988 798467 771471 811325 832321 796522 808494 783995 808244 830300 843605 
830176 828724 846001 803598 794018 833616 861231 793994 848528 833610 854089 874505 800645 834810 822871 793409 844201 792607 757230 860826 824626 781001 774534 777236 827009 850663 803405 841988 783963 793665 804896 766196 778631 812184 828524 839776 838092 838073 800321 800222 804131 791885 791931 819982 867353 827478 780973 818686 810090 803557 849217 834160 835564 873752 827358 848271 795523 855709 861844 791866 744443 806091 811270 879064 809475 817969 814485 816874 853059 805848 860542 763185 817425 876102 829166 852236 828705 759979 848655 847139 806357 824675 834211 792604 831033 882996 819142 855542 841787 820846 792350 806984 802481 806548 840768 774522 803715 794308 832379 811275 812897 847078 808073 897260 787872 873553 844698 822587 833323 820358 789248 863646 802740 791243 766999 887798 863271 851982 806892 863117 818539 801053 837030 892967 789872 843797 812175 838709 837810 848942 859415 826279 797030 798048 837836 813668 827593 843705 831790 836079 849911 852991 823765 814241 775524 798876 855612 773994 844311 833115 830295 833512 825481 805796 827497 820823 862001 863080 795606 768425 840651 804651 790497 785007 863948 855415 835786 826211 831168 805889 824694 804374 841634 865504 885204 824722 805592 829097 830752 871991 763332 859316 928102 859090 807238 789997 835399 849088 773460 881619 814718 787769 808133 791719 821030 748818 849064 814147 853243 828563 781087 856894 783912 802739 814231 816228 771802 867393 816087 833584 795730 816144 773549 825207 890363 815708 820403 804611 826399 836909 791055 781859 780644 815315 845462 803110 823198 794134 857206 783063 879082 818572 820697 819152 853171 787981 811892 794733 793546 847640 872071 818500 780443 836971 823988 809714 820683 792424 871577 826816 793300 863522 804493 841728 840990 824461 819402 837618 853016 791328 781393 877080 832894 794116 832975 873376 819229 776882 814089 825812 829527 776460 828699 818535 812034 798604 849992 834789 846018 839046 806869 820941 853559 813072 786177 805668 762144 793614 836805 846086 801468 799603 808570 815195 806608 831463 837516 854574 796723 789205 816452 794648 822480 846223 801398 846615 815623 817743 842767 872600 798197 859193 866748 831477 831544 817893 822132 801926 820089 824067 807499 824372 831876 820153 765635 751047 842997 806425 777011 826231 826516 808719 865375 821364 826361 848940 855869 851068 818982 795541 810433 816243 840954 835300 814544 821702 820354 748514 767807 801267 868099 856245 863716 815496 887992 852496 842061 807499 797555 811123 828257 859859 746450 798353 823028 842118 819400 779534 837385 868164 811020 801603 766381 828380 829025 847016 
751137 763671 763059 748143 775964 768737 800703 719832 777808 747217 786025 764435 711524 739927 743078 734769 778616 753647 704806 776318 728036 737294 731520 723301 760588 787192 744856 750326 725097 731486 748465 725157 750373 764893 745500 771636 813496 779120 724806 716994 731810 732731 739766 745287 785138 769962 752069 763806 751272 742103 782399 785492 777333 787268 758704 775783 752866 816027 809510 710805 706252 746409 701683 754313 740664 737549 785719 788746 796451 744373 806407 760276 766853 761579 721547 792132 773555 730112 802964 788573 737361 750264 765527 740225 725652 828700 724126 767170 762338 751436 733126 754114 732452 792992 768684 713149 755510 718080 775288 753191 803226 796400 726786 821869 720785 773255 807672 741217 775126 734617 704345 780362 732036 750524 712651 803790 788728 820766 756188 823544 772186 771970 765832 814166 728218 770343 770910 773653 763516 767362 790127 779127 720983 744299 807614 735336 749090 792267 793660 774634 771253 817995 773116 764979 732989 747097 754532 710982 801864 781593 749474 766862 749647 767505 762184 728136 785009 780157 736472 721723 768527 761339 724666 720012 803809 770732 764613 762007 779261 731095 780225 719936 808623 777769 810778 806882 732544 754462 791358 798240 733695 755919 809096 758304 729331 743574 785133 785396 734912 771734 759805 740280 740052 729289 743521 677679 783629 760226 771870 745682 719532 799827 757165 728762 752239 769976 734548 805982 758102 770401 732041 758235 714140 764747 808767 757044 722195 719567 782714 772708 743377 699337 714943 772016 789674 745972 782077 751288 779554 770669 779646 741620 797174 733890 779439 729585 754615 768422 708512 762985 807046 748244 689639 763848 737480 755510 754370 724732 780445 799980 719400 776585 746443 754307 741452 755053 787326 793427 798941 769401 771147 810893 753518 730086 781407 795746 741024 706462 752825 739024 750278 715313 764699 769547 765429 773927 774809 787290 776282 803603 750052 756763 783607 766520 726299 735223 697751 715630 722164 753293 761856 754779 760958 768135 767163 764455 735200 795741 749886 719798 735826 704885 797250 783533 766208 772954 738335 775210 777343 758389 740522 787240 790261 729124 772374 769269 741290 771327 705443 763282 771122 741981 781272 764240 680194 716642 777900 730147 734373 765761 761975 753871 790098 751891 767520 792156 791490 761437 760870 716895 745711 730705 734214 791289 760811 739855 778895 698885 704958 750086 780504 774062 800265 749300 784024 764993 793047 779780 750364 753946 782499 765557 711614 748009 758864 783611 750978 743988 795789 790326 745769 765522 733842 790929 772171 786927 
739607 766201 783616 746675 766031 785336 794200 743210 796332 767080 798870 812540 751050 784770 763600 765288 764520 751281 734365 794817 731262 731985 750565 729884 775639 789912 797749 742855 745267 723411 740176 699900 746605 726158 785355 768542 785419 781575 736388 695218 771536 762030 749051 719564 777307 777756 755639 757598 762854 766490 806312 748698 787814 786993 778261 801283 738656 815782 792995 765222 724419 734602 766623 756415 726504 765539 765423 761589 794019 746477 793055 720879 750969 780202 736848 807777 785135 737307 821453 822437 719146 772450 737021 743130 762522 837711 750754 811112 777286 753098 766378 771084 742239 779503 792818 696846 754151 749679 775835 786052 762254 775466 742708 837158 739959 804435 785359 783920 736009 731377 741845 778421 768042 749916 719452 822778 792201 801856 757640 790416 754789 788880 780279 793345 733914 751507 765366 757885 754703 809226 807402 766379 749954 762735 787008 739446 758048 823151 809239 777640 797343 828044 753363 759574 736898 764815 763160 772643 800060 758038 775184 790397 778676 730411 822463 763919 779743 817722 713218 704289 759076 761970 761950 778652 803551 765870 746043 747043 781249 744032 802871 745873 806071 777244 819908 808289 775752 777126 774987 824390 757406 777024 807652 787835 765326 748018 776811 798858 723093 808350 748467 733531 754078 734226 761225 712592 795324 770347 780547 750354 754057 792197 757622 731930 751154 768619 759498 815660 745669 777733 753688 770569 720155 799391 811745 775427 733896 763934 764122 792118 711080 741882 749321 752985 769037 757688 762618 763246 802897 745683 818219 737663 802133 789745 759292 742548 751531 778581 734446 777911 812206 766159 711040 766635 775768 781067 776778 751541 783082 801756 714174 771644 743241 793933 746495 776564 767045 780060 777318 753799 764851 824253 733985 772642 777727 776854 793824 700037 777817 752453 778551 735935 747738 775719 774507 753041 781712 761281 791489 784566 743615 760588 781131 784126 736510 771408 697937 742481 769853 776350 742395 765624 778184 770384 796253 772138 763294 799365 736092 726217 746297 720923 788845 810009 758184 804615 755609 706501 761853 772944 716025 780937 808702 788127 771507 778154 777430 744541 760621 781135 755085 758458 793226 792516 700120 707761 779135 731546 745987 766701 759852 735242 798909 721173 752447 819814 779523 757628 752788 771795 762188 744717 777375 776152 766697 745761 751192 740613 704728 757353 802612 812157 816072 755929 783263 775868 802037 764276 757206 735821 793785 767722 729526 728928 749925 794498 748444 733663 767814 804485 787471 754383 743454 785977 753479 824731 
850388 886084 868638 845340 864866 874474 891572 795331 908003 891676 884627 894333 838521 851403 864178 852953 863864 849088 814708 883715 846625 822471 818160 857414 879628 884045 833612 870213 845298 812117 844781 860156 829100 867674 838241 842834 896185 877227 814071 825823 833220 842036 840120 834249 891282 832694 848718 858859 880531 832626 880472 863370 879501 890264 863395 862316 843339 889070 933018 817658 810908 852787 855554 874771 830232 857389 847234 851419 835655 877779 900408 820743 838158 893295 855040 896948 868387 802529 921076 859515 852769 831415 869455 835941 814727 937143 855583 928903 889024 841704 866395 854296 868939 905627 862820 802477 859294 824157 881415 872418 853940 930474 869680 939581 845621 909504 944213 856198 837838 844739 805858 919840 845053 868188 802560 904268 909402 892794 850024 921011 861389 874792 864745 930952 834446 874931 859475 861109 850792 901432 878833 888976 835716 827811 906813 859152 831813 894157 899350 881867 897412 914495 852321 802311 806459 843610 862615 814223 893806 887611 849785 851837 857359 848181 858665 844989 899345 873795 817332 769492 870733 875369 827685 856213 921595 867626 867656 835475 847341 828456 893389 852596 905381 911788 932957 867356 852174 857030 906949 880099 851643 890413 913457 871821 856255 850368 893698 876577 861749 912868 839424 826030 853719 846303 860630 799537 906687 860829 924429 858616 837589 891589 835934 825342 839468 859479 821310 906704 856533 888691 824138 865249 830119 901322 926900 847576 821672 876049 869213 921022 849161 818740 824907 881453 869436 840452 907863 850142 891711 831323 909118 888270 885541 876779 898093 872363 850903 872822 814757 861755 905268 848385 795083 862152 836308 855823 838266 820917 916987 885818 843480 902963 852142 903203 872281 850841 879776 874315 875415 835904 867885 906399 843806 848647 865068 905210 887591 805143 869335 907956 811034 840918 863195 908951 872952 850309 853582 866557 898889 893507 857920 869880 927626 866238 779696 871253 798585 826144 835590 885095 859541 856209 870477 877234 886620 865570 859721 900222 829778 828434 857775 802637 920810 909665 835547 848428 844751 860905 837081 856571 829384 904936 917977 878705 869283 839269 901379 861683 882759 850381 839399 844269 859210 890827 802242 817297 874746 821676 832166 860187 840558 870432 927148 850871 840191 906204 895626 881671 858575 798953 822673 874430 848304 902238 834481 836020 882097 806426 836929 873285 872622 914344 928531 803762 866346 861512 893202 877532 875719 845741 872696 866485 815102 824259 831295 878311 826703 804007 856999 874817 831102 851050 854956 861419 865170 895892 
768104 762954 776588 774210 771769 782766 804360 727031 766831 747863 802273 802329 714449 741518 755957 762224 759788 764166 695126 776697 746758 741967 741714 736441 759768 786615 764073 737371 730100 740074 743646 733012 751758 781392 772314 776282 804186 784186 732488 714586 748017 757399 774607 749230 770525 801589 755106 748398 741309 752863 773194 751273 772779 793699 757776 778494 745130 799576 793291 739771 702997 756714 774751 777602 766841 776833 755090 771346 778501 756966 776096 697511 720020 790310 750051 805036 757089 734195 790626 764042 736636 780598 759728 761078 745889 845996 728374 791015 781682 742798 768785 753623 721868 780939 785840 703637 771957 756958 739046 751475 747330 794222 746885 825651 754975 794788 782232 765019 727968 731339 706402 786549 777112 730029 723543 786206 790975 785856 787879 798691 736708 755947 755461 787596 737206 772567 799569 769779 758076 809131 782259 786250 719048 762889 810287 738251 784093 785787 787395 770985 784453 781526 776918 751339 740059 765556 797822 723288 790181 777313 759687 783543 718985 759618 770510 757270 749250 763504 706270 709440 776349 758055 732678 755058 785785 768492 751440 766167 759706 713098 790118 774570 787137 787680 795266 774661 708517 765812 772256 804723 717442 804033 791695 750280 753356 739383 751159 790269 716368 777046 747443 751999 762484 746212 747976 679467 779759 769700 772598 757101 753265 800319 731255 744769 764004 770675 706154 808399 738919 772683 717293 767592 713281 735035 783794 754982 728989 752805 750827 765643 742776 715274 764052 765718 764319 740723 772641 771438 795764 759730 785238 726838 763358 747971 766756 741372 770652 762021 722218 735034 796587 725641 684113 721996 784327 755104 740006 777036 806044 747113 715895 808028 710232 794485 742962 753999 791321 756346 753088 727765 752864 818371 755210 743459 758256 764206 769878 740849 783389 751951 727608 722491 721952 743067 755742 791720 728956 777364 773198 759592 744828 758157 765502 772328 708534 736387 703208 730980 765705 786351 791537 784845 756807 785712 764175 757712 746895 799374 746220 718406 731694 700011 769638 793226 740164 761426 766456 742292 758474 761961 713073 770790 774275 735375 774966 782949 787236 744949 774776 752140 751589 762833 759091 777853 722297 734506 774687 730437 704728 757424 773362 788139 815162 754669 744123 808192 799997 744329 758520 736606 746431 754623 757470 742989 740531 738660 787088 706595 705202 753887 801431 775806 802788 771308 761759 778824 808801 757202 761122 752892 805973 752108 738286 729365 757633 791660 761331 727247 761246 768520 707019 754301 755408 780689 754883 800305 
849808 812842 834559 777573 831336 841781 869285 788444 857054 843228 853202 869477 791313 836375 833991 818601 833115 796554 782768 862558 787180 796184 800507 777838 839441 856986 816763 792720 818215 792506 819489 796276 790994 807602 843901 829580 862844 867254 786790 765011 806789 798049 798948 779998 856272 846972 773871 806814 825407 795726 849033 815004 836513 844324 827784 862243 798344 898834 862443 780364 792881 820965 818711 849749 799309 808048 841719 855128 845541 811819 878161 784572 803848 870712 821090 843245 878662 786180 877467 854741 793656 829867 807204 791453 801938 918693 818384 862570 834839 786233 797431 815973 819174 842001 859281 764998 818187 813215 838609 794245 850468 862825 808697 899602 801616 877296 856628 797420 825726 794426 786534 853034 827010 837240 768296 882798 846009 858516 815691 866505 834456 844374 809158 882559 811114 830853 821017 800817 843208 841392 865877 813919 809022 789592 858746 788149 806529 851594 833206 836648 851695 847957 829212 838114 797973 817660 847396 783386 859716 828000 819568 856107 841153 831575 838324 836381 826910 851607 784390 770543 823424 845036 817353 789753 865270 820411 804190 836922 806803 819834 889328 827670 854531 850609 890711 818232 797637 810283 831812 904723 753960 865426 896290 797201 806097 799940 871262 850033 763055 866909 796326 787391 813158 822256 808749 773441 838892 837767 835942 852487 793507 881736 803520 769696 816555 835074 771350 853992 807234 808863 800938 839945 798301 853285 870221 813478 829294 835204 842571 852056 832174 766592 816803 836183 822336 808733 841047 815054 858035 792566 862945 814289 828733 813250 853408 800032 815280 796935 809998 823304 887224 813188 741122 798943 812698 846165 828823 796282 856490 820656 766890 859911 814545 857227 811166 816150 800171 831731 849764 806293 829689 865603 837199 808080 821781 835107 855201 768421 800003 825401 783320 784664 795943 854204 815255 842205 826041 835790 861874 866069 837918 825914 860082 842740 729119 814025 806609 772698 796009 829158 807122 827860 821212 848377 832387 831820 831504 876062 805745 761913 786329 752744 851860 840780 799510 818527 794793 815604 827722 850882 798548 843545 871964 844679 831992 822727 835720 825359 818199 814654 830648 820414 842062 881316 753276 759127 833010 835109 799141 819697 807805 811797 851811 792567 806366 890540 815099 833476 804601 814685 762897 820107 812507 841273 801359 806279 840963 776490 758373 795773 869630 862148 862265 790306 830889 816562 876120 843795 840839 832532 854600 807499 763346 807693 798432 835033 807349 808470 830761 840150 812801 829830 779621 852995 848113 846366 
815862 832440 853675 784515 808334 836972 863549 788484 861918 805705 855006 854026 817373 835846 807168 790537 820016 794966 765478 858071 796761 809143 764391 795990 812674 850511 809727 795137 782603 798613 803198 775069 779736 831853 819092 846632 865453 826699 808230 774423 818264 827108 796309 781165 825805 829132 798735 830842 814328 832436 862265 801160 848702 843591 836910 846185 802074 860958 845346 780404 773171 801796 805080 818655 797937 834255 840256 852906 845848 832155 841752 782323 804717 833448 795658 839906 844637 783289 839540 841377 769002 848050 812995 795605 814713 894997 818463 868924 836554 791757 824038 791570 787285 809906 845485 764204 819776 799752 791676 848255 810336 836330 810001 862572 795580 845698 836710 831781 785318 812477 796340 846812 822143 811402 747736 855785 849413 860943 802255 850700 792644 816420 768657 879989 798170 820973 829013 825547 857703 841454 864175 857592 790598 832506 858232 785830 838106 876298 833569 821400 809448 849705 818922 820465 788125 807755 849569 767604 858531 824514 828786 849504 813068 800428 805558 791607 809589 839772 778030 753133 830705 806385 785866 792358 842713 825244 809556 848661 799041 776475 853143 832099 852106 819196 901219 832012 790015 805594 824023 844725 774188 844617 859324 825708 820839 789788 839056 808003 789745 907764 809619 755465 820301 797681 838691 746753 832317 829382 834112 834284 769895 864602 771646 789025 823637 822801 807321 861047 801940 834937 814482 793970 764207 827672 869090 833964 795066 820757 821007 867918 787891 776266 792715 810819 827956 814569 800791 802065 871284 783767 861323 797984 829305 807690 855085 789352 827762 798034 786186 803644 860898 819428 751150 830155 819505 849825 822721 812955 849696 836827 798513 858973 786373 847589 831541 855263 808750 826872 847189 779947 802064 900001 801485 789894 831995 827143 837702 788522 827764 813305 820054 772394 788380 813782 826665 827605 825264 823807 863470 822553 776080 816405 853864 824351 754666 789183 761864 778353 810928 858191 791514 836073 838279 818330 798894 834319 832221 835349 787349 836538 814504 766997 831587 845614 765434 817416 836554 794023 832738 823171 782046 863263 862876 815519 830442 837821 847794 807900 790685 799936 790008 819128 856183 826112 763992 751732 837204 787588 807825 826301 824060 805035 884595 824950 787485 884449 838245 831083 795411 825030 802651 802987 814275 827169 789666 832064 812804 779987 751298 827527 864677 847212 880402 815928 820393 844734 875282 811635 800021 805739 812056 822012 759321 786081 819717 858357 808605 799330 828565 861442 785936 795795 790183 809541 821143 859848 
876224 881764 853874 820392 853112 877396 915359 822451 847212 874976 911615 877215 813357 845062 844228 854157 870120 828778 799876 882281 850082 850179 814178 807590 899716 891752 860354 850013 823901 824378 862786 823617 845606 826008 847812 876882 873812 883409 811619 794957 862180 846113 850075 825906 885752 875806 831253 844984 871440 833303 904950 871345 903941 873034 897501 871288 841441 865843 905332 847575 799249 832139 883148 884039 823263 878973 867339 886540 876152 843011 903961 824083 825892 900105 859092 895402 907905 812406 882825 878850 821038 883516 839338 823035 830423 940576 859375 881983 883486 845398 845462 864178 850284 850903 880253 793654 865685 841751 850203 883477 884226 879064 873031 922801 832457 898226 898348 875313 815122 849499 792404 856762 861406 862872 823505 914130 885495 903544 866215 908877 855510 876021 852511 896391 857029 867328 890714 836719 865626 849930 882428 872690 839628 838314 918139 830966 889170 876533 906061 841556 857388 886223 865997 864729 808986 852786 868289 827519 908995 848670 853353 846469 858602 847284 885357 840560 864935 884773 837882 768585 865348 850660 830719 873724 913764 852507 824774 817492 857826 819631 883224 837511 900832 876522 911079 865185 834571 878476 874381 904808 832848 877619 925511 897664 858797 876181 884393 888593 802958 905726 851162 821130 849520 835255 821008 809268 857272 864250 900880 824807 860602 911464 835591 824598 831438 869499 835538 893137 826535 865107 807427 852535 816727 878020 918208 852463 851778 849375 886018 891959 841621 831424 868626 859283 880788 863709 854175 862872 915115 853178 916790 833600 905924 859205 869129 845929 823667 859308 816459 850991 933203 846052 773616 885610 874271 855748 860653 882104 884708 884955 794380 903336 834466 872831 867336 862612 863170 891881 906459 811190 857960 916419 861121 816108 872187 875107 876263 849405 877335 837143 835334 828822 823021 888973 864615 865410 891431 866413 876575 903538 849817 878369 903543 879618 813929 848899 824420 824019 832681 849392 854070 866900 860646 883385 848974 859866 887573 886368 855078 837730 839157 798438 885931 866540 848505 875471 854828 827309 845503 899354 822900 908677 884245 825944 852842 867322 874952 870993 839596 860856 909266 857587 897643 885017 802468 812942 891200 846867 849337 837769 862135 843637 895472 850850 859711 894478 890004 861488 847678 830671 844542 822083 856163 889329 853497 854196 865554 809015 808910 874679 910688 899475 898496 847455 882790 891028 887564 851090 860819 831940 855073 880565 809190 834075 834677 876826 850923 821757 860657 901633 852336 800346 804353 856797 850931 898184 
776235 784834 767204 753683 755513 785057 794597 727437 812152 795071 842689 823576 754578 774942 784091 785192 766331 725328 754323 811036 755417 767190 761795 757368 786745 814039 762637 777742 740152 760857 763260 750288 776182 756091 782233 764090 804870 784211 737117 762684 738888 780194 765064 800549 798115 784927 766119 772153 793035 755652 819549 751733 794481 814942 785761 785213 787408 785243 834099 791065 728981 793228 798202 800237 729881 776758 776547 795298 779236 769800 811808 748884 786102 812497 761249 824796 782241 736449 829173 782829 768180 783214 765357 754819 761358 842733 764606 822256 806679 743082 792644 756864 759339 804690 807207 729033 773551 738337 757890 766791 824671 808451 770324 832998 774948 795577 809373 786215 755279 743879 727677 796150 784798 781929 742277 825007 790226 805751 789899 799399 778771 804195 795164 833656 777121 808512 800070 777719 793406 809749 815797 789150 789236 727951 798729 772183 783297 805180 803715 776082 740332 830175 790220 770663 748885 760608 816769 746104 829628 777392 747454 766461 776486 806500 782535 754764 757020 790023 744156 712873 768554 765421 770283 755195 820091 773319 786463 746226 781072 730574 823208 765864 811443 790780 856664 827492 756417 778389 785248 829703 765297 792482 850808 804337 787612 758152 811217 790721 736326 839738 786592 753334 771624 785866 766260 731518 799234 803560 841599 795568 757682 809025 748407 723264 768511 789403 766545 823575 744993 827537 720103 771212 737649 823952 812195 803504 750967 778919 808516 811273 765032 757493 789625 799425 806428 769684 824445 736124 798266 754393 809373 781308 816590 800517 811654 784064 762772 767225 714366 803631 831546 753599 698476 790417 805016 811742 777136 759738 799673 793991 731975 827847 762862 827554 775803 756664 774835 807057 791753 774863 772614 793319 759802 754173 772275 803582 811262 753378 769225 797506 747427 741026 770010 787329 780188 781199 804476 760219 805246 798046 757724 776023 812582 773069 694494 770427 736436 742093 760050 800053 778261 779481 790140 795918 775120 794867 808542 820139 774881 744821 764339 729199 795092 794861 728550 801750 752598 754795 772651 789910 758077 804957 828396 767221 790237 766484 793618 776685 791629 777752 769894 775685 790879 783171 731717 706292 799864 788323 748009 785219 775635 807650 825557 783923 760768 808813 809900 795453 781199 744540 751274 783026 746766 811877 776516 762375 793773 725146 736280 798900 830813 781610 850761 802417 813570 781723 831607 764082 790861 811149 786771 786374 724070 739497 762200 838975 772476 752341 789859 791097 791836 756576 747890 804669 768789 807775 
783139 767007 801175 781050 747369 822692 800765 718203 809531 785812 815273 819611 764885 791277 807862 782030 784967 768812 723407 794382 774658 748957 743948 730291 802482 785483 762841 787646 750808 777076 757232 735212 736812 739087 764403 798570 795541 810598 754575 711980 762807 778863 761811 782582 799547 801873 750768 775881 774650 768901 820543 773139 804150 802450 749480 788985 767584 818672 811256 761521 724832 779800 779548 805153 748554 803842 763303 765633 777991 781474 783631 748922 755768 836704 774407 793473 790902 742075 832213 802801 731959 772140 752616 771845 795275 855754 771385 823397 783381 804105 762129 794172 758776 790991 824229 699681 773781 760684 792761 770336 789428 810997 774009 830514 762544 830163 822641 788769 763592 751888 754703 828169 747657 757561 726193 816584 773994 797718 772204 777668 790196 759281 752902 862352 743675 787880 803962 759798 774881 803614 815954 811370 755251 732876 817591 742244 791568 810658 816708 787323 769036 786746 793431 788985 730453 784210 784162 753587 829867 784772 762884 804108 762895 756178 779087 774329 763454 824782 744014 705964 795366 749287 757950 748313 798095 784101 778996 812679 790054 735858 792564 773409 821460 836933 864099 782317 757323 777918 797138 821270 737417 815497 849192 793202 810001 753253 794803 786377 762440 813407 773789 742994 794757 755594 751754 719632 786774 780208 806323 778080 742903 797607 754768 764177 799431 769891 756429 807897 772399 780927 725667 778073 727755 784455 838615 765379 774980 739784 794811 784643 761558 731106 751519 813658 812742 761282 812114 769748 814216 768063 802305 769133 782287 775830 801336 776105 762701 791433 733497 785697 814614 749377 691799 782946 783757 786540 776957 771111 836332 764436 758545 780244 752465 785574 774199 781057 789656 764968 805840 755726 785910 791961 764445 747422 785191 800452 794031 740484 777511 767518 777815 736322 781030 778289 764691 795162 800339 775014 802927 805191 760438 783077 803195 782936 724787 747778 696981 738669 764393 797177 786907 798058 786918 764678 756002 780743 761372 819143 754493 735084 775365 719133 787597 805363 777084 794563 776715 777538 778945 790954 761824 792290 844116 784671 771478 768448 793262 774493 753458 813729 786150 793615 800760 803838 719129 715031 755631 791403 736391 802739 783286 750969 795809 775246 804628 822025 822199 788336 788053 728520 759071 767327 788016 784148 775152 744125 779417 698930 729418 809550 802667 817205 833625 783548 818620 802910 826516 751950 794844 787941 794805 770026 747084 745210 777524 807371 762821 749042 758983 796198 753809 761652 757128 780091 748510 807210 
827362 791998 807675 741555 815336 816876 836912 771723 809946 814519 838360 808065 805210 827975 800218 820353 797808 780229 759835 857421 788573 797012 755281 755329 827286 785226 802982 822903 781942 764929 787067 761227 767317 792507 797936 830117 837494 827467 796725 760481 763073 815699 772045 776594 841306 807911 809841 787546 782608 784361 814687 792699 807460 836469 789779 809395 780603 858300 836078 765756 756062 763405 795399 784462 794477 791916 820429 819789 813746 795103 854167 753419 786923 836083 809557 819356 824585 766503 865799 855165 772097 838117 772859 771836 776275 864539 820117 820785 821308 800978 810314 778754 794827 790343 815902 740454 807482 777067 802219 795612 800203 840179 797465 860220 773137 847748 839970 809640 794397 783962 756878 845343 794027 817991 752069 845074 867925 828543 797952 881268 812933 800638 813095 851159 765153 787933 820447 795462 820779 820630 852833 817453 788954 816002 837597 791269 813408 833679 821241 833756 825314 836793 786161 801156 762083 809792 791521 762764 826702 828489 788305 828873 812402 782218 830588 808694 797809 844886 764239 784819 809290 804173 766604 818227 848044 805701 807263 786106 787616 779113 847208 805352 837787 836429 850758 836959 765807 781952 825273 843658 759388 860921 868493 796199 795478 779234 849188 813183 779293 885880 787355 770900 792768 803532 781847 756714 815495 799262 843541 803788 760597 849741 766653 790789 795470 817888 738317 879188 792899 820130 779023 826712 773927 812969 855848 786822 765784 786962 812339 832570 823813 765760 795088 812133 784416 768301 797707 791100 826323 789384 857455 813849 830600 795691 821913 781165 790198 814718 753673 802244 860770 787571 716360 821135 805481 807492 801799 771632 855026 800644 769264 827447 776660 810155 798177 810477 792911 827160 832600 781293 806496 850444 786169 785101 826960 844725 839113 769716 810299 819124 761423 787462 776216 835880 791450 824517 805239 829745 831428 804407 775126 799432 830165 802836 764473 792859 761693 759300 742420 818208 808247 790669 802400 809724 771835 787386 802761 836383 816814 766528 770539 735395 800026 827458 759569 797265 790104 774994 813413 803738 772838 818235 841049 814156 804597 796219 834012 800772 796253 811794 794493 820226 826335 812692 735913 765446 846036 756923 818986 818206 805110 778672 858797 803926 773069 828819 817214 810635 800606 770012 776759 808679 809690 803879 762154 795567 802314 743139 754071 786624 840213 841361 850385 795035 832838 831074 838102 813171 815608 775450 821612 804375 772029 764913 773570 824478 800725 780467 794618 829263 790926 825867 777370 817217 824358 863280 
823903 842301 867789 795303 819651 859057 895144 811994 838720 856390 868781 867071 823801 836948 847552 818817 819049 815196 784096 881062 796120 795631 821623 800582 838584 860950 826239 844798 780655 826727 781800 794140 813836 807380 838952 824234 844186 869862 793153 785097 855724 825788 791096 791227 853403 858334 824656 809799 833445 820645 869296 837851 848483 874354 830514 831622 841099 877960 877014 813923 765920 792725 821626 834872 804635 874169 824140 871002 845441 826940 889829 799107 821404 853812 798972 870931 853745 786815 881180 850463 842589 848592 830718 840745 816520 937711 789341 886536 864282 820689 848514 842738 808770 867985 843164 789717 846874 816551 828796 843084 847370 890470 816251 897991 820617 884047 899604 815467 794699 807807 797366 881481 841344 818147 802956 870008 858368 857518 820458 878248 822829 850592 835022 874020 829788 848948 864544 830678 855148 858276 872549 854040 823118 819231 873747 826504 836279 866276 858735 845414 833897 893711 832941 825623 764511 823128 834171 825830 877258 831380 827685 860233 822526 809061 854493 835195 844889 878658 775528 753279 838209 837187 793751 811939 897721 849807 831956 818564 827255 816576 874945 836739 876401 886791 890087 881577 829142 846900 848689 882409 808319 871055 911675 830239 822317 817550 850429 840775 809872 889157 846192 812364 832323 797699 830052 760559 847593 853149 866693 835980 801153 878802 808444 794823 867858 826365 814065 896527 830134 852618 791487 848671 791561 833165 887498 812680 783049 840383 831889 848852 822114 779312 802194 843830 845991 832452 848184 800485 870453 816906 901879 847574 857824 817611 853589 810644 838134 838707 790046 863154 874106 826308 743679 849305 813450 840104 810640 825996 896168 867671 791015 896004 800380 844390 826101 834185 857592 843640 844761 831370 856750 881749 825717 816400 849107 836165 858835 786779 852618 822642 800358 775545 811692 834446 858738 822923 836106 822242 879432 885581 820224 848532 861929 845006 768389 835139 767473 795145 820434 838124 812271 828109 858714 840221 881353 833338 834224 867996 798048 796972 814550 752220 876768 865676 793950 827433 792149 830145 847431 840505 797068 877514 875607 819813 836715 813369 833835 867873 832241 840527 827053 833727 842489 846535 784429 792388 872577 789284 807004 800500 837757 829185 885144 833855 825332 878014 837690 840540 803795 829243 807075 838493 827597 832008 802997 814230 832796 775270 769602 833158 828953 855842 901434 832449 841756 857785 879370 841516 818238 831984 847322 833293 793337 794562 819858 860569 818916 805703 828741 866186 827707 823464 829115 815165 836579 878031 
838341 800506 824682 783030 791766 846801 835598 765297 839924 826609 851571 836407 770567 819340 813312 808326 841400 799889 788567 849747 785336 814450 794014 788276 840523 851820 791795 830262 795079 837054 779770 778987 810841 806792 826246 802541 853642 835931 831169 780383 808132 776468 806655 794728 836792 802397 804499 820896 822513 785129 863388 819396 850103 846797 801958 829764 813779 832019 892900 810534 771018 812553 794016 814847 796317 840479 851903 830097 813580 823019 860636 773419 790315 835253 824150 832822 793908 772997 879861 836072 786179 831997 828920 780401 809034 902408 822266 884979 832676 800463 826410 804296 811906 845916 844201 787126 804669 786920 856681 816816 816650 859789 804454 903520 799894 857900 854201 820208 807621 788959 748629 854505 813385 799725 772811 873290 852532 853001 783632 872809 813948 835635 795102 876343 805022 796796 844826 790264 808960 872268 828149 827468 798269 789797 852824 814847 809008 852746 847565 833464 818238 834962 815464 823609 774405 818270 843233 776141 853523 818859 795123 827023 816737 814306 839594 832158 824024 838176 788173 737319 823096 789260 820664 797418 869709 846588 812956 848468 811309 770624 846829 820810 844088 861294 863197 813007 813612 824318 838459 867015 787362 849811 873665 807592 804717 804276 864870 818372 774087 895386 798976 762104 811328 819481 816724 736922 831527 795761 849194 832118 807310 835415 780085 783027 800025 834796 767866 868354 805542 831190 773149 813576 785890 817595 899705 807525 794825 783851 794707 861300 816279 780350 802925 819915 836816 777879 856802 790915 848964 796052 854038 855644 842830 831716 840298 815162 810499 818991 773981 807653 890108 812981 736951 829013 839986 846362 825970 806084 894240 828467 800671 891921 784345 837961 815804 819040 807733 846036 815747 816226 833238 836175 806037 794954 813301 839019 844967 805344 811569 824701 805828 791892 800959 827107 827726 835308 829967 804979 851902 822857 802283 799075 862023 841543 761869 812471 736850 758645 801611 813220 813601 799645 847765 833266 829641 817404 811910 859456 840429 776659 797266 762535 825672 860133 767233 819224 820285 822780 845946 839422 810696 839570 857538 823424 830323 811314 836082 832606 785142 812720 789712 800676 834578 825349 767603 758362 818279 793375 784923 840240 792332 800039 895512 801249 787634 875217 838750 805708 819432 791602 803555 823786 779038 843712 804811 789554 816097 768344 768116 840592 867218 805086 876847 815958 824278 832782 859428 809070 836455 842871 825589 802769 764839 772891 765445 870970 829677 779230 811535 840464 819244 808024 809588 797723 840162 808405 
860021 831230 834053 812881 815165 833497 848236 788080 847106 851746 835279 872742 801326 822415 805947 801512 829392 808465 780777 884152 781217 788029 792607 767896 825557 847832 825805 810235 781125 799889 778769 792307 798157 784067 853900 859573 856150 865017 824953 766799 832250 842463 792103 781625 861474 799454 830237 813571 838572 820936 849754 789831 837230 854064 819028 825431 796005 849969 872565 796027 766868 796628 826117 833772 812411 841213 825784 866687 827857 839402 856258 785438 791226 869738 812483 837482 842233 786744 890733 874782 789887 807765 815414 790823 803335 901622 808521 874226 857553 826583 823967 816570 798031 801779 844490 755673 847124 790038 819104 851132 824084 863633 841247 883801 806567 855806 837817 843353 782864 800242 745763 825421 828548 796362 767106 874847 868841 865137 811344 866043 845261 857532 838194 900420 772626 839373 836027 797998 802282 866695 844291 802263 810476 804055 855166 804719 843113 882210 854494 844887 826101 864352 821072 839004 777193 828402 848637 777792 849465 817969 831005 842987 815000 813133 848582 811119 825845 837319 791746 743473 816400 808266 799906 820996 872530 838930 833332 805743 825751 782712 874505 807869 855070 855294 884600 878305 795619 832689 818740 897421 794044 851525 918508 811851 836954 823359 831997 869509 789977 869049 814984 824914 840994 784271 781473 781818 839263 823365 879293 798808 772831 846788 810181 792847 791147 819827 825959 864419 807962 857248 769060 820300 797293 821259 876204 817284 826650 828766 838224 866773 821241 761959 807757 809870 823057 793643 842524 827100 840299 795036 854493 805580 844612 820639 841248 824820 810253 806686 781558 821221 871164 796196 769020 835358 815947 828033 814547 798243 865233 842710 786310 859084 765904 827648 804135 850570 826835 839306 846594 780083 805217 861552 808995 821873 839458 851374 851531 784774 800231 819887 817066 811286 801699 846572 847083 843450 850881 807967 864993 846629 803668 816581 873736 856721 819087 823636 745201 787396 783946 848739 832792 806320 811587 825013 831278 794826 841194 877858 803377 792116 799595 754074 855512 868794 789960 799325 826890 820183 827442 861342 813947 853418 851069 820098 819990 799687 839300 800139 837980 836639 792813 804364 859066 862230 765470 783380 856823 815961 794473 801454 843027 801532 887270 809882 839054 879236 862421 851168 842870 821914 782527 797042 829281 817487 841190 826512 825820 749488 778707 842203 869678 879333 882600 790253 837646 812038 859112 827648 814404 794879 861705 823193 788784 787395 800660 839009 815574 761732 848375 867813 826924 807438 802919 826237 812144 852642 
816539 794333 826772 794240 833656 789585 829578 780438 827523 811991 848386 835492 784349 829230 798855 818431 802784 796311 752621 842400 770332 778486 806801 787540 817689 857712 794612 788860 821564 784937 774895 800041 776532 789197 813640 839469 835182 835333 765279 742608 814910 811406 760709 777785 840213 828269 809710 803108 807782 792999 848586 813190 836517 849259 803101 836981 782826 854147 840321 793823 751198 772555 798154 815541 789820 806190 809396 836189 822047 790391 817735 771058 797097 840100 803632 821899 813491 777044 842346 824103 793848 814655 812596 786819 796652 898139 817001 883670 813341 786662 820763 804655 780452 821097 821736 764790 821821 752927 811707 802829 818217 853123 807578 887200 794998 867227 841863 811745 810984 789468 768102 847973 815559 830035 784932 854482 834693 841751 836592 864690 833658 839535 788128 872143 772486 817911 833014 808305 823639 865854 849160 789992 788082 787386 823194 795601 805598 824178 822136 853902 828780 827317 845108 800631 771994 823248 827707 770738 816993 828266 798876 823928 797091 799961 825525 817238 801164 847306 765492 755821 801655 824657 797325 828271 849870 823848 799827 790665 811089 770400 852945 812722 837122 862288 860087 839667 785513 813136 815837 851957 785952 847658 887923 841591 799643 788956 841641 822849 780467 860570 818604 793174 794217 796142 787878 761084 822764 828603 859641 795902 779123 857239 786555 774829 815252 805339 804848 855002 781226 832506 778684 821540 786041 841181 889532 818179 787263 802011 845193 842370 796382 777093 795872 827378 821843 791488 826833 795549 837430 799883 883171 812917 834250 825443 830716 804734 821838 816902 782756 802756 857621 815999 749061 794011 828405 837305 801770 812632 863857 837981 764732 853507 787847 826409 824485 801669 829707 831897 834669 784947 832078 856046 815997 790260 840666 811912 866094 771047 801936 782946 796677 753048 788452 809589 801635 808283 828077 822001 817730 812935 808756 836870 834887 810366 767116 798630 734623 755562 809052 812165 813774 821083 812176 824546 804862 807151 812280 812689 786735 734393 799849 739795 841454 836008 771503 807123 802074 800579 835953 805583 775333 826841 869740 785898 818898 793431 827729 815620 792703 812071 800641 808661 833775 817340 755698 754600 815655 770644 788067 786818 817612 799331 876997 789468 773343 862873 830475 807634 799909 773266 783510 858688 793320 829639 791147 795375 806836 740885 768772 814899 854289 856422 874347 810164 831996 864436 882725 804485 796609 775759 836212 779848 751303 801134 799955 849429 815302 747910 844583 823434 798237 798808 766352 823145 813897 838468 
828477 799702 796322 762062 822270 812393 801417 756864 801993 792478 865189 802570 782601 833482 790117 783027 792990 807237 753102 820496 775846 777088 766619 766462 825358 834326 779055 760738 766148 788398 756221 782481 795266 775914 838987 816901 807033 822070 758950 762872 773774 796888 795060 741228 825985 815530 796532 783875 812180 778248 820934 777337 821625 826247 773140 806052 762466 858742 871692 747226 759775 760933 791936 800549 796060 807730 807367 841516 798800 781935 839747 744368 771407 829214 797417 836675 828436 754456 828801 788558 773311 807763 795514 794042 788236 879193 776537 820913 815117 776637 798673 752260 765087 808623 808319 731053 801895 762394 810787 802087 821691 810833 818477 872090 768563 825782 814167 783903 736527 779699 727754 830107 812234 804545 760073 845474 850882 844349 806120 847731 788452 814357 803581 862362 781809 799655 834374 797459 833682 843609 818701 826012 779448 789170 828379 776763 817751 825530 829720 788325 813970 857737 801373 787673 751743 809429 813510 730487 823636 801562 822232 796663 788237 816715 790925 793015 796690 812229 737258 718462 787002 782460 748490 802920 837837 823014 781205 801840 813645 770948 861986 785228 829302 855558 851321 847883 754723 794855 819467 838405 773186 837460 868179 787706 793362 812739 811545 829121 782719 842712 777187 765992 809541 787000 786273 717594 849060 790813 800050 769511 802268 863274 773569 784302 772240 798913 783451 847360 783182 806533 773928 817781 741529 814558 863918 821995 779786 796937 805371 859734 783494 764765 781003 786133 794741 779836 808134 750572 833840 785330 843671 789625 835377 787834 839973 775557 803282 774726 772937 792571 851820 783572 721153 811503 816485 806448 812155 781940 838398 791112 803703 837026 768684 812418 775301 802011 788547 797643 804756 760609 800587 858582 794764 763419 794471 847070 803004 786294 769622 775008 824389 801634 787496 821807 813183 829621 810331 794413 847804 819745 804829 787258 823698 801400 756538 809141 742252 768019 809333 823224 800349 828682 774120 814666 780327 819059 784730 852168 780824 756097 762167 726822 837294 805659 751855 802028 786182 792299 798437 808177 782352 849319 829205 779625 794702 791248 809997 794312 795451 786260 788869 810131 816904 830104 759364 774613 821727 769048 757551 780217 819919 826360 859285 795137 813731 846197 810445 814241 822274 806970 774244 799441 813594 807522 789620 791452 807257 719014 746139 815300 847231 833254 895703 789488 794276 829322 812664 817010 768719 802335 850188 795260 723535 769150 757432 836366 807163 754976 805487 828981 770631 784653 759864 807096 786135 817858 
772187 768532 798703 770029 762043 778475 805062 758359 809640 764514 807508 818234 724441 772540 752056 789316 797541 752939 714214 817400 753294 748734 752185 755295 785173 789137 792666 764975 773424 776754 741142 755913 741505 744546 773002 782148 820517 796251 735412 707662 762715 758008 737047 749870 811038 793014 780844 755415 778495 776241 823493 770592 827710 819027 804588 803108 783176 805818 803960 748233 696540 761445 766943 765964 756615 774695 781087 778940 774981 749071 809629 738982 761097 820370 762498 801463 810397 764220 832497 777291 768393 778137 776600 763728 783119 843210 778260 819912 800780 753333 782575 745128 751197 784064 812267 734697 770074 744798 773264 766113 789541 828249 763862 830491 750068 835695 803234 769193 759589 701671 738868 786228 770437 777513 724901 823370 790630 829715 792779 820928 775972 775211 752936 798948 756827 785800 788754 789547 775296 811754 822900 781017 749145 777737 798325 744215 784457 826981 812388 791147 804602 825978 754969 775039 724481 775274 797968 743502 819462 777891 807043 785402 764039 774170 794321 743412 805950 805550 750143 708435 757796 757057 765283 782674 826464 770273 783768 754471 770977 736956 800012 764237 773232 809931 823951 769789 787088 787064 777947 801089 757850 787564 828517 792135 799407 772758 762883 790199 755127 811529 768839 752325 758469 748772 773079 690627 776913 774959 786849 761848 768282 799771 771116 732994 742263 798732 734161 822640 745275 778005 754106 789594 752780 744175 850522 778544 756098 739051 757340 822959 783262 739757 755707 755784 789812 741699 785654 773008 781242 738204 809626 754749 779159 785404 821480 752563 777107 778032 749409 776366 823492 774221 731189 804887 791471 779092 750736 740001 807685 787284 739263 821119 745678 793535 745646 784228 799718 781820 790871 734687 769861 828896 780416 759118 768887 770618 794195 740265 759738 776527 766564 738806 758821 799396 784072 768416 771503 797336 818581 817027 766366 786199 818027 795700 740584 762146 702239 729591 762873 789483 770733 764180 790057 782448 774549 762622 773512 818631 769366 742375 749772 718344 802009 816027 747397 775791 813646 761620 767637 777987 735639 797402 821641 755889 831057 808098 783006 757083 747934 775271 758242 793949 801849 803431 748356 726688 787762 748232 728214 766405 802824 766766 823626 771369 794086 810357 773462 784666 784988 773661 766003 777734 804855 796599 767631 742491 786859 703039 724583 798848 807615 813243 823051 751378 799099 777097 828559 770728 771353 754108 777904 765557 745071 732711 762998 819676 769689 753936 782963 766321 771565 766977 734403 773175 773817 823123 
754399 762769 771956 718712 739263 766243 782128 709134 758961 783565 772855 803532 710616 767952 779504 767780 750082 735982 684546 793849 745559 736950 710743 714816 791767 773873 743254 728866 720333 732878 730837 718970 743196 736214 783395 767812 788748 774221 754723 725307 727606 734165 743321 734534 791933 779198 771708 734741 755413 745302 773299 769456 753577 794534 723261 755686 734427 795744 802856 729904 715373 716544 758865 777423 716059 781116 745371 772138 770650 777003 782357 720805 738060 802222 734982 799062 798596 721204 823811 781291 752715 773227 774764 740163 752151 814295 769575 794881 770566 749821 728947 742208 738682 765478 772896 728294 771578 757039 768799 773061 741346 820479 739960 805432 716966 800666 790196 744850 724128 745885 732757 806163 758578 773228 701924 794212 761600 800806 752677 797473 769072 775002 780750 807959 719719 751459 783504 781021 753991 778140 776394 760583 734630 723178 786538 752083 775116 789143 789542 758280 783120 810587 740681 741975 725911 757606 780153 720544 813247 780040 749167 784097 728484 748821 768763 735819 784122 789167 717884 726221 745016 738412 760076 720244 804625 766013 751363 741147 736770 736046 810475 767997 800106 797416 808326 786168 755798 747833 785147 796175 723434 776251 803414 754755 737311 745328 785464 803949 702323 785957 780774 773309 762285 739746 703497 681776 767640 737967 806590 725697 745166 824871 747735 737706 753909 752250 712163 829452 766873 759199 739028 743370 734862 748683 828003 752340 711314 758586 754859 780306 720619 701140 706368 730644 776524 729536 752617 759994 755619 725420 772135 750482 788700 766694 762539 720419 754533 752465 727813 766407 795829 724916 690679 764275 743531 793155 730590 730873 818789 769537 745127 794544 727520 758423 750049 771836 753502 785246 798462 737067 758274 801930 735707 759779 771518 786812 759128 744177 755640 734966 717346 725342 759588 773259 779806 770791 758793 775532 798234 799203 760407 764875 792795 770015 700954 762037 720585 735609 732814 775566 766071 751830 791644 784024 766199 738978 740789 764175 763476 741288 722611 707970 772171 781832 742773 757979 735160 754875 738434 770344 733488 805699 790721 750606 753246 751383 768888 744549 756727 770999 766245 735834 766943 766365 699221 718916 775267 756563 740977 771615 765754 739023 817620 749936 756894 774774 779731 766710 747491 742423 726250 777547 755026 792044 740994 716284 750208 705078 708966 771656 786730 797531 808669 753418 780391 770350 764436 768937 736381 763212 782465 748876 709629 731519 725732 742337 741079 743876 778638 784639 734886 738078 754574 791848 773241 799156 
768205 761511 757094 756875 764568 751633 790447 717437 794383 750770 791525 792566 739168 752477 737406 760463 764940 717407 726049 788297 696297 737684 737163 715466 780690 769230 755871 739014 771558 731617 728333 714403 724962 739718 742182 783730 814030 808493 722743 708369 749026 731798 737545 766913 777588 751880 722203 761292 736181 718477 798118 765518 795599 780202 764497 739787 723550 792556 807112 739846 721538 747750 776608 774226 737539 765254 742280 786299 761218 752443 789700 717332 737865 766628 745273 781452 771468 711359 795070 772851 716797 752433 765412 717362 753835 811436 756581 796957 759871 736837 726966 754087 753155 767996 781142 725969 725371 710121 730325 757497 779987 788166 739412 806736 733291 790757 819831 764302 734123 741459 724414 781045 757071 764980 695702 798978 786492 812037 744358 789556 746443 751207 766994 794961 716619 757918 746385 741045 766578 762099 791601 786795 705523 741415 791998 736792 750742 785551 790349 778668 782944 818274 755156 763323 715883 732472 780357 695551 784278 794485 761915 785955 760896 758621 779029 750824 796278 808997 745959 713586 764816 769339 742464 760058 787367 768282 735160 714570 763278 718342 810321 732645 780726 792436 823765 798700 734765 773545 772640 795000 737359 755722 810940 774853 776780 749859 756778 777152 734171 804127 727419 704965 754956 725569 746382 699482 769752 752173 800566 740258 763546 767361 741386 709371 751062 777026 731543 810884 732007 760428 733679 780177 712325 772220 813018 774082 737088 760527 769366 817316 714718 716756 739311 770330 760765 728076 774177 759931 809445 750448 800363 751046 759363 760890 801869 719875 771055 747348 705029 760581 792936 762555 712174 779478 734011 760049 753314 745233 831461 763568 743501 789019 732621 774557 761636 768829 741941 771744 759288 744399 753915 812926 766213 738738 717161 772588 764500 739650 750404 794365 717405 720794 750215 776775 730059 784323 770762 757031 782260 781339 778894 734457 767474 777953 684659 767501 727325 724306 721901 778712 755089 746610 756892 762724 756799 776458 751180 808773 708781 705036 764211 697635 784513 786724 737063 787934 766693 740393 756897 783379 739511 770182 812924 748500 753417 762518 770951 753360 766557 735580 737813 775455 771696 778734 718580 707344 765272 732546 746003 761125 762974 732902 804962 747689 741765 803552 796816 767938 749284 753820 732258 726236 754757 793966 735450 732028 731932 712719 683895 751059 807583 788779 784135 762364 770049 795592 812088 796345 747083 760734 790359 755599 697243 753059 739353 769627 741019 730256 764899 772600 762954 760118 693342 762787 749872 818136 
862029 870702 860557 819301 856538 844778 895992 801097 874529 880409 855941 893875 843028 859311 829013 871496 814719 804417 776030 894004 787434 839187 834442 835496 854387 878900 816965 845860 837088 825433 809842 832535 829017 839532 883720 866406 886798 883761 817465 791275 836149 839795 810545 834940 869356 835699 825878 825920 849083 828389 852234 832810 847330 909885 834288 850883 805793 892595 901491 836552 782610 838377 829026 828635 796540 843634 827899 864067 854430 803011 887569 795529 831052 883622 852029 870936 861188 805343 893125 881257 820718 849082 835514 828561 823289 924123 834747 898845 860081 856709 837901 812478 807171 875848 869359 786267 848688 818772 830641 863810 856389 908108 823962 941859 837826 880334 874428 824927 840831 828307 814129 868871 857129 847880 777010 883065 882303 896597 850886 911980 859557 848751 841014 880740 820102 849632 856038 822462 852703 861950 893246 842868 792920 848420 874896 843634 842682 904109 885480 867238 856676 905623 858525 833494 808394 853707 858971 794545 894733 883199 851287 877488 857157 804623 851081 838178 858316 886540 819739 774782 847330 833561 801930 851490 899137 852460 859480 812444 848887 802275 898566 813473 866806 878589 892233 872341 809062 850323 878618 891963 824081 866310 899877 853217 832062 821681 844080 868648 805190 870089 812899 835439 823259 825828 836168 785932 867325 835595 884238 825503 811351 858825 803439 810293 823749 833112 787775 901545 835472 853768 822745 860771 803203 854791 901876 842568 837226 835622 866730 883651 848039 811116 852374 864516 891189 815279 846339 843183 871685 820822 908832 843799 906939 846816 852114 837589 878227 832405 805082 850551 918322 825580 777750 868755 820720 852121 839428 814888 893611 866735 828020 877281 838876 856662 825020 843215 850456 840181 857542 807518 852554 852091 808895 816265 860442 894378 873875 811654 837209 857024 802243 785960 852888 862506 845431 867325 834528 877190 889907 874748 827298 836069 861240 867196 803224 873012 794759 810205 796831 828576 839134 820895 858540 868978 841728 850579 832678 869570 865617 787220 832738 779442 877235 857192 808818 858061 865664 836320 839328 856567 821788 874958 860906 863140 853402 824407 864864 829823 827364 859451 854718 865296 862045 873551 798669 788836 875660 817673 821367 813446 856570 833558 895971 854261 851186 899933 859950 854883 831586 815518 789065 877537 858369 863243 822538 843630 856693 800773 779083 857007 871715 890478 906912 839823 860719 828746 882967 852920 844152 818068 868439 872893 765165 805284 815729 868290 828235 790631 857119 883202 827930 844770 820316 876978 847671 875823 
835697 823912 841381 762822 836108 806609 838210 791317 846716 820948 852004 861410 781040 835434 801405 807186 811069 817967 766106 866227 804770 811816 809158 781026 834197 826701 800146 775782 792750 790752 798081 814264 796234 805939 841715 868324 871855 871077 809662 778752 794723 814162 803157 777478 866489 855474 832197 804049 829757 822896 871611 793520 859483 846304 841378 842485 812385 872541 854282 786464 740502 815562 838215 855999 775211 818090 835482 857181 817744 833708 896904 786614 780397 862051 825989 877085 842731 777891 877353 867537 777664 856615 806117 823698 824643 902120 814177 866533 844748 824033 826081 804719 793005 820753 832955 759583 856573 797329 799720 802953 843588 876692 830695 865510 810850 864663 865841 813457 775648 813110 787949 852182 817413 823384 773970 854780 850136 872710 830620 856159 860641 854806 816708 900011 805235 832403 812205 814989 855289 859785 860578 824090 813831 809121 845092 779859 854152 875720 870272 845663 827392 865329 832442 835215 763364 787534 828325 809650 877272 833245 840476 856568 818821 835020 852192 823592 850425 870160 796555 776186 831893 837998 797967 827178 865474 839674 803149 815258 792592 800058 870681 844448 864444 863493 902154 832591 813361 839003 814163 886777 782617 873034 883597 817048 822833 781334 842745 834959 786800 865364 822634 799548 824213 789377 805739 784682 839830 844522 867613 838756 795881 891171 789972 790746 818785 824145 812018 869916 799041 825972 818643 835335 799380 826539 866343 820159 820227 822394 831522 853165 826749 797201 831162 872837 851811 823916 846012 811782 880413 809527 891329 803577 819831 820196 859224 823840 826225 832546 825131 830138 884651 809856 756815 840242 823500 846384 809009 799750 853598 819193 817757 833528 812083 858832 818789 825513 824884 856025 847213 791298 825948 885918 867452 819042 849293 846009 839847 782404 823641 839679 806001 778656 824429 842592 837688 849496 843159 786506 872824 841984 802481 839554 857328 841944 776956 825449 790809 778586 800160 866762 848343 829784 834302 843874 799610 801791 843562 855279 829206 775561 842066 746761 840369 842778 793900 790506 835039 831477 843832 827232 782267 838030 867748 828726 832021 836207 855807 821679 818773 845442 801504 820063 840992 857489 760957 767256 839720 816472 809101 815784 823824 827237 857615 821361 824327 877334 858414 838874 811297 812095 793997 804434 845829 817568 802288 829464 841994 748472 757472 824223 870033 895279 900924 837372 840633 818343 853728 859209 833631 803403 834673 825938 788039 782208 810718 860913 813041 797445 851666 874957 824298 826174 797146 836015 826694 865450 
832329 835614 853022 806425 817461 843763 885239 799660 866622 830176 861209 884136 794805 806900 833091 790190 832530 799770 793328 879174 802525 802224 811461 800364 865063 847845 823508 814789 808264 836444 814230 804242 828619 790927 811131 841036 867641 867039 835320 808549 828530 792705 795067 807846 871596 823805 807964 825636 847444 814012 851958 807941 855695 860655 820811 848145 824678 879163 865639 814796 763586 835494 842620 867586 814991 822310 841839 830941 841947 848123 873793 812198 834978 872453 791378 851139 856404 782509 876903 850052 813336 848429 813649 808107 791509 917330 827331 871588 830967 826434 826442 820620 797858 819010 858388 794943 857507 801100 811526 832536 824128 870582 812957 895310 802213 860453 869640 813333 835448 828588 801253 841876 863813 841581 768166 849509 842134 870589 829259 879627 817797 862043 825597 911021 815038 854468 850546 836018 825554 812694 864922 837722 821328 797122 846043 813905 839434 882637 888650 817135 823735 899565 828400 834218 803896 839071 851910 811377 860755 861467 821741 859096 820576 802656 845403 818496 879502 869420 804610 753554 831682 829656 801161 820704 873255 847308 800657 800554 810458 787490 872006 801538 861884 843591 875343 853745 805726 838988 852154 901200 782934 828187 881415 832041 828014 790038 859973 847637 772996 870881 817494 801622 817015 796496 808918 774709 811163 812975 889575 812227 808326 868497 779126 758258 810127 844158 798246 899676 825631 854695 781693 844681 780944 833976 902978 811528 808998 823162 859744 858403 823876 792995 804045 854033 829713 811368 844720 828166 886671 815795 867612 846708 883327 844203 848949 838822 818656 863810 780465 828332 874697 796685 750048 861449 811056 831772 834542 823544 900012 864094 821567 854162 801012 845836 817422 837542 834369 846433 848220 815876 857111 886303 818368 816166 843552 858910 844418 800481 819697 830093 837870 778569 816577 847896 826172 865922 831309 833090 864692 851562 836041 850577 856593 863383 825920 818871 765978 788736 805044 858294 821523 840946 856319 849862 807201 814392 840228 829610 821267 793258 809785 768129 841853 841137 802282 836737 807547 844054 856027 854427 788312 850529 870803 811929 833864 826881 848602 810129 810790 816094 823383 857461 837880 854710 789773 789379 819193 815039 818857 859505 837546 797692 884052 816718 835246 875515 860202 867653 828446 805927 784501 818663 826150 849720 835764 811607 832230 773615 772525 854437 859258 849444 869160 826173 860400 852716 863814 833682 845668 813126 840509 840152 775343 807231 799353 882478 774350 808477 843878 848013 814459 806148 801017 851864 818822 862155 
801358 798783 810067 782339 805648 775804 824992 750160 815484 775822 828763 828137 741029 809021 802813 771773 770147 738561 743826 828357 756591 774326 784492 749446 829310 801342 790594 792880 748001 787210 767643 757174 748229 747681 783405 833243 846519 829249 799125 728785 793145 781824 758115 780953 799918 795880 786953 762946 792302 760284 812630 764923 810643 821339 782909 840223 767749 817785 839342 767579 717227 797732 792967 806318 779090 774446 775300 799623 810820 748202 850266 747682 780908 787699 784167 802780 780110 770106 832724 804715 745936 775031 772404 753860 820451 838028 792637 826064 812120 802788 794936 770456 764726 809062 819586 740523 785830 755893 824205 784215 764638 809977 773482 864860 730065 808682 804826 777012 793457 773441 734603 802613 758785 775994 716033 843877 807656 803500 777637 848308 793740 773958 807217 837441 753021 807869 794749 757474 780520 838295 820805 793093 771747 757967 816302 748622 797774 815824 806056 830574 806506 838410 798129 805649 753777 774498 792121 763102 828553 785878 769257 812129 769842 764839 837806 791469 792058 840340 738049 734558 782756 783353 779748 787665 827064 796591 769452 779506 781070 772664 855199 781303 818319 824871 828107 796847 778644 790561 799225 823041 759998 811608 835296 794028 775299 753641 796179 813840 769855 840504 772436 747856 752085 752857 783011 733646 789570 782287 828818 797079 784034 836713 753932 750400 753086 789230 729846 843354 787287 778375 771927 793313 756898 805582 839319 780534 781483 793758 804569 806438 743898 743220 787561 776157 784885 741496 802836 759059 829995 755279 820675 762620 786989 762625 814196 757865 787285 767568 729811 791958 835784 770037 726729 791962 825471 802029 804187 777641 858126 808155 756318 810153 772070 830001 776179 788271 762648 802995 804006 778299 777847 839351 794303 760049 812850 805119 811351 756004 753213 788799 794555 759940 782214 786472 761983 779040 807986 778482 823438 805298 773071 783246 798211 780485 733649 784435 729430 740719 775821 786523 789654 790367 806842 820651 805934 800447 779236 825322 759093 745236 762000 734314 831435 836027 755565 756057 774902 758113 795564 806064 776072 808157 847439 812477 820238 796511 798067 778573 780637 787811 779305 790660 821401 797023 726900 724671 797647 760246 758536 782474 786587 774173 867420 780698 761137 831369 836031 788788 785187 776510 760117 771427 769448 802549 777631 776982 798336 726772 742869 788709 809259 839639 850760 767933 779407 800329 803488 801648 786881 796061 829058 777289 733221 772701 795459 810183 771295 751287 818768 810272 800279 768349 744092 808452 781518 828538 
769198 761385 761358 744137 739330 785591 791073 726152 770431 779627 802405 781221 740981 775809 757222 774781 765515 726488 726726 803396 749847 750695 730144 727429 766843 775051 755889 759891 743061 758160 727048 720360 712367 744597 769762 788426 794938 770697 729125 721826 729514 744225 746696 731522 805001 752436 748957 737566 781545 736923 818022 745804 798445 796438 755940 762986 737494 797325 815446 734634 727980 756934 764122 762951 747538 771026 766685 776522 780741 758815 817173 727450 770281 793234 739655 800807 791940 724309 816462 798022 738318 769519 743667 736879 732582 822608 739335 811685 770055 763530 742422 761794 758404 760097 776560 687438 777297 713709 762186 760961 811219 768859 781436 850236 755220 789495 800559 761810 734661 765289 741425 768324 758307 767915 753043 808720 827483 803752 757742 822687 783684 772901 777022 831187 717103 762665 773068 751847 811150 813210 777947 782407 750889 761469 756938 745072 794922 806795 814170 783243 755812 805245 767116 768946 710579 760229 784371 740130 774627 795292 786312 775502 756265 781712 755970 745409 786998 794896 725167 717834 749223 773626 744871 751769 786527 733025 738568 741671 741942 732186 803783 747130 822886 804592 840143 813188 734117 735539 771961 811489 728060 774930 821402 782375 781334 769044 788160 755515 739533 824901 759790 718462 783676 746418 753924 722124 809114 748697 820671 749388 747241 792781 770628 732617 761246 759168 747911 832479 746649 788955 721411 756305 732022 786697 815406 760344 739127 752682 779517 803309 744525 714423 765411 783919 790608 733463 777270 768934 817751 761053 812094 737500 788830 780626 776543 767297 750845 767192 725063 765366 785872 756959 694571 781279 797391 771495 763828 739069 805101 787598 732026 777716 746710 787902 751150 757309 763651 786124 771612 759735 754831 828578 755242 763813 780221 786139 774740 738362 756380 782299 759392 719844 757769 799836 756190 737507 792449 764367 788424 796700 767791 759451 784797 760408 722975 771630 720351 734221 751126 785368 794784 755287 785419 773331 742583 775968 763924 779146 759868 731872 789489 696473 799753 787747 745857 786748 759343 764845 766187 776424 736106 783880 797256 785183 748934 748279 791520 770942 769860 761279 763181 772932 776003 775978 693411 693024 791304 751585 762190 767964 774266 739302 816442 761615 738777 791916 774600 770648 758128 750090 740657 778592 773152 781109 760908 758673 766828 709575 709913 758652 810413 799635 806303 782458 799474 799057 805870 742225 771710 759788 807370 780250 728004 728661 741810 778122 743108 729619 778537 765000 758939 761848 736887 812009 754500 799015 
799064 799187 840543 785963 810633 844258 850395 748669 840325 833261 828655 838263 783695 819809 808787 804576 813688 786690 768067 863544 777557 792678 780751 775663 832787 814595 815848 810561 784992 802111 789651 782871 787871 788469 851001 836603 847870 874267 820449 749646 787099 801772 792223 804920 829653 829055 809464 807236 818976 802029 856621 779095 825533 865119 829212 806891 793674 849892 875371 813982 750932 798028 843262 833694 818677 818071 829853 848570 816727 844138 885313 770415 810332 877886 785650 833157 825300 774538 876759 830404 804109 818938 786229 755420 773564 881300 806830 860796 853917 804045 808263 803087 821798 811728 834267 766036 798904 779141 825223 806406 824482 882446 806268 858228 803006 861062 840618 790375 806650 793643 761038 859826 822685 816838 758587 871110 851717 840100 780842 878643 834220 797628 818184 864095 777936 825003 837977 800911 841033 856032 825375 838386 798557 789477 855356 815963 847945 877791 815843 801073 808787 860548 802870 832097 767315 802495 818517 801711 871924 810796 795088 847347 798159 782993 831120 828124 822098 831554 768011 772544 802723 818718 785319 812593 854237 803901 788080 827984 799741 774754 855382 803091 866804 870490 865051 820773 800485 788149 846415 852325 799341 851503 876510 793994 833981 806065 837859 803481 776206 912572 801404 778808 825942 787870 788437 755150 812046 806341 865339 824476 786031 849634 802038 775250 842466 815553 764580 862714 786472 815251 780743 838181 765327 828599 873787 803093 775408 813222 818757 840801 802039 756733 798415 828553 830051 783952 821512 786681 832303 798035 844022 847655 838587 810674 842698 813038 808497 803406 776547 817933 866991 794369 758809 812304 821032 837054 832231 809420 860514 799451 802912 852334 783453 821909 778540 807401 785330 813245 819254 800734 806556 866173 800354 796405 805415 857827 827632 789186 805946 816854 774847 797840 788886 846132 795742 834290 828175 819988 830306 836800 788166 807806 849740 807858 753615 805377 749814 764112 793550 823460 805508 811947 812006 844051 791246 818451 799886 858556 817736 782787 772744 771596 838939 842153 776837 798704 823432 791164 824423 844808 788574 839474 862245 825064 830596 815634 836590 796479 819165 807545 786321 836485 846074 829971 750013 787940 827014 789465 788669 817600 804672 803015 850198 840709 801951 867083 846101 841063 792041 792224 804447 807518 809410 859001 814202 809580 829228 758069 761447 825189 846114 839959 877111 809027 831784 837618 848933 800125 813716 838864 823771 825018 802605 804394 783059 841225 806348 803275 814054 840847 818601 816032 780361 810841 809678 873250 
852639 863646 835979 840165 810718 887911 872727 806603 879920 840665 894479 840827 807701 846837 860839 832162 855951 838477 788492 867423 820785 823423 815141 813852 849319 886921 832966 825340 812052 829189 800591 801813 799322 831188 858107 845551 874663 863896 810220 813285 800633 833465 814326 819071 877341 851052 805417 828171 845043 784228 876092 844429 839385 854373 833647 826882 838896 917307 899964 809098 777310 817910 854554 849901 845046 834643 831247 855842 863799 810990 876382 787275 848457 905167 820269 876638 877193 793537 889036 903639 829018 854231 840279 807481 823578 911564 828298 895992 875400 835196 822650 842390 848808 876304 860140 776417 852239 814305 858000 850368 849500 900446 833860 908138 805938 862287 847189 852342 840090 844472 811551 879624 867196 866402 788531 905489 896077 870585 857057 864364 831614 832645 834250 894279 821644 860802 865043 819966 847576 850223 854703 848019 815474 832610 888679 815987 868547 874921 863110 847505 854050 917981 845600 847213 809412 821756 876473 806989 886202 860088 842543 842816 822035 827581 856215 823254 819270 855693 820703 786572 833924 810960 824353 844897 876188 852223 840759 838571 854007 814920 871279 835873 846295 877676 908988 857622 812056 828477 853203 873864 804694 871730 910330 832589 854078 816756 841852 846056 807745 864572 858143 810975 842061 821512 834795 785715 838603 841142 886906 850281 823874 909721 801028 789088 833899 869930 814834 898626 845267 851655 789922 867621 788720 855129 913060 825308 790846 853743 831544 882564 818527 805294 802860 821273 878096 830406 864745 820432 892192 823134 903739 843137 829458 821713 852127 812205 854917 827758 803370 847538 899983 824880 804686 826279 839479 879050 848674 799029 880624 825507 837366 875011 783511 860958 834702 830477 848628 857975 856277 837792 867837 886455 845243 801364 833197 889325 866987 830595 830659 841123 837938 785698 817246 838868 839329 860272 858061 840721 864366 877689 828428 819080 865813 831861 767405 839974 778234 802672 822278 839008 900005 868618 847687 866044 831967 852682 838340 870257 835615 793598 824807 787500 885788 892195 834483 844306 860035 816653 849220 852258 827437 837457 903616 842559 845264 827767 884908 846451 836908 821430 844565 856520 885184 865308 790382 777100 871257 812619 792860 839280 839241 866504 888215 825732 878721 911681 857837 849060 816400 822189 800381 849964 854874 862304 810674 802205 835123 777699 779370 846760 910157 885957 882133 828462 848649 841185 896556 895170 831946 852947 879244 814227 776738 818271 835661 846590 815055 807391 844719 874904 836063 860010 831589 840565 820191 867604 
836884 849222 819202 803815 806112 823940 843665 787738 839552 809355 851690 833907 783348 816003 829948 801104 822160 769576 760579 804060 815665 793530 775962 782139 806193 850627 798121 810907 823184 763774 794207 796686 795650 836404 802422 829651 847710 862326 766004 780073 810536 819884 804433 796430 856778 839384 777310 839827 822013 810595 839259 816520 852518 832229 829328 839400 824859 863838 841558 758107 773060 797815 808287 840145 789504 841802 837972 836090 830203 771603 873821 776854 805704 888869 805708 874794 869297 783420 877209 844014 803432 867858 807014 803848 806090 913308 816903 829660 834493 791602 837641 823082 827315 834069 868338 762834 843237 821543 853674 814626 830835 856914 792731 893171 809655 848135 838808 830262 808116 771514 786289 837102 819849 838634 783035 840051 836708 839969 837129 897942 808596 816346 812190 896795 790499 819227 815369 817548 814984 871663 864238 828704 808807 816902 863740 804677 825604 840273 819852 844300 854171 870554 830227 801504 760834 825829 830797 813124 864860 829951 812973 816137 797694 824949 846441 795948 835278 841720 767333 770965 820204 813060 794361 810495 871612 832664 811807 804029 821794 790461 852067 824925 854448 839522 898266 829052 798200 839015 853091 859194 802503 843136 866559 832693 791705 807004 824746 833143 787281 851997 835499 775410 803281 811815 807110 740012 863049 836173 854561 833121 813453 878052 827338 789770 809828 838740 782326 857512 829199 837709 794357 801503 766847 793014 896549 810020 779863 826179 854322 838666 780484 763794 799464 813546 818964 782892 826146 805648 835444 778683 869329 827974 829357 824729 848946 772524 801380 844077 783381 807671 874016 800375 736293 825999 839824 830220 852398 809046 876284 826043 770957 867264 779931 804117 770170 825243 816944 840425 834441 809917 778321 891068 823486 823468 821154 847424 843360 793783 823930 817592 809091 816667 790672 819485 814090 823674 818433 835899 875217 861683 825565 811422 859981 816240 754359 832978 775810 810637 811099 803130 822532 805718 843222 841404 832237 822086 812340 810139 802726 783520 825973 775993 854490 852617 795438 837550 799895 780581 798547 826549 767498 838414 837651 811619 804803 838297 850553 820383 810902 828175 840217 804179 837471 836267 748016 802711 837815 783018 780155 821146 808451 818497 864033 790246 793578 863837 866857 817346 803001 794689 809868 803433 826013 832813 799806 809902 823524 767567 785501 829563 876661 854068 858182 784305 833033 840887 872079 800039 796821 812023 839451 804763 759829 747071 815159 851830 815437 809252 825548 842229 786139 796227 798704 834795 835299 863924 
816947 825331 822257 770575 821443 825500 868661 758673 829678 805546 828096 859673 760614 804167 839669 785175 811534 779166 737075 847026 796951 782698 784262 791617 825759 831192 784856 808628 776662 772050 787343 774917 833946 758113 805041 821913 862874 861359 762405 781253 793156 789224 782725 803794 832757 842899 798940 802174 783511 788496 833149 791574 824870 828128 828404 822984 800152 872746 834078 754197 729406 800072 810538 821070 803096 831194 821709 786278 785858 807132 806087 786890 764298 872012 782974 850905 823229 761324 849937 830728 781570 841222 804316 784040 793485 876989 791819 860265 814918 795222 786617 798616 788216 804013 839392 776362 810882 788791 822193 787185 802009 822006 791421 865525 801090 837411 845620 805665 789149 795049 764442 859702 796764 811640 726477 846264 815037 849794 800134 851139 828188 816526 791412 862292 813455 852597 821648 777837 789970 843809 873207 804859 805488 789746 849153 786985 805888 842995 839545 830973 838650 826529 785945 796959 747902 814094 837621 776100 835103 811559 788777 820242 800661 783608 814560 793709 827731 840172 735867 767499 808509 796123 776327 787812 863493 805649 782466 774167 804630 801177 876943 777257 843018 817487 862551 821546 788880 793694 795438 827739 759361 809312 864893 812037 816960 769927 836632 806379 760405 851749 831704 794755 784612 786438 796499 750310 777460 791597 860742 811464 787969 858197 777475 792310 823860 797760 760179 835188 806927 826930 793989 806636 772318 802120 851877 794126 782519 809155 822856 811006 793528 781632 794099 818843 784781 776433 790066 788994 835272 783657 860136 796399 821277 803990 838771 809015 812725 812912 783967 799236 856742 806174 738161 795524 827306 823654 830500 825872 854346 811317 774079 846902 792552 814046 788743 851871 817420 818276 848860 771805 802541 823438 810731 789329 825343 820620 800109 772531 792548 803580 780486 769533 810451 828030 793105 802273 784359 810738 844429 810074 776322 790376 827279 815456 749471 803285 754375 765607 789066 816346 793762 779959 814281 787671 827186 797925 811873 835891 781318 742071 794670 739288 801316 860604 790832 818608 772952 790612 800050 833192 757980 830128 860519 805943 830563 824374 832861 778077 816811 827283 808025 828694 806376 812694 759343 753802 811760 781798 793926 792709 788956 775277 876381 780902 798565 843479 805224 810997 796997 767076 787735 776843 806578 819484 813868 764198 789470 735240 773006 802684 841310 870263 878567 800167 828835 841520 827899 804494 789381 801954 839118 816550 775032 788257 822360 808004 809022 795252 831822 840176 805570 818686 772750 806349 814798 864137 
808455 791011 815287 746925 789188 827464 836412 759062 816497 817858 838435 824065 755905 821572 807421 771658 801126 777499 735316 824239 786800 784806 784612 789843 825887 834609 815308 807149 778557 762992 763217 787994 807276 769942 809175 827598 838455 827340 793851 738168 790242 799745 801526 771209 854200 819012 778037 805888 800711 801463 844767 821725 833211 833129 819765 830074 805685 874981 850313 766262 737392 771228 806389 795227 796202 813643 819776 788113 808353 773348 857766 752703 764792 818448 800281 823172 847738 761115 825846 811426 752533 806342 790627 759416 792900 876692 790051 832067 801442 813087 784720 792754 781783 800081 810219 749477 797174 769724 792781 811999 823386 846217 805812 873233 774257 843358 847820 791248 784407 801315 777085 794539 802063 799660 746131 833842 814483 861353 760072 836145 813422 780196 798580 818122 786355 829556 813957 774436 794222 810123 857711 802476 815561 766606 813292 779937 810304 823065 802290 812883 811089 852503 807554 814216 751454 798238 825976 769254 857051 802403 797439 794493 804349 788765 812948 805657 827505 824933 763841 752736 816454 814833 740426 798739 884398 809067 797784 747857 809444 770060 834974 791066 858659 819008 838364 822074 799142 781123 802168 850000 773134 821418 875666 817937 796139 779462 847575 815252 759896 871817 779717 742787 778023 788712 785994 746604 798754 821501 846289 765390 767158 853162 761120 771899 799491 815344 787319 862192 800126 786545 790949 828078 765251 830465 864846 780007 789504 800403 808682 843525 776423 770243 802581 826830 829141 795350 793923 800072 850427 800921 859175 816008 826693 768306 831146 771186 802156 797317 793088 835702 841480 770536 722748 850704 785346 796185 797534 779982 822565 797209 750286 847886 772635 807260 801323 817134 809033 812801 788496 752938 768342 835032 820287 781268 811716 824227 832159 757684 799966 805780 776226 786373 780609 778030 754443 804440 788990 809802 831979 821345 770322 774260 835141 801358 742188 774829 749252 767954 778264 796677 784286 785242 754840 799947 788602 797594 814259 828735 773252 781484 778585 766966 839383 823608 760525 813192 806240 790824 796296 813211 781483 830440 836603 785958 794487 804187 814857 813353 781306 801561 807409 797677 817863 819123 739536 749690 805519 782807 794865 802261 822783 799192 861586 812533 782311 822557 825371 806494 780676 797252 784352 792669 798706 825398 802193 788399 803232 758650 748524 807842 825911 814899 847466 814280 815951 822262 836955 799366 793144 793256 796187 817965 776187 765788 766765 810161 778999 797279 802382 841670 784903 794177 767350 766190 827638 839993 
813478 797809 831708 783923 806041 813431 845232 757862 818489 813704 820676 835788 798274 794823 807225 788207 786862 792570 740240 828880 772562 770283 793910 768448 828521 811487 771746 814730 775271 787973 779075 762001 791884 774483 797534 820173 810561 826291 776310 748482 803465 748815 796516 783909 826612 810952 810276 775073 799555 790039 816809 774731 814987 834995 786129 800534 777726 857674 826876 772941 734205 794886 816556 808077 766559 795322 828478 812807 778831 786702 832835 756923 785531 809642 763519 810076 829745 769713 853716 827394 791071 819918 799264 790450 782984 861816 802805 842010 812058 804654 772274 758968 786706 823723 809149 760337 801084 782698 821808 807382 816215 848093 795964 861257 802537 853122 824969 757462 765189 749360 787467 852834 791837 779995 753322 821584 826869 839916 791918 825897 803507 791860 790813 824823 792141 795348 809062 793412 792788 851528 857802 809307 763528 786338 822749 777662 796570 821566 854463 816219 838108 812288 797128 761474 775454 814161 797177 736484 817260 815270 774900 821862 794345 811094 813350 801803 827855 832417 785836 727228 799800 777424 750584 784017 833335 810754 807213 796069 786161 777215 829749 809129 844546 848457 861281 808769 769453 803310 818051 885351 762635 818227 838610 808046 786969 790495 815907 802092 786337 842135 797747 756996 789533 794851 760710 735443 797816 789256 824490 832403 785759 840749 784341 771571 827982 789644 755613 832119 782286 781202 782813 827987 757494 823517 879992 817373 773766 767676 812464 836631 793343 763176 746727 822546 801408 764176 826386 775844 832948 783384 849679 811407 857406 783982 826044 794348 789426 806160 766399 797103 819498 827057 732730 820008 799084 815565 785124 791986 863670 831714 768671 794135 797647 813294 812504 813692 802557 818932 807505 783183 836195 836788 772334 780611 794337 812260 817229 785502 779112 807051 785313 764165 784593 806050 793888 799819 819896 806181 816768 833352 822232 787135 818283 794883 764287 805626 745727 755708 825597 813825 813640 851415 783105 820023 800414 795612 791577 834326 789862 751749 777524 724508 829730 815281 782590 796118 788960 812064 811327 790291 752944 838748 851873 806167 828753 797388 793088 765410 780651 786273 792208 790832 803084 831524 734804 770906 780987 776459 775062 802269 812928 772079 874616 795817 821613 839885 818224 791725 794065 774535 751777 789305 789621 820402 792529 779425 821917 743747 768426 788847 830624 825493 877084 799279 828759 815548 836592 813168 813222 783196 822750 775228 756609 756803 774251 857888 775862 786145 795043 813644 762655 803958 778745 816703 804266 826278 
821548 780382 818165 759971 766662 817921 817490 748252 802780 805664 821485 789890 755674 781120 816922 790386 792014 750869 727260 809741 751337 781395 752647 732342 811897 776193 765667 813678 730110 766997 746128 717348 769596 742593 809515 799476 787333 814114 753562 728521 770552 788483 793475 782211 803054 816736 749694 774174 777943 774361 804955 803600 787870 818117 783800 790064 760418 799930 816652 769337 715168 761971 764099 794789 787074 817662 805142 783177 796129 805203 803578 771703 785110 800446 761193 816622 781414 754671 847976 802813 775945 818802 766569 791875 790073 871995 782018 834019 804088 781787 767599 782531 766379 775119 789977 724072 777316 774785 799683 794671 773017 802564 790325 834647 756898 817700 812845 780300 762564 763134 759122 835135 769318 787783 725789 808324 800487 791824 784089 820156 803389 785365 790267 814658 750709 804963 778712 781837 791402 824806 818778 801241 787942 774270 810615 756075 799388 800327 837870 770301 809132 813752 791130 789580 742043 800126 816105 745198 841286 782247 770159 783705 779492 759361 784773 794397 785236 821765 748399 734123 790500 759543 763828 780697 853002 764875 761917 758494 769449 764673 776505 777700 836687 801688 855855 815069 771360 787152 791407 826107 726755 811494 859062 772823 769279 789532 783166 808842 740016 825267 768806 772752 764820 774627 764421 705081 823269 773045 806540 776818 760542 805076 755433 728327 806687 801053 742041 881811 789865 777470 737087 798585 720735 807414 860426 801864 752566 778249 782890 804282 752241 731363 750866 763836 802918 767391 782132 764983 800478 767310 827487 803051 807078 778473 789105 755084 759642 779127 727040 790526 810824 761090 723494 784870 839241 822184 784699 773935 839769 770918 771473 825101 741835 823720 784025 783544 794088 804194 805318 772996 761116 855510 776675 757606 771039 825899 793878 759571 809658 784563 788199 749123 794206 808534 771142 794188 796266 788204 808627 804515 775003 763219 785098 766410 738865 789571 731292 748688 760885 798612 767486 792490 745846 763559 774475 788762 761532 832762 759250 765185 741089 706462 809410 824534 761155 786494 760094 752348 764400 809532 747839 817773 826466 808568 794822 791612 799114 778492 775022 777264 794455 779345 799989 823608 709599 738892 789240 790064 768355 783719 800966 754767 796553 794676 775394 834562 785053 801267 783777 763195 749385 778417 799013 811818 758142 748549 767580 735915 765640 789627 818607 788926 847573 800769 805910 795469 798117 787026 799454 813092 797255 785371 722374 753846 781051 814264 728238 749092 792384 796344 771268 766214 744463 786867 775990 801200 
737260 759123 742590 757012 761613 782737 787480 695185 769665 772906 799287 808901 726167 785037 763674 745912 736649 723153 707435 795113 725549 710895 725336 743634 775465 760860 743386 738936 761451 741063 748317 706234 738221 717475 755645 757613 788461 756059 722100 683344 741602 739694 728246 752638 766060 764777 754144 729113 737232 737457 790955 772367 775308 776205 785503 730453 746244 772301 788876 740676 718132 738309 753234 737871 742733 759603 772585 765410 781207 737086 763528 721100 731959 759040 748907 776776 751611 715381 777687 772320 735123 758689 724508 715422 761371 818105 748274 781356 784648 758301 771040 718387 727361 760369 764572 692020 754237 694907 754573 762056 759663 779748 732665 825017 757039 809183 775866 740299 782550 728086 719474 767092 739326 740429 706091 775425 801531 811497 770760 775170 773499 746942 739936 814693 732879 754233 769406 741607 739711 788257 795592 781395 747127 727066 780564 722512 759908 799976 781773 773843 790578 798453 735282 746275 704238 726068 780346 706723 782083 711518 750958 784660 749996 737166 757601 753276 771942 776868 731810 710918 750863 726292 728607 743683 806507 757983 756666 698903 772294 717447 797018 752918 778535 758371 811804 762921 722184 771510 753285 816655 733765 758851 821282 759844 789691 746683 729344 774619 688187 806155 743492 715492 749618 733104 750051 700815 755526 754254 784991 750919 742352 778679 718923 729462 766051 751095 727599 793511 732638 776735 740934 766374 716447 768931 820443 780857 730946 748566 736700 798821 765670 728810 730607 738412 784815 696083 779765 746943 776348 749734 762871 763858 781831 757849 764391 750149 742803 733757 690167 758620 802554 733830 717972 768573 762800 751987 749502 742271 784502 777615 715164 777519 703893 763380 727974 755481 770169 755901 770582 745521 755297 761044 743842 735632 737028 751794 770397 716736 734628 770488 750834 729717 738514 768737 698433 718317 760639 749564 810103 757491 715056 737716 791375 773697 706329 750381 709841 700190 737765 783196 749385 759602 764551 736466 738359 742018 763839 788762 744859 670124 747994 706816 731364 796486 701482 772411 757513 727929 747294 784712 716126 793068 793630 766427 794784 756294 759516 714864 728872 757424 751465 758500 787084 777985 692739 708770 747209 718346 714852 735770 742464 751103 814458 754854 740751 810162 764604 741928 762459 723263 738038 735660 736209 779868 736421 735279 771249 680061 722033 754134 786968 792424 810032 759548 766093 743615 784387 752234 756381 746967 764343 758901 728360 727781 731073 790873 763727 736866 778184 759753 738922 776141 727611 775068 772440 792901 
804873 778833 736010 759342 760149 773538 819048 723066 781764 753193 788835 803111 739728 781131 770944 767958 755325 753391 723261 792877 752737 773321 723469 772786 773479 765289 750319 768741 760208 760758 759951 745871 748806 773369 774818 785354 839321 802218 759619 733445 752740 784173 755943 758114 792878 778200 781450 754041 761939 747677 803107 776898 802613 796359 783918 776285 750579 817796 820628 760706 698547 758732 744539 779960 743631 792006 765730 782595 792215 755527 785799 748869 728734 786372 769982 801229 775338 720307 807272 764108 739907 776918 756224 743620 760847 837477 759696 818765 786559 755719 751182 748861 753020 789247 802332 732388 771251 723916 756069 766238 772538 797655 775022 831591 740714 801420 839122 795606 743690 776083 718213 780484 766006 765532 738244 803504 806734 825496 779810 818982 786079 781764 785580 794558 749827 779154 827802 758106 774458 809292 794774 797071 761701 753031 834752 747102 768643 810507 800093 785622 779767 793628 780703 787752 723081 759440 792050 718110 829848 772577 761714 765977 739041 783293 792953 755498 757745 809692 723438 721161 800807 756923 748935 767070 808446 755703 739135 771342 765543 739513 817393 778666 777326 800218 829040 808015 732897 774475 784114 817349 734534 809673 834670 772257 758911 755438 785259 767612 734048 823991 794306 733210 773883 751760 764341 710394 808571 758020 800356 768676 766145 799663 762568 746293 759684 775499 753849 821007 760027 791957 713811 782390 737431 752704 812441 780085 746431 752515 821785 804451 722900 732175 757669 783396 800875 764932 782372 756614 801033 717527 814947 769722 789365 740380 814108 769741 759400 758139 747217 747775 824319 768783 705572 785700 777594 776702 775995 783162 813222 738996 731329 830785 736292 771420 757843 778316 757719 777642 799661 778548 797850 847899 754939 703493 769441 782511 793616 750481 738991 757999 765301 764968 778264 784772 750155 780565 783759 777246 786590 785634 757528 771584 805708 779436 718439 756870 743914 735931 757153 802654 741695 790876 755676 765821 787027 782423 757828 793034 745251 733388 738894 686122 800313 778547 730520 786272 781751 784061 784553 783892 747900 811537 824237 759539 802344 768447 785797 759293 766265 742189 748114 771977 793868 783261 743269 712731 802275 772637 777728 798597 784909 746199 811673 742820 746570 816414 811555 782009 761955 724431 732817 766818 756006 772750 770309 786403 784576 721462 711758 754617 785620 808331 824882 741648 767002 790815 807981 748632 737146 749348 796809 792952 749723 738324 743918 767800 796705 753143 770807 806273 786786 749907 732322 776021 781814 794103 
831196 834583 816036 790130 815815 841447 861983 779104 841514 824249 837347 856806 786126 818450 805761 790089 837413 782605 788954 877534 770234 789783 768438 789646 832612 835283 771510 818663 763040 794543 810430 795637 795042 790462 851208 835507 841830 853222 778100 787541 803558 809449 792634 809044 834524 839743 795975 781670 799981 808585 861568 818198 816500 857066 827825 849665 808793 835716 851506 779692 741335 795029 825535 838584 810648 828492 841595 843056 845704 819266 869753 771598 785213 851768 813305 854902 827343 783537 867085 843884 788810 847473 803166 807894 814810 881307 774683 869603 839400 788259 795721 793271 791220 822428 809545 787163 837746 787423 816178 830174 815676 855843 769988 875498 797157 858302 841755 839949 797833 788778 787278 863238 819343 814328 761052 876014 870071 853108 805638 874276 817922 815305 822057 875607 819162 817153 849171 802567 847995 844160 858235 822744 781823 810914 850194 803641 814144 877157 854822 828092 826909 850858 817536 814646 781168 805383 859771 761034 865041 826479 816918 859713 788691 797854 827158 797799 820783 833418 787715 759481 793415 779368 777728 778948 860940 803374 832414 812948 808448 767709 848014 812401 847820 839886 900225 823314 781193 806482 846805 860661 762264 850267 900002 790090 797200 798563 835613 850982 749388 857492 845090 816775 837916 770193 771474 751766 835724 829400 849914 853445 788001 858419 800888 766020 836908 805968 788954 882310 800386 836955 813874 833756 781633 823752 891968 803441 814377 813679 802669 871454 810766 763121 806527 807011 847193 808047 830550 805132 845779 811732 848882 809925 833062 806150 866960 808255 828454 818899 765192 813466 857077 794920 755090 835339 834824 849269 813975 822610 858551 788157 781205 864792 771825 848949 804244 819030 803179 793308 838001 821168 824584 849715 834769 783956 832460 812967 831515 802260 815086 817432 800714 772386 811547 809901 808354 831708 829516 828312 826845 842233 817171 822530 835052 826440 756611 793303 781555 755947 789025 809497 819123 811743 823840 832920 841068 803804 844334 842739 817129 767792 787020 738544 831820 851497 791076 810598 815171 814982 828314 830289 775607 865972 851997 826852 822393 812121 823138 806679 793033 820767 827530 815957 854152 818064 784516 756835 830607 829361 776277 812511 819817 789547 844628 836032 832208 852275 837124 829462 804569 781219 805147 808860 792423 844757 802230 798158 813182 747396 774436 798208 848118 851560 876257 832667 843902 827816 833328 836596 811799 794508 823474 816552 770611 773243 797950 837669 819663 762177 830114 844635 803336 827943 791272 845818 846767 862815 
825885 818841 836429 821929 771671 842550 891157 776320 864854 839530 866599 839186 797050 785686 830870 820275 816036 792480 769414 841983 802278 774272 784801 797216 829926 831414 821847 821890 762772 766018 794702 794629 813646 794434 811986 825563 854566 861246 767823 756581 801778 789359 766224 795668 834768 824548 784192 784023 815791 770962 856395 828409 826899 862719 820177 797132 824918 841434 866883 822312 760017 791146 841951 806541 801415 837880 808163 840550 816114 800970 855799 756330 807419 851264 800643 833095 823532 777792 856773 829161 770677 820128 780697 782537 800351 889705 790588 882291 836698 801299 817088 793695 822826 838800 844059 744384 825153 766808 819076 811918 798808 863030 833165 874095 760111 843252 845779 813692 796405 791213 753515 833549 809241 809756 756712 859725 869289 850795 815321 847699 791627 793086 820043 855677 802567 829468 811605 793714 806041 863461 859375 846113 797423 798629 804645 795901 808402 826873 834528 808951 814131 851831 814325 804468 780062 832574 855826 794442 839671 827879 814251 814652 813316 794808 814103 784475 818886 854683 773434 759471 813805 802922 797696 798443 886536 786270 782955 774079 819283 776602 828986 792945 834595 850702 875946 825970 798898 824420 828211 864662 796520 851356 890764 830807 817092 793755 807337 788691 792830 883254 814216 770408 810130 812036 790929 759948 836105 803537 848041 789899 812071 873616 784402 800821 810671 808087 809591 869056 791745 808257 777112 844064 769020 815951 887591 820036 798677 825065 794605 843707 747754 759935 801442 803815 842736 778039 796076 804896 845202 796446 821418 795637 842424 816268 841891 797978 807382 787587 746462 817595 871685 805662 748724 830730 833819 816674 833056 820223 863878 826692 790867 849128 805329 865309 806951 811325 818630 827808 812756 788788 809935 863081 810557 792911 799678 818127 830963 791115 818588 846769 823778 819212 786785 805526 815540 814421 830875 787359 839176 842410 801251 809097 864716 815751 763577 883903 779404 755635 786915 802326 845174 802207 826096 805360 839307 830552 806956 855327 786329 775998 805214 758143 828413 832770 788876 824735 803572 791879 807363 842579 793526 834883 853734 800666 824110 838620 845054 810052 783230 813869 820426 843909 819987 841906 778050 761200 853621 799576 791777 792336 832512 809706 864139 816759 794435 882753 854035 810747 832119 790121 794916 787692 820308 811138 774216 802450 803661 775668 807448 824058 837860 836616 898798 816791 836485 829550 881646 787434 786736 824992 841257 805820 767367 778270 794820 827628 807565 803373 817554 863822 805406 790747 781053 796994 813306 847553 
782958 768957 824019 736862 742769 797496 782022 727008 783156 799287 790476 789783 745706 781532 778544 752884 771768 732075 709920 786335 772677 731947 760480 728831 783804 782437 770595 740147 743867 740565 771782 762191 748525 716986 754968 771894 791138 806065 734080 740872 732105 786916 760303 761720 800112 782979 746371 777609 772994 743977 810275 765472 779385 771263 774290 738415 763504 800088 840967 743247 682711 780106 784485 772413 768584 783926 757291 785883 759744 776384 816973 753164 751403 844290 759876 790240 791311 717060 834845 788496 753708 780847 731337 739563 737919 856260 766933 784035 774770 751698 761600 756357 759622 777054 791224 722159 770618 750970 745478 758149 774995 813305 765242 832564 740164 818113 828892 758428 735484 719883 724414 796538 748423 759532 716420 790928 817475 795804 786558 807894 757794 763544 742335 805133 756590 751592 782923 772039 752530 793233 841448 772193 727358 751680 815966 735401 769174 818047 791944 791290 774116 799466 766121 738981 694181 762824 784184 742607 823035 769956 757136 778948 752153 759435 772565 757853 753180 774229 750148 720062 775515 740187 756029 745289 820890 757436 770573 769536 749859 731953 778129 767981 803866 767663 821448 771965 704895 757240 768369 809974 743185 785626 811317 776732 779058 743470 814520 781255 712248 821968 772607 741820 754338 772238 773513 707691 792881 744505 812975 781805 727516 798669 746305 732333 768856 791619 734953 769639 746200 791198 725861 757379 728299 765388 832448 791553 727015 780725 751179 785532 731634 725853 757863 803299 803902 769931 789017 748388 809662 726002 824440 766994 792649 758781 793508 775624 734829 769330 699560 778340 828501 743025 718701 759125 763840 743954 745647 752092 835855 801654 741501 797378 726019 799465 779837 767033 772940 782582 784589 769520 767700 832036 763986 726127 765099 785423 770690 750052 770629 771220 755429 763936 757597 782662 744181 772850 774455 762447 789847 795089 742605 775059 775506 760331 697804 761911 745641 705355 733389 767618 733380 774475 758794 789422 768983 747480 800464 781894 758722 728801 739933 694664 801779 757529 742791 771420 766613 754055 780452 774043 720610 806606 801653 772997 761391 774437 779475 753116 760361 725925 775431 784179 785792 806138 679055 720877 776929 734561 735246 770785 753366 759138 781828 768599 751345 790378 816546 775114 732134 748246 759470 750256 769230 779926 736246 757455 790817 736713 719358 781917 810138 797150 809980 752894 796320 772791 792595 786213 791835 778281 779252 774611 733153 745704 741918 768460 754711 781086 773447 768638 784266 747716 755741 773189 783796 795273 
847076 824319 837435 813502 812087 837903 831886 794749 842701 862376 867844 857115 783531 844192 840551 813637 824335 782366 751038 829106 803654 809051 803998 785839 832697 837247 829691 834882 787315 794249 812608 785031 824281 783017 825103 846591 842091 844414 793343 786730 800744 827073 794682 808244 838732 833963 809568 804249 849767 816745 849434 816915 839631 845431 798751 831267 812101 853026 878688 776020 743713 796125 814359 814382 811541 855067 817553 842272 832860 829360 872127 785943 796000 876399 843308 855087 819655 769118 870046 838237 813730 847703 813638 817238 808823 917704 798674 851198 851119 836407 811895 825357 804517 824168 847743 759630 848388 797918 816311 800906 858666 887014 799699 894506 800999 845348 866735 802231 780550 799464 786802 834848 812971 830960 778690 849743 849902 868615 816453 826221 819854 825381 824704 890176 819143 833322 841466 845976 815733 866764 846016 822656 794679 834571 850368 814360 828339 835590 819790 817195 829100 888697 840445 822417 771043 802333 873242 792232 836549 822292 814265 828465 797846 812358 846159 799666 818023 855149 765642 750395 801783 816229 805945 790778 858068 837751 833233 830317 803815 795878 848665 836095 841816 858293 898869 845430 816514 820748 837395 875100 785321 853971 896028 842559 836406 786493 831938 828200 785964 890251 814786 793331 805437 812423 823611 759094 849575 849607 870342 832199 781777 884480 778080 792784 792120 841321 779438 863592 812860 859999 786437 837516 761578 797406 868740 819374 818604 836118 825919 847055 812691 769147 803821 834966 831279 813119 806925 774298 863851 791644 871974 817261 816052 813910 823190 769357 796541 808839 784310 820212 888146 807174 747658 854905 841991 831114 823698 805287 876090 822518 815560 854261 816381 842951 831977 847664 814007 858064 802802 804637 786052 878921 832121 805531 824659 841949 863272 795184 801466 831440 791833 777576 802592 831051 819710 838419 838503 778900 874421 858993 850271 812957 883111 824397 767036 845725 752743 782820 826956 810877 819853 788265 809428 828638 832287 844004 805713 857010 788459 791402 833057 766420 845447 850497 775832 805633 817992 808144 832990 853496 788430 853226 857798 815642 833046 818788 813933 833996 821632 832744 805644 816770 822799 864781 772288 780786 823734 812328 797437 820790 836663 835771 891114 833976 819067 860520 836845 819892 818297 817808 783487 801322 814579 841071 803458 800559 823072 752960 742728 832841 874343 849344 877872 835075 842758 831522 848452 823849 795753 824242 855232 836219 766666 787645 825885 851408 822593 779269 832543 849352 835049 827494 783865 787149 820006 848524 
793496 820162 834302 773414 789564 848472 845854 772098 809819 807358 839888 829002 752667 801034 782001 803498 810085 773948 752944 817353 772462 791572 758725 771367 815072 842201 753738 804228 795162 786846 781854 733897 796736 760548 804811 810790 819312 818637 762158 741058 783360 777619 733100 785362 840167 774287 776751 789862 793322 770323 814292 787105 787764 825656 808616 801109 784094 808226 849895 798808 742292 797951 772730 797093 774222 803313 795950 812056 799019 778333 836574 732195 781725 861114 770373 837397 825798 756860 846648 817156 760450 804861 820375 773230 771632 822608 782051 843011 799128 803162 784578 791937 785217 794868 819372 749412 807821 784023 791768 799863 812949 841757 790504 853987 785677 845011 801350 799287 786144 794157 756234 821634 818347 770766 771269 855221 839585 834161 815973 840086 799739 813713 790342 819675 768951 797194 814928 761561 775332 830740 838147 804643 731787 806523 838538 773982 809655 828598 846846 798910 818528 851634 792497 787483 751209 791357 824587 734770 846769 798451 822762 801926 793900 764734 813212 813865 818477 796886 750296 728749 817069 771203 781752 791578 854601 791666 806582 811072 788415 748800 843231 791043 848773 843889 886235 822243 752167 794900 787529 864238 784173 811027 825583 787166 806148 789929 783832 813446 750734 798316 790947 764169 758468 768323 791129 722794 828902 789519 801265 782167 784481 802707 770247 778150 793718 790308 757548 829250 809372 811395 765830 835866 752724 788694 883824 793075 791657 800547 788296 811274 767617 737983 795674 804495 826037 751324 798473 792275 836783 756676 855673 792481 810224 783071 793536 786507 782651 814477 770854 792001 842247 815679 723328 804488 793031 794472 810996 803100 858371 830201 753149 823092 788023 826816 793356 820318 797877 804133 826039 777492 793035 850776 807666 765406 767114 799264 808015 782604 794262 827927 803855 753692 768180 796461 792616 829738 833205 774455 847650 837378 783191 802577 834309 787134 738819 775297 752471 758997 782332 789891 801257 809273 798251 803685 788859 781664 814712 833517 749982 752823 789139 724406 800313 834641 779958 799644 805651 782873 814904 836519 751735 828949 849391 792583 795947 795939 797089 793011 770852 804966 802454 810781 793777 812408 759298 742183 808967 781290 769837 771368 785373 785169 852546 776662 793549 834625 814090 791558 783212 790815 803193 737450 793991 816499 765897 769512 764022 754664 727683 796090 810106 800671 868380 781601 823637 817684 842796 815082 783495 776852 823933 806132 732705 747426 785851 840023 791366 772954 788313 806697 799990 799387 781323 793910 798532 790239 
832527 827395 841577 828786 836464 818444 886700 779840 836615 836747 864138 858841 798552 844652 804263 847993 812234 830165 793543 857732 806303 800867 788708 794922 860072 862080 812018 823916 790289 815272 815071 793776 819057 816495 823124 848237 867761 892320 790559 786867 820266 821244 821963 817147 874542 838936 837645 791108 836305 787774 851891 810318 842107 830658 835276 868200 813749 878905 878747 794390 746927 817717 842493 836843 795578 846821 843408 834546 842255 828705 863809 798429 798526 824314 793209 884459 860258 762207 863571 831476 824136 848748 830858 803669 806204 910172 815324 895294 854873 817267 801932 816509 826078 845965 836928 757789 846352 813772 817016 809260 825552 856265 828878 874750 813547 857667 873813 842376 800772 808117 756497 849874 824533 826612 771088 852535 855559 875039 818505 856070 835951 833419 858004 878667 826867 830211 848140 834036 843735 867948 850690 874302 819161 816362 846701 794607 843445 857706 868091 826399 833399 855897 842461 832968 766822 813407 832390 779444 877798 849927 833688 839955 816962 816103 843108 812517 832768 871705 787055 784131 824569 837920 795227 814707 866059 816678 825716 810525 831879 800712 865100 839400 869253 860353 895584 839308 805504 829602 839824 879893 787312 860385 909547 810553 840047 816476 845898 861475 802350 896814 839550 795696 814810 812029 821423 731943 816694 839630 856623 814996 805323 881724 808072 765002 811857 846823 804302 869961 808238 843771 820509 823182 801957 820274 880084 836817 807496 823837 846792 850053 859608 801053 804327 826746 831306 810141 844171 819954 878807 817552 870298 840753 839257 824909 868465 797430 854223 810656 799810 851208 889236 846893 789799 834810 831123 856799 863050 833267 879346 804110 811936 884119 814549 862123 822862 826789 816809 827469 844819 816906 821063 891015 858211 782302 816452 840984 849954 799148 800211 823475 820443 781505 833512 835636 831685 865840 824062 838508 885493 851947 820942 824005 843778 846657 763750 827301 773796 801042 792630 836809 856604 838498 826362 831066 829527 843920 824445 877539 832445 815682 813926 751275 862578 877507 827683 810715 808894 807472 846998 871149 771736 840735 871979 792223 848997 837428 834982 808013 810574 816425 819586 823567 841333 862524 758924 784802 851619 822529 812253 817675 826110 814834 873809 831695 822195 855365 852948 848137 812869 808561 799130 816712 826109 865599 816157 795943 833671 747384 775164 835244 871514 856187 889384 825482 843105 827110 861406 818485 836348 813201 840334 816133 787693 794466 829233 857408 828787 806731 827447 876291 835573 812263 794794 835916 814902 839954 
799738 763253 796682 735406 794026 786429 800139 747232 810834 789428 839381 804935 750502 773785 764787 795746 801019 743060 744708 832938 762711 769301 742381 739045 815923 815251 772541 789010 756421 802813 793774 728176 766330 724793 780889 798113 808492 798568 728977 724640 783228 796701 740954 739136 787845 811227 769238 776039 791130 777845 815552 787686 779395 794588 798235 807978 786393 832422 830777 751073 754584 775603 773660 777182 764019 820011 790065 815566 780555 794300 822730 748290 757893 827037 774753 809322 810994 732426 838682 820790 780855 774257 791363 769406 773906 825360 801237 816501 813525 764643 788495 772602 781230 789762 786706 719562 805407 731693 789215 770081 791510 829870 791040 829904 750973 806243 833817 785941 762387 768505 747487 789089 777890 789112 737174 835172 847014 828582 755623 858904 775605 779349 764780 862841 744477 815127 789933 753194 807898 780095 821816 788346 762902 778808 808937 779083 800827 838251 831618 757827 768546 820210 763564 793715 743756 769114 819923 749884 834281 771237 779425 796480 773144 780545 824923 784891 764031 826815 745142 706527 759438 766419 769777 782941 821611 779402 762847 794429 767160 749440 820185 788700 838195 776015 831189 809637 768828 790774 800168 815177 767152 807441 837664 789284 780547 759616 802245 780553 737689 882689 798073 738541 780777 754296 740889 742323 818488 778640 821011 799598 776289 815360 737211 752436 761908 787495 762539 837372 770985 797210 741291 758402 724727 790336 819454 795588 724889 754590 781747 821073 792004 749022 781293 776222 813564 776802 804241 769254 810814 760742 802590 775638 810394 761907 802466 772450 780624 797846 747822 757015 829049 775019 714216 803546 820306 807238 794551 756934 831258 794922 760428 822079 781341 779402 751122 793127 783886 794211 797791 759669 797100 829363 773211 754056 802881 788800 762281 730894 787609 803727 766524 738311 776285 799442 766833 786783 805680 780614 818505 806077 782583 798918 827998 791185 722369 777835 721852 747501 742887 806781 787812 782381 801728 810933 761402 788854 776948 830018 749148 734336 759358 734451 795818 811706 763909 794286 764214 800989 789620 789611 767881 808640 795276 811421 796507 790152 797901 783004 733475 783896 779512 773973 834528 794571 702728 749481 801958 760610 769994 791999 788454 756861 852783 777771 764057 829362 787010 788372 777519 763045 769892 816438 784513 822806 792484 775646 799695 737914 707175 779441 833290 803913 826012 783876 806497 769844 807263 788723 788106 788009 820581 790866 718199 755386 757982 795435 753553 738474 808483 816478 768768 781161 781127 821413 789657 830127 
811350 801677 806126 782065 794116 812378 845288 761161 814788 842855 830086 818351 798555 804334 784592 797642 804573 792775 741640 849659 803542 772280 750878 772703 806841 819583 780235 801699 792348 759962 773496 767966 783403 766234 816484 815876 826640 790140 763679 794103 790477 785981 784988 770494 824928 835670 773016 823301 797507 811653 838999 807158 834035 817552 813498 800031 791332 851526 841916 763295 758238 773583 766338 787975 820721 822305 785483 782374 797792 782553 848591 769024 783599 849169 753351 826545 809930 760984 858327 833819 795132 797279 816853 756736 777610 848253 802097 840323 823650 797620 778524 824744 800958 803402 839262 741576 826779 757687 775124 804774 843760 818115 798140 847003 776474 853615 836642 791819 800590 796595 754699 854432 839661 806668 752648 858205 850377 836543 784180 838482 814454 807577 784852 842673 796984 832278 794296 789613 795553 831405 804790 834105 799812 785242 835507 806470 822337 841643 836944 828138 830798 847957 766285 779407 746726 801695 830135 770221 813362 800602 808900 791845 822721 812400 805284 807543 817218 813271 763462 750077 798683 799328 771497 787868 835670 816416 770025 803498 787617 795613 825891 813700 841489 847653 829307 830417 778257 785158 821340 841828 783778 794773 877093 821614 800149 806699 830971 795547 774770 840856 789879 770138 824914 782463 810214 707447 814234 796513 854765 816344 791114 837944 786380 760434 802309 791769 756853 875502 802919 834530 761759 830631 768449 796227 887098 813562 739957 790200 770649 834106 776685 749303 805109 824275 803231 765120 800479 810822 823565 806957 837686 812180 811131 780272 832191 779515 771366 782417 769855 803581 850908 782496 724348 784473 806645 799086 834992 793714 847364 788916 790890 858969 767478 832104 802023 806110 807767 803433 805352 799422 810275 879743 810833 784704 784898 828321 790120 770986 807956 807276 790561 771766 788370 826012 801643 800759 815075 803906 845729 844321 790290 758747 852081 793484 735398 798188 742103 749881 771895 819099 812292 794155 778550 817122 787395 797441 815057 819167 769293 770695 792891 732374 825244 822044 758253 802886 813048 774301 810142 822368 788712 816813 841500 805322 802714 801159 849667 798552 804743 765555 794082 821984 835889 814525 738338 761050 833609 784996 752784 776183 794155 826649 846870 789930 814583 879443 819001 790687 801206 780398 795877 806265 797638 833256 775517 789750 784967 735485 784103 814094 830391 849858 854717 794015 827181 816770 838505 810963 775286 818730 854409 843853 757729 822585 781178 793861 781991 775102 819252 802951 764032 786190 769876 807013 807364 834828 
823253 797517 804417 771472 809122 796763 849638 785947 827163 830585 834841 834185 761392 812966 786451 812940 832820 799800 750717 815174 811492 801575 778890 802658 849082 794248 788328 823708 810479 812098 822813 775233 792017 773790 800272 820899 862731 837781 778612 776097 790100 825669 761524 818836 855382 812980 805808 794110 813848 772101 844839 794335 816787 826190 811389 794197 792092 864145 851393 788736 734460 795480 791193 831903 802904 835719 813221 805836 795878 771355 849795 784159 758575 837901 798492 828402 804666 753863 877712 821442 791454 818479 796035 779716 797627 860412 804858 847540 812926 787497 798184 806568 813894 844636 843255 789066 795634 771058 842063 816251 840938 855168 797084 886266 805477 832760 818913 800206 814226 779515 746300 823401 794173 781819 789958 839390 816898 860506 799645 860719 824588 840786 804651 834087 802219 837668 833751 792795 793938 855499 852038 787961 792543 780161 860801 783901 835205 864262 829020 848333 852428 839435 809200 783908 763089 815298 839267 755825 842907 828928 796160 818316 799971 811575 848822 788179 817734 835614 774320 731604 841452 820533 781764 818774 873302 847838 807714 778621 788958 782366 834625 806210 846071 847779 875011 836230 804026 800390 843194 858633 789401 846301 885995 827917 791229 789138 843438 837178 775898 825836 813778 788602 808471 827152 819236 739921 841302 763492 841993 799237 788765 864072 777861 791073 795381 805452 758132 846717 806432 807897 766785 815351 775059 811420 864494 815084 795779 794264 793448 862796 776910 772752 774797 815709 821765 778682 811502 811236 820959 791485 856990 802939 835894 832492 839354 802485 782630 815446 777998 797537 856298 796784 760161 833083 832953 800668 828930 790106 867819 809909 759773 846686 797644 847506 815145 814027 823606 833514 841854 792148 823181 834815 812147 750532 825248 828153 834423 812120 776390 817879 788853 783091 778724 829092 800608 829593 825598 826807 808543 817292 783325 794813 842898 805585 750695 810552 736618 758054 791625 810968 780389 794104 803647 824323 835162 801469 803445 839671 794822 746811 782786 729795 837663 858235 785590 823132 822133 787038 847099 824077 789469 869711 869065 810454 844683 802574 836240 770152 822620 792130 830021 825352 822951 836098 754768 777546 838016 784189 787181 820715 808626 798158 870674 799109 824925 862373 857519 817122 785068 776542 784869 783230 794964 815192 792227 783344 797981 743683 773765 820404 796368 857092 873793 798223 854748 841629 835273 825224 803584 820057 831792 806014 772216 767004 807188 837953 816958 775757 800758 850767 803128 789691 769855 805321 813753 825333 
824290 830677 826153 789874 798836 853056 863261 791989 850366 834798 854631 851261 812032 806897 822864 821258 801224 804126 760058 842235 815899 786814 817936 796422 857421 873602 828529 823538 782962 808436 757823 792556 814936 812131 804720 861337 871893 871483 806442 760074 827444 796958 796039 798735 850928 861297 816065 828048 818037 805943 864134 828694 846977 889970 821200 825261 800816 839367 846168 798443 772245 788773 839906 857201 794168 851223 843700 867597 835566 830682 870876 799084 821807 868193 813136 857942 854452 773984 892341 844205 829585 830521 805257 788357 822270 903988 822569 859547 856616 824653 817070 796056 796848 833899 851790 754955 835849 802847 813937 860427 827353 870763 816411 878165 811613 878503 859334 810450 759324 791431 770828 868002 819568 832634 806577 875106 850632 865006 819464 850762 817426 836275 823233 866973 787192 839665 839418 830026 832498 870866 835669 823254 793683 813697 839930 818197 817642 856422 824619 832701 837944 886750 799139 838786 778048 847055 833911 780746 867719 827731 836991 819930 831075 816337 822072 849208 827316 856135 835182 778283 816439 812578 817559 822404 873672 807326 811020 826484 806990 775911 848846 834291 859387 853696 874860 830159 798298 833541 862176 852770 788853 851096 888698 831000 848135 840993 853491 830008 782658 889966 798715 802296 831067 824689 793295 756822 828546 799935 857416 809061 822802 868501 795395 802311 825043 802437 783972 905336 794595 825367 804548 849892 738450 825807 863287 827863 819769 797038 813282 832405 766162 774282 785378 808800 846573 794301 825186 832078 860914 832588 834150 840036 855711 796624 865882 822361 814650 818450 785933 830952 855645 814302 764797 825795 818094 846820 798405 799687 893954 848402 781619 850492 806001 834782 838880 865735 848687 829848 838350 786013 781539 864209 807467 824868 820805 840024 849952 788161 830626 833347 808760 792858 805954 832370 841183 841049 852087 838855 851599 873801 825013 827950 871486 864452 801933 859559 767349 793310 823413 832657 861459 807500 849654 827393 835525 832730 790626 861203 799327 772512 801649 751926 859703 833455 772054 808642 815826 836914 826054 851943 782065 826146 848582 809933 820433 843907 819099 835892 788231 832106 814697 837245 845106 836191 746663 786552 842152 827877 802942 824808 852131 822386 853824 819788 803950 884631 813194 811053 847471 800672 798767 828384 836427 873359 808655 812360 825790 784182 753032 827352 894408 846323 893405 833985 863083 840441 867822 834367 802141 814086 865487 828340 773891 805778 782949 836564 809543 791472 837279 823593 813032 796900 791633 838456 831811 853649 
835864 847966 827887 815381 847904 847814 870596 765323 873661 849091 878946 851104 793439 842783 844369 821364 809798 815122 777658 845931 803344 800341 789871 790126 840334 874058 797626 845576 791702 809323 780577 800638 821733 814135 861030 833245 854388 866853 797832 805978 820957 852112 810053 807144 848965 854416 824490 820887 822613 815599 864687 796877 861676 861029 845041 850256 832525 877489 865876 792562 773144 840339 802247 841229 822890 845391 831630 855447 839147 820597 872517 776597 828514 872124 838250 861251 833333 792806 867906 853081 805793 861688 811135 799238 808197 913168 844075 852245 838690 828429 821925 806848 797025 830781 860395 768076 848558 794313 827695 847330 886559 869022 808680 893570 807755 863420 877209 838125 806959 796737 784319 882429 843751 835197 764024 866962 886023 884196 822578 895427 833876 838033 830449 889495 804591 862732 872480 824495 874871 862484 874572 826732 815377 809132 860199 810705 847296 854346 847692 847005 857683 879994 847259 825722 780515 839191 834535 787461 862016 843063 838888 874597 801218 798408 856729 821785 845643 863894 793614 767362 832913 833445 777657 795414 882753 827394 840927 811143 861524 795059 887763 834449 852161 894402 915909 870049 809673 818728 830646 891132 819282 862922 889797 841058 824434 844208 871377 855942 814512 907486 814013 815888 820279 790518 837739 737743 832086 847528 877331 845049 802074 898301 816311 807161 821049 826982 804177 857770 801677 854285 802935 857507 808680 812100 877575 832642 828750 824739 832229 878202 834800 782426 817301 804062 845928 807543 848620 798998 859133 833756 889046 870501 854304 832407 862157 802575 820392 834564 822042 857470 920156 803815 762125 839034 846589 826507 865102 818467 886643 830114 802555 872520 803931 843684 832016 829754 831254 861058 846200 787558 831228 876094 871461 795227 854627 876388 857446 811306 839865 841777 824229 785511 815719 840513 810346 840624 840336 838318 844533 855164 817376 791415 869207 854519 806746 806715 751969 808893 817009 820522 846098 826937 833863 836203 818685 840536 818498 876163 828233 813395 811276 774997 853759 874954 803709 834136 824195 859791 849799 850477 816208 843135 869980 835641 872912 840055 859863 843836 843955 816005 824954 839472 874982 854027 785149 789162 848839 795070 796264 843084 823377 850261 908535 824227 851214 875886 849188 845682 825019 822449 818660 809146 837993 866215 821980 794493 831250 783673 783579 854217 859502 870971 871049 831885 844757 871389 854501 814978 818617 789955 838978 854537 792265 822863 809326 862375 832883 824618 866222 861966 812023 808626 802607 818717 847164 866300 
852931 883015 886330 835221 848308 887062 879091 815813 872967 907354 903436 939836 851684 880185 874758 827550 869517 858950 815009 857777 850839 813262 845837 814533 886509 894405 845572 857623 833780 853495 846507 816785 839806 841256 877561 882666 888344 910843 839045 803807 872306 868300 841663 853822 914118 891720 837474 865308 858962 851058 892802 867383 900047 908216 886746 890287 836359 901044 879866 859774 796225 861270 864425 902375 845668 878182 861420 866707 886758 881301 906045 805281 855686 908231 878006 896077 858959 836803 903518 906473 835253 887734 869480 812739 859256 942095 844469 894697 894044 885481 855423 871704 867190 847349 904638 807471 879263 849678 872701 875196 829146 912840 859625 912025 842059 930125 916125 852671 837988 834372 809381 929953 856676 873660 799874 884671 912085 879024 849594 869727 876583 872878 856295 904128 858185 879423 896858 839375 876926 908827 908507 884141 828031 824317 931629 845621 860115 903197 896637 864076 870998 931491 857822 895731 826395 837909 903605 846192 931356 877871 867519 909548 825001 848040 859751 852311 883338 901880 841975 785147 857909 874405 818068 850878 916667 866030 865396 860656 867888 853352 884701 847781 878585 900382 916269 891316 827222 843923 886405 931547 824476 891056 904009 868673 884228 868127 868522 856410 827619 935043 850578 854121 891618 804089 835145 798112 851036 881640 899383 866423 823373 913190 832028 816267 873309 863128 815032 909627 866119 879640 833212 886579 828057 875474 934366 867661 862636 873422 876755 911051 832397 811250 843685 881463 877336 866431 874329 850037 908359 854780 884790 886710 861845 877663 883150 861179 879417 864799 839153 849992 900350 842132 823414 853622 848249 869359 851307 885976 914903 860011 843453 915277 816604 889407 875027 842473 866973 870160 839352 829160 839721 928595 869719 820838 842527 880806 894362 825875 857127 851738 869016 827047 834146 853975 866109 886276 877405 868854 892146 878926 849946 856804 902021 867380 801543 864718 807218 836718 841980 875965 856720 860745 867213 882526 869899 870238 873373 894891 838868 833844 818384 789458 892695 900971 815157 863042 872579 866010 836941 888176 807668 893515 865144 861794 891465 844913 896202 856802 869324 851108 840633 879250 883234 878655 796734 819946 877944 821331 843921 843558 827219 876807 888812 859553 867479 924347 867090 869528 871290 815186 818544 864146 859027 890926 863888 822219 884069 816285 816246 885228 908999 856271 938289 868714 877482 893366 899516 856770 851158 874311 889892 829989 806074 850729 853721 894704 875673 841784 875269 869229 839986 845285 850252 868815 867981 876214 
851698 840534 846639 826227 821871 819037 900995 786077 858801 830871 825641 843682 807330 831180 818437 807558 818619 786027 765861 877893 810728 819624 791523 821156 842065 877631 790403 829507 837323 786225 826537 767946 839480 825751 831936 845705 873006 855931 783549 778940 791809 846155 800284 809982 838354 844105 790566 787965 853267 796514 878316 821476 830967 866756 831770 814067 810984 858091 878172 787475 766123 814654 811436 815441 793849 851704 807678 858229 824942 843979 871815 754628 764094 849371 787591 840003 842410 817596 874464 838964 790321 838322 841038 805603 826208 891653 843166 895282 858693 814137 837907 798626 797391 854751 843145 756699 827094 817443 830617 805070 811677 885181 826441 884894 813922 858605 860578 869020 789086 812649 771771 862961 812970 832436 804578 893263 884193 857943 851093 886432 829342 798281 805485 869841 805639 836234 800737 802786 839302 846452 870928 821805 801079 829927 858264 803631 834191 862629 853741 847213 848240 859675 826543 821862 753755 816070 855529 782909 852084 827294 825985 838526 814238 810653 852995 827167 813712 867343 790959 753664 842100 805004 811971 810470 859891 823754 812343 825585 816546 807050 882857 804780 872381 859428 888810 841352 799302 837481 809441 898894 810997 854764 886496 828644 816412 843398 853669 864783 807084 879975 807752 823805 844051 802345 836564 761179 824395 850336 880333 867412 789319 855185 812428 786564 830712 811338 801825 883790 822942 833830 802435 820645 778470 839241 881591 825782 814289 843166 823895 874236 816343 794930 779255 823394 861240 824806 856912 809915 848471 787963 898633 820640 844191 821486 849004 815736 812280 859249 775122 838858 863677 840085 769653 813899 861644 837007 816956 815229 879196 839241 810658 863440 803970 847271 824379 819226 866429 876214 843307 793976 807796 899566 813507 810227 834087 841455 861920 791109 840633 835579 819918 803872 816887 834196 798048 827418 830982 821148 882564 857864 846561 834666 855313 824042 764267 829665 790433 777512 796158 855869 826748 822091 839736 843844 798101 857366 812967 850349 790876 762576 796934 755934 857015 849945 790892 805414 830425 826204 829002 842400 810323 863173 879059 809942 817175 831854 869233 821455 815394 823832 816726 853008 849249 846685 783452 794227 862347 822331 799618 800933 848902 826059 899626 819354 811598 865366 853442 839495 797982 803156 814442 870639 828324 859799 822746 807213 833529 778483 774657 824644 870253 843778 890130 825206 855874 820196 856166 849429 827956 795388 841740 836934 787455 791522 817202 858904 765619 815511 855141 873907 805819 836189 804862 836474 818843 872160 
776496 781364 816270 747545 751751 821738 812829 750105 817840 797468 790111 801072 747354 758883 776201 749650 776693 745464 713572 804239 735052 720605 770457 774317 782641 779378 753788 744947 762299 772049 725688 723812 755568 740918 762650 772832 778888 792232 748320 732640 745428 729975 746206 761045 813517 790595 781750 736591 776573 729751 813641 790168 777701 790983 791489 752683 789501 813095 816110 783065 706971 795198 794237 769773 727041 797452 773080 763596 783111 751625 805222 753822 778273 832506 763198 819303 783778 741412 812590 771714 753926 785512 751779 763268 738110 833406 766775 820279 765497 758560 736548 780671 777909 749088 762445 727250 778829 761605 775300 748301 774325 827281 768873 845474 750312 801857 820374 768393 756141 773178 738394 799904 769794 784339 739052 761151 830529 806859 759192 807904 804418 779722 791569 828646 769601 744323 783719 754677 755586 802829 818677 789123 754062 732019 773010 769332 747337 774576 793377 754138 783674 792741 762383 737478 723950 808323 803408 739363 788580 767669 778271 759450 754334 760847 781551 756917 794595 801658 750320 730578 800673 756844 754952 767214 826298 755838 773086 779956 776429 743447 814985 771571 794283 804860 804889 790320 734106 745593 788037 822077 761635 783295 836492 790606 770507 768955 796748 772271 726996 833580 765358 732102 772521 762951 750708 710823 774440 767794 824571 790192 765425 814329 750790 735606 777347 771211 744055 823234 767496 762741 723858 795340 751325 818564 840097 776274 747229 774901 792952 803143 749250 738066 743578 778325 818099 763738 762830 783414 798986 766063 821427 788903 790806 781050 782819 742141 774144 774124 763706 754482 793907 779004 705835 770176 771154 783178 778289 767580 810876 770192 727239 815876 747541 768069 779797 782995 791375 811552 763001 785666 777110 822455 800350 763248 782667 809399 764733 745105 777631 747940 760869 742837 762129 783574 751549 781276 795696 781984 788690 811016 772186 755816 791634 761939 726426 755429 713178 736997 752109 757925 770782 759000 783203 782356 772430 756965 765897 813547 747649 740196 747491 726483 801028 801985 734682 782120 777102 778720 781037 802364 721929 784633 815302 764380 802910 772875 798616 786091 772474 778991 786526 784643 769258 807796 727124 724594 770118 730703 764036 757426 753364 756838 797040 762280 780449 811543 802487 765873 778874 757658 740621 776077 750648 799260 765341 758749 747723 717936 743988 771727 804377 815267 814358 766410 762339 791425 793778 775662 762282 752948 822535 756095 714170 769866 740146 785732 744149 758457 791914 793308 754581 784971 764056 775071 772184 825996 
832591 818074 840064 788323 827953 858308 871644 776607 873448 858456 846000 888207 797312 834748 822504 814705 833229 818356 767928 857659 793913 797978 816934 798991 820958 845739 828408 820006 787789 830126 821792 819318 846559 781195 859832 860211 875082 862510 804972 781358 809558 806362 813756 798526 848216 858789 813326 809190 851365 828294 855713 819819 885896 862266 839803 840917 800929 848689 881603 799709 751508 850083 822219 835629 798417 847921 852265 839522 825591 831941 861317 787077 788809 870417 837147 863150 857890 778949 874531 852359 810544 858517 811602 829176 828438 880216 816058 893382 851920 813309 835873 814695 801604 804613 837339 775908 824429 821371 809127 850780 849502 883778 846818 890496 813856 875168 856328 838834 805877 816305 796869 870889 825359 827075 777182 872828 857143 873840 823181 861708 810704 825180 814179 882521 789906 841931 845752 817294 867156 857032 835899 853026 809141 832146 841614 830444 830876 869091 841155 828874 850292 884973 818148 804172 780230 813795 842763 812051 884454 835766 827126 846364 803277 827917 857925 843000 836379 883868 789235 774456 834935 826843 799975 829231 846749 858709 828638 827853 805411 804868 870699 834919 869283 869547 928982 826452 844120 834855 848033 879818 813761 881236 899584 821642 828919 810792 835439 865477 803064 898471 832321 788956 839559 798614 808587 756915 852330 844109 891576 823338 822202 861187 801812 795947 836119 831216 786167 895578 823927 810301 794198 848351 788485 825765 886430 825967 826621 825185 831848 875427 826626 792202 806776 848495 835248 784727 836194 839730 877300 788195 874954 843267 850368 826257 838101 802064 813272 830536 792640 810604 863912 837222 757296 820433 805516 858313 830374 816524 868468 808412 817773 847332 789156 847896 819858 834720 837198 856035 857221 813701 837466 883902 808982 831229 841476 825163 869906 812412 833166 837378 807323 763956 793021 871187 818745 835240 819817 841669 869513 859558 817472 828518 869516 834303 773498 829482 759446 763370 845947 826548 835991 845168 842154 850951 818411 820371 821633 856770 829730 802243 819559 761629 847184 870121 798824 825859 850672 830949 865037 846026 808532 860664 859687 842769 830665 857187 848852 813294 824124 818826 834697 823686 838554 865661 764440 801573 827674 813674 803580 826470 812881 830551 884980 827756 841096 871352 843930 834187 799309 810640 778286 824002 843469 845115 808671 802309 866615 760487 756909 850217 845672 879111 902481 837455 839736 841691 848976 844546 841267 828166 833232 809368 794413 783036 845612 844219 794559 788173 797661 856959 814300 821074 813367 832868 817111 868502 
796667 774196 766383 746692 762232 787312 840827 722302 799470 797430 788049 778133 757783 780969 758305 744725 773732 737856 739351 820774 745176 730263 758920 724435 780585 783276 785534 774309 743963 773296 724967 731449 764531 783725 802879 803317 803837 828276 737325 760900 773148 769422 769099 760106 807776 786391 767353 769787 771937 773998 811073 770496 804743 792269 771545 812859 747623 823402 804293 761582 730620 746771 765729 815328 756956 815606 797479 790935 809242 782526 831366 735490 733098 832554 774567 791851 805526 728289 819713 793465 763605 779174 786979 755293 779337 872966 776671 834092 781043 741717 771510 767540 766921 799764 767457 722581 769515 755048 777345 781777 772134 805608 771216 848277 750444 812848 833173 751066 732015 758158 723753 802669 777532 784726 768385 826378 815131 827321 793148 832441 762743 799249 778735 850237 753926 781278 799247 777945 773184 778382 806933 789928 758185 767615 800743 768895 787580 825551 823930 785833 778823 811918 758467 790959 744834 764853 804160 744326 815914 787948 767422 791891 772277 777814 806514 766335 793786 811636 727334 735150 788117 794267 760944 778639 833208 766423 767525 764166 757827 763434 796117 746798 787490 806388 847350 792784 755801 795412 768133 850060 749779 802073 804682 762762 774111 753162 777587 787688 725099 823584 776251 746575 756749 753013 786078 728133 781842 784883 775730 759636 776973 817116 792368 743518 801007 802611 746343 803175 748457 764017 742508 793969 738351 803237 824753 787578 746009 765576 783667 796914 777864 765593 752416 798437 810936 764045 782691 787204 814307 767166 820648 792817 816509 762255 828268 773359 772101 743567 747018 783627 844698 777616 742312 835341 768410 804409 755818 759783 816079 782061 728491 842741 756075 751711 778282 807843 796631 798006 802104 754959 771084 803967 746117 778264 772158 797682 816066 727742 769926 803404 755123 731341 807389 779237 777053 758952 801986 782338 810760 828001 780997 820156 814229 808051 739547 785207 706830 725666 775622 779426 761207 782735 790223 785108 776513 770884 775856 827254 770119 743451 787769 728628 785512 799073 734965 778660 751716 785700 756034 789018 745972 840412 800958 776190 762504 782856 787391 759171 756013 773699 756574 770171 811483 802527 707510 725484 792241 784701 773273 772061 799557 752646 829261 779466 763690 823837 786678 774148 747517 756818 729802 766955 786685 794987 773125 779110 763211 697103 721806 778408 826193 798370 827718 748178 811810 805599 797417 770789 738491 776481 797116 791370 729033 756483 751328 787430 762780 762167 786698 806096 751927 737115 744646 774477 765511 810450 
823646 787795 813823 785233 782766 791026 859519 744885 796353 840148 828205 844381 800094 800480 774988 811045 813175 802004 758100 833383 776394 758703 785789 769944 821809 838725 793893 771769 782822 789296 801671 752012 763667 803102 810670 835805 836839 833576 764261 769123 812602 787754 766489 780294 830154 832296 789567 777820 809351 778712 871869 804188 808995 828155 805166 810042 780346 857542 867700 790914 734621 793861 804157 794864 783147 817099 796314 812456 811463 823259 833035 748663 777554 837595 791607 825224 825125 746198 844369 830396 775617 806468 802058 787323 786965 897452 789734 858837 827019 810448 819216 815123 772946 804791 829260 737532 838664 754962 790918 777655 823623 836752 802226 823273 788641 836736 821635 797513 773966 792425 756909 859447 793789 781383 774093 869065 868139 863210 793506 831259 803309 797299 789852 840986 787701 840898 819037 795188 798514 839848 847321 822718 781561 807375 843679 773831 824460 832791 808387 805198 794208 837142 820456 817018 774655 794302 847567 771561 866916 800487 785586 831079 794647 800685 798706 793407 786687 834114 780803 720627 815467 805998 750275 798012 870572 805042 802811 811735 796381 783711 831375 785526 831862 836291 855711 822496 784185 782491 833836 860137 782790 835637 875164 798311 809612 774321 828600 821727 760576 852416 803781 771383 791658 772013 815011 715037 821152 815069 836943 813661 752772 853044 764195 776865 802351 835329 788820 864177 783456 813188 763905 811057 776663 825646 852399 788525 810488 794230 808054 869646 790281 758480 796091 827427 839302 789061 815120 804809 842298 783256 823747 812398 814521 810609 857202 797942 817142 777473 773335 798450 830119 789140 749722 791454 807818 805811 784948 810388 849177 797862 775500 832981 801505 814103 819668 812487 842840 818819 819705 768436 826818 859582 824736 776913 826111 804135 835328 755687 797729 823746 771928 779154 756579 806959 808340 825378 829215 810729 813977 820846 790076 781687 803393 810144 728346 803911 747589 749970 774435 792254 789198 790320 788650 805536 791036 789259 824378 850862 771042 788809 782077 741649 841592 824116 797981 829090 811729 792030 826064 829000 789260 810176 831624 819978 818664 784112 834914 796904 778528 783463 794817 812313 828819 801055 745129 770644 862623 769681 800156 796445 811445 787409 839629 821515 769364 852248 841761 790694 789065 773988 767962 793492 793270 807162 781530 793241 806876 766941 776111 804540 854366 839216 827281 792944 826792 826151 876584 793258 782508 781082 819943 839339 744805 773839 780714 801704 803881 766608 800960 865904 782025 773253 802422 801104 796901 832361 
805020 801702 799744 777206 803488 816284 838343 763467 832499 820044 847109 826936 762557 800718 800634 794504 802486 801848 745198 822737 772549 786216 771525 773761 821273 838608 785537 797357 777205 781826 787831 768876 782685 803108 816109 797547 853560 800783 795613 759842 767367 790152 757402 796162 848298 823196 761320 776623 820754 786657 810588 769216 830008 828797 794618 797516 777654 851015 851514 787724 744022 777095 784453 816507 788131 815312 803151 808446 794570 786366 811530 742386 782372 855731 776090 847946 813698 776544 846053 832410 819184 813211 792361 801915 787576 897040 772572 848863 838425 793753 817408 772205 793923 814237 803837 749557 786819 770813 806826 832103 822526 868850 813476 853375 815513 852953 817943 788172 768070 813843 767292 854680 808870 818264 770654 864262 849608 818072 821886 862945 816862 830238 796115 888781 771788 795094 847982 798559 815559 843558 798195 840650 756009 807136 826539 799533 833272 819404 829954 808224 800106 849992 810586 811670 765564 814586 828986 767165 853763 839591 786927 837286 772290 790683 791126 789052 778775 820374 726802 742432 797064 784094 763900 820393 861291 809417 787393 812208 800923 773982 816288 810562 825230 836053 857650 819831 810446 787676 824915 848673 761772 843598 836192 793972 824179 750221 800309 795463 774774 862084 779241 774443 804536 787593 781399 723757 829779 793885 857257 833189 789968 842964 773636 776342 812250 795673 764818 859729 786305 826781 764179 836917 753068 813666 845991 801079 765669 775184 803773 828100 805590 765470 782828 792091 829034 775883 818211 792656 833441 777217 836282 801570 844849 785271 818155 802070 790910 814929 740693 768866 872624 769874 746295 793188 819587 837420 776128 787610 843845 803868 788108 821930 790826 816085 795397 811135 814633 825270 803150 788268 811593 832867 800968 798434 814588 822413 827226 784479 784317 782219 784493 755026 790538 796206 784863 825808 805707 821853 816048 813932 767042 795258 867815 779677 744636 788704 749302 766016 788335 832495 839133 806895 788082 829061 786942 824155 797954 832118 799903 764334 792308 735074 808759 822727 779744 793850 776090 782971 817220 829004 783624 852479 834763 815219 828129 787154 852252 801093 798637 783019 792726 799776 820938 813418 739168 772625 823489 760222 777970 785439 793156 801631 848719 800763 800044 861319 792033 775272 787720 756493 770878 789244 799412 819833 763706 779321 778965 737698 740861 816333 836355 825288 872637 787640 844841 797031 854583 799861 803196 806846 821722 781145 747339 780103 802849 814092 797588 759305 804348 817631 791517 790994 805566 804191 779943 816468 
851517 811299 811502 813696 789101 810466 883951 794801 828659 832498 874760 822569 782769 819988 824036 785881 836765 776954 770907 849664 773144 780071 782513 772714 840979 838673 804492 811977 781342 794554 799511 767089 786592 817036 824240 815945 836892 837601 801239 781876 784904 816667 796476 829605 839339 832115 789315 793714 825124 780301 842147 809560 851617 851699 826355 830575 771798 826797 843028 793029 735520 814206 853350 830560 807306 843132 831568 815336 823767 774090 844953 759716 795588 853007 789338 828403 849949 790224 865643 815256 803086 813199 811583 791771 786430 896889 814659 856488 847646 809802 797674 784979 807061 817927 845363 757719 777606 778259 830806 828757 843415 847304 801686 872861 801712 861506 855636 816412 798362 808208 756342 837172 837952 838211 776446 848666 847175 832915 813027 858753 812209 828171 827496 861532 798383 843085 825907 805016 852281 832264 871982 811524 825561 776180 828490 776807 813842 865047 863656 810198 847125 880570 822205 827953 786207 804681 853245 776790 848580 831274 811675 855248 803429 819086 831938 820276 823729 820472 798012 740693 842750 802003 790888 817671 871543 833943 830292 760947 840763 773738 850112 806465 817963 867373 860506 858129 803575 832550 829500 864164 752953 838684 894937 801849 814050 820704 846795 818947 789059 886008 799710 778499 813765 798719 796621 731006 818831 809967 863493 825171 794153 860758 787891 754872 794841 840313 811646 865938 796176 833757 791536 835601 765573 825073 890892 841605 799135 817780 841716 857025 812300 775209 786742 812613 834036 819355 805663 785472 836657 796880 864558 836698 823860 818097 817868 795173 782510 846322 802738 826336 874797 815391 731190 826855 848148 838023 834063 789992 856312 838867 767585 859111 795949 837196 792383 800580 829442 819870 835852 789774 820005 853855 829748 823238 825588 855684 879511 800635 832414 818157 836611 753630 798429 838215 795562 807658 805958 843345 838706 824204 810477 792102 836369 824094 777470 827177 782411 773669 792136 821291 815871 793835 808871 833504 791100 813142 816953 835329 821780 774762 781702 780202 825739 844362 790509 838167 810426 807995 834193 832368 775993 837747 873495 830929 849961 816487 823531 803356 815373 817023 827548 812202 865054 843422 793136 746942 814176 787452 816325 805511 817874 818372 868200 822186 792219 843851 847399 821893 786900 820854 782402 820069 802201 830134 834279 800243 821455 746613 748841 810641 847802 853240 873175 826619 865391 819542 861456 795620 816334 814248 798211 823003 773485 770084 797734 837592 803563 795120 808997 847894 789702 791364 776143 817870 825046 861953 
793321 776294 769508 781467 758615 791926 791213 727870 818201 769341 794368 826424 749913 784503 757789 740045 750500 778058 697380 809408 728581 742613 737926 731291 773867 763337 764777 755312 754028 741511 721675 705665 761951 756377 782426 776531 815300 795680 760316 731269 760643 741170 785009 737469 796366 793264 758939 746006 788926 750707 797049 773038 791851 789485 791434 753583 773660 810874 805947 747517 704997 740828 759006 769363 745094 758955 747101 773620 783295 769508 797176 746091 747541 802565 762425 804645 779678 718254 810494 813134 733719 800944 740323 758929 743992 851778 790809 797791 809761 751415 760586 733106 739531 806934 785177 710953 795391 749442 755263 744699 787114 815764 761992 826732 732075 801117 779942 758592 731635 726011 757355 758408 748840 773510 706656 798507 799137 796382 789881 809139 788053 812512 778888 806365 763979 766985 762845 769548 783266 778525 796236 773858 755469 782396 793399 751326 772704 834754 785858 769358 795874 825849 728861 749359 699020 772723 767228 736812 804476 792261 772250 788181 757715 764873 774011 773237 794688 784114 713696 744004 781866 772609 752761 740402 797928 780918 775819 778040 743317 724047 796202 764398 781793 777334 833049 799209 738857 762222 755798 848062 762304 797377 811745 775061 759588 729469 765476 782294 758448 824248 775327 759829 762457 749260 745643 695351 771985 780031 805635 792458 722623 796819 773418 721137 748241 780658 771940 800293 745803 789281 770323 787480 769360 771655 823250 772769 782679 741058 765178 813115 758267 723868 730100 765745 772300 747131 777628 779991 784859 764652 842095 773217 783958 764582 797994 763991 759946 769171 753243 777418 816725 785882 720883 798828 770683 774162 751496 765634 800113 768228 744652 790688 743312 783497 770325 764524 785060 765588 806105 772436 784389 817245 737347 752359 777457 788172 792656 749171 765724 772266 727637 762379 749682 801769 800097 772759 773285 790342 792889 803281 786934 762793 804868 792487 742242 774215 718205 727096 706286 765614 767962 753730 763182 781314 748670 748683 772823 795189 753046 761256 772714 712329 783779 766279 761302 775457 820235 731905 759690 782968 731293 793795 815830 771857 757361 779905 823139 731480 782029 762265 756046 754546 767810 806138 722868 734425 799432 775486 734644 754026 782406 763786 804243 752761 761611 816410 799766 788720 739453 749386 748467 754872 780722 785995 777099 786894 789194 712081 737433 780287 829680 791855 853389 767108 790606 788985 800032 778410 763945 748472 779292 765315 723326 742770 762033 780620 732873 736645 773496 779165 781586 774158 760454 796528 748799 841644 
747808 768492 744420 709825 768300 786473 795659 716203 739411 735064 781947 793557 758128 767612 753403 736411 764809 715641 725821 788237 744874 711661 707804 702704 749283 782044 754538 779607 723524 738771 713015 669227 740669 731074 739958 754247 754195 770006 720126 724004 739566 716481 698517 719564 804775 758563 735258 701974 733121 735462 750857 746827 790318 755158 755582 784220 719263 778428 784592 720373 718350 719164 736954 764290 730372 764927 746768 768933 765729 749053 797582 710200 714230 785949 709229 760818 759603 709079 784620 748080 718004 759023 734068 732009 719931 822388 737502 762383 780648 718381 726713 749420 730751 754636 729763 684488 741881 725443 730409 759851 757046 787938 754857 809810 697989 784830 788767 745306 725024 742515 736838 763966 742804 725907 728698 762761 794741 757314 756184 789052 767567 769357 735618 786700 736827 743952 761248 743908 768578 736784 785187 724367 731781 762447 763575 724669 788398 763037 767816 749935 750789 783899 744933 760336 703055 761403 795490 721972 766757 734213 717588 763379 756286 752741 765874 762652 800865 781139 694424 707541 769467 739973 728408 730126 781885 735058 747571 741652 754115 714326 787172 752188 762614 760926 770879 786802 720367 720753 738401 817257 737326 772161 781639 767746 742538 737147 756591 773653 712916 788652 747709 708374 731689 751155 720400 704533 746094 743603 776245 749194 704085 815281 713364 724170 751621 762529 754867 799946 730099 737027 713724 731055 691496 767290 814986 737843 732878 756748 774374 791099 740333 736761 736329 730372 768580 733315 751103 719433 811915 719011 779356 753642 785340 736097 770039 719136 756396 751928 733987 749113 807439 747510 709383 793461 783034 794829 754252 735706 762712 742832 715097 792314 726342 776925 754186 753231 746850 789470 754473 750378 760995 823597 761348 746244 748615 762772 777701 712287 743320 759951 724298 719539 754346 763101 722470 754002 761005 754195 805032 776786 739710 724910 757628 758670 688865 742715 713375 715843 733162 738765 753845 765086 725704 755011 735009 756048 725463 769704 712112 722407 731004 682670 757422 768981 723459 773816 755324 714707 757693 748648 744476 799733 791300 741083 740168 716859 798196 754476 748252 727764 740342 737121 764934 759771 698234 690587 765732 732698 734857 732755 762382 726816 772844 767133 719791 804995 771735 729021 717778 721582 699166 737815 723227 765593 760577 733454 759984 731970 733266 768211 742176 777430 809744 764528 780881 734988 766766 734653 720420 759473 774238 752213 703950 728591 730413 793458 744096 718105 770256 794134 742680 728951 718780 751688 759484 766930 
842042 821031 837248 810805 825843 874300 858054 792585 857821 836314 867355 875554 796928 820509 820257 819067 830118 822989 768775 861970 804139 815987 818074 794702 842552 855529 824973 811963 799292 821837 792974 792664 826772 797141 816647 831972 860310 882402 838718 768333 830059 813005 765964 795560 842003 817726 815944 796607 840738 819084 875842 821637 825886 870764 837026 820348 812632 867291 871437 796774 762542 820980 824663 806184 778219 797163 826433 844019 851012 818665 858896 788188 821076 857625 822485 852221 842380 759934 874966 846758 823557 832655 814922 778777 818072 909121 816541 850431 812742 818323 820143 800454 828645 836788 843335 764324 835222 814556 824714 809751 854287 881557 801740 897585 825185 864551 860812 828141 820664 801232 813425 842330 814223 840705 756450 870685 847716 881173 829463 857541 840906 821237 829823 878919 801789 831818 822997 826934 850210 872823 860281 831696 806527 836843 852957 808125 815980 841379 834444 844086 845373 881117 810292 819346 790256 826200 824513 783993 873250 837413 827560 854456 816081 817903 823684 811707 859636 848650 795654 744298 840337 820133 801979 791802 881673 840524 844207 823700 841027 801619 871009 819397 849202 867791 897191 869878 833272 825736 864333 875432 788922 837862 899975 843185 814386 796133 837454 848680 814889 895170 829668 787493 801719 801178 816900 758372 847449 833956 877886 841296 788880 866678 773900 796290 825374 809514 813538 860486 821514 831028 789641 820964 775833 828280 877474 811642 795476 795867 826749 854570 824649 784603 804878 829944 847415 782155 838163 830464 865839 796837 872615 813814 849719 839097 849992 804735 826207 824585 799884 829547 876705 816282 746822 833402 792860 825689 823918 807378 885545 808540 812861 862825 807637 852192 837815 847568 815278 826564 826875 832280 795650 888892 827265 804387 839860 853064 834196 812484 802733 845887 805081 800557 831628 838006 810353 844651 834402 818565 857413 858338 834942 817617 878944 842515 779740 818962 766015 798919 794892 817456 834600 804787 829061 843636 828018 834662 824390 862980 801265 782020 795725 764944 859492 867951 789104 834959 845541 814665 851161 849676 796432 840279 871168 847725 822430 841909 848056 831942 847147 822105 803156 792254 826739 831580 777811 776706 841448 834595 806604 853838 828561 808573 873632 796284 817865 882151 858470 844565 797478 804699 797816 808386 834328 832845 798696 785028 834897 796347 797350 818702 882432 867972 871348 808345 851670 841371 869981 844448 825356 859298 886735 828973 779319 807975 804193 849381 829980 803812 813217 860330 827634 829298 827522 832111 838879 850169 
811319 824984 822981 800126 811829 838985 849974 784174 870158 849894 855789 862348 795352 852988 821234 810891 827673 802118 783904 845736 809310 784952 790622 800657 845846 875767 805321 837456 796745 819190 787904 794389 827213 831289 840235 854159 864732 853779 810737 773138 821611 814906 805097 790464 870441 853524 789267 818632 840112 815600 836320 822728 882328 850635 840398 838445 810246 874473 902390 786030 792313 831991 820522 822903 811731 842689 814272 842868 834000 832587 848640 780014 808146 858795 821435 892133 884076 768328 842103 833044 802342 839334 829289 798434 824019 907557 817648 857256 866252 817608 830614 834221 829391 862895 845437 774315 800335 795478 837854 822384 841037 864212 844308 898987 837211 906152 835153 821310 793146 847389 798339 893586 852784 832038 755872 865965 843114 890468 829686 850931 833702 849631 841267 889819 795445 846354 841067 812194 839571 890724 833760 860294 761404 823728 860891 806099 863375 900907 835782 850475 836427 874876 830437 815031 776570 820029 826477 811854 866934 822901 841499 835550 850580 798730 815005 855434 826969 835907 777813 767601 824768 822063 773654 866141 884714 833903 832014 814535 820610 791130 877577 827190 844837 862264 889909 875920 824443 851411 852047 872275 820813 840740 867281 830454 820878 775892 801610 819886 779920 893408 806170 803223 817378 768575 833795 763429 841721 829605 880624 836520 810870 886362 817814 827723 824654 816437 783717 880481 812664 832957 800487 834312 770311 862343 876144 831925 801699 822200 817174 888181 822144 795512 805357 840137 855346 807756 834456 819388 842979 825231 874406 837146 812790 821874 850682 813277 829817 798002 780753 826811 887401 818797 772411 857716 854881 861188 833907 821706 851130 832271 825763 890739 790624 840531 814914 833048 826636 865784 839617 789665 800447 831286 833928 812818 856194 876043 831345 787232 815391 822294 814827 780771 801319 861818 836953 822418 827490 862394 868610 843105 798395 835801 887803 842329 758893 834307 776354 799809 808770 871114 861793 835966 798769 855412 843980 846958 835740 866888 813912 741536 801407 783897 848297 865162 779922 843640 826929 803246 818967 832310 809021 871810 863292 857999 834468 845980 888371 831243 827585 819726 831392 851925 842299 809496 759954 799720 849615 819413 815529 786441 811405 825920 897716 825157 823365 862315 851576 816191 824120 802703 807357 825502 821951 851731 804852 783286 850780 745458 785655 847673 897851 856234 902515 824056 829750 829261 847030 823903 808186 843407 867237 856947 802319 835056 817738 851563 806727 799664 833729 849143 811673 795250 798976 849609 837259 871313 
850654 847027 830801 826644 823645 864839 831052 798932 866543 839794 868545 872011 800725 831171 836491 828102 848000 787695 813703 864125 814658 808637 805015 802011 851620 849550 832201 840421 785244 787748 824948 803715 830706 827287 808506 854542 865393 866145 795716 788926 806608 804506 772015 820710 855830 835408 802963 792803 845682 804090 853184 830077 883964 863196 845419 848311 822095 871758 909351 811899 790059 837340 846199 837657 794165 822922 837588 865760 828950 820033 865408 774345 787764 868906 810079 905967 846118 770324 901890 841483 782039 832915 822463 797257 817562 911389 831333 848737 854034 816073 822911 843045 803386 862043 850245 748696 807977 796978 816449 843879 845118 881879 817463 915666 801147 841155 877563 857469 793195 817653 762469 872281 813418 835258 769387 868868 867107 849529 834170 871153 844559 837908 844393 889091 835007 841162 841658 844957 839866 859683 852178 839788 802975 817189 833168 796550 846103 873549 864053 832183 833820 880115 853870 837111 754226 829130 869207 769699 859076 845176 837104 848758 789565 814242 846965 817138 840457 868045 830659 755792 804276 809391 804178 792475 859396 826150 849258 813919 852446 780645 861414 815606 856248 863894 885214 846140 804410 830899 840637 865589 808561 869212 886551 838782 822030 806122 840801 860106 810437 883804 822166 772977 819365 827445 792991 769755 851665 829627 895304 857019 826674 869767 821103 785600 836329 847745 791169 843519 772857 859726 808624 827715 785530 813529 877191 843877 800138 820501 826361 868685 804329 762788 819456 811884 825381 824402 816495 799569 897721 812707 859426 839136 831244 815802 866594 825291 806508 841620 783391 823190 894093 820233 754049 837824 845743 847509 836859 827634 869294 838387 801655 862389 804426 875535 842520 820172 806680 868637 869178 797664 791892 857502 830313 804225 817674 837996 850252 806743 831009 842849 846360 788967 837368 819231 827203 828727 829233 857661 886274 849326 849706 849421 878281 849604 780379 873399 781824 824394 803006 829160 827348 821784 854694 852561 844094 863810 844216 860618 806019 769523 815203 769431 865265 851067 814978 813464 849660 791687 865941 848725 819252 852629 891279 839743 853327 854436 876971 819711 835379 825574 828322 837574 833952 854429 801115 774077 864639 814839 812966 810979 801444 825434 882112 838638 850955 887540 880314 819655 842977 796805 807221 811007 849526 860683 830374 840007 834863 771115 760448 829996 893664 884446 883230 839832 866959 845879 866840 854951 825428 814817 833011 847840 790980 801143 803926 881166 801835 811793 845072 828125 841569 817735 793468 847576 821307 863092 
802692 825430 824694 783556 811348 827470 819687 780100 874354 815553 857989 870219 794394 800391 808644 806503 815533 810066 763197 837256 801531 801039 754827 793589 815763 821360 801657 801393 768939 796179 799084 768657 813181 782237 793836 826166 864218 832920 790613 777146 765958 807895 789607 826479 868593 824362 789822 795522 849556 784367 855595 813157 840325 819741 842940 814106 788665 862402 883810 792647 747212 806355 794543 810609 788572 825614 813490 837060 808167 802988 837430 789663 806987 874163 812248 839240 815982 766130 867927 862313 797198 817926 828452 805074 804884 901558 780035 844570 855625 791022 808682 801420 785246 835386 827209 746493 798869 780444 812176 803468 822595 852939 833159 882449 776871 856873 841501 828182 779574 799909 733534 825881 832362 780059 773201 862511 862386 838234 794520 855682 814555 837486 823919 885139 798696 840102 844363 809021 791393 850978 832413 851537 783705 815425 837453 796054 823918 865591 853907 788994 807855 874374 777552 834844 769329 802542 829791 779176 870298 840185 802728 789901 832170 835770 851090 791881 800534 843733 764121 756164 826358 791829 787277 782199 829558 819353 823555 804179 817440 769353 832349 801452 827668 842661 878595 832688 785984 783354 809795 853807 798368 837670 880561 825705 811070 803557 840977 808958 775356 860740 826318 804627 814569 795621 805870 726658 824742 810792 885204 810747 769817 861518 791535 781523 785634 808617 767213 881436 809473 850202 773883 820450 741698 814040 852217 799858 788092 785348 805730 853955 807652 757776 807705 789078 833111 793017 825015 794091 856681 758706 862280 804547 818406 806255 798014 781579 815896 840224 777538 768710 861315 817189 750607 809901 818096 833353 835753 820472 831058 826400 812359 839605 783646 821535 792576 814146 814123 845311 805565 792825 800246 882761 801025 799919 839617 834245 822785 790655 800146 806847 828297 764721 803656 862671 819543 800989 820290 817406 852279 826104 801267 810325 868417 815816 793942 814939 742776 768916 781924 840599 839799 783592 795596 835582 820801 829774 808959 844581 801143 773116 805391 737858 831301 862580 785351 844319 835056 813317 821803 842603 814868 851354 851137 806338 815492 823698 852378 790696 793048 791423 823739 821617 833386 833883 760680 754615 825531 800428 794503 803596 822502 787592 865430 798984 794801 850702 856818 827189 830491 771240 769196 804682 819015 848858 800873 815321 841752 732495 769900 839505 865186 852794 861770 789597 833380 815818 867625 801547 822833 802758 828340 783029 755558 752104 809820 831847 795310 787439 834516 821433 804467 840070 777434 823904 811239 840751 
858974 839403 822377 806824 826171 847879 880566 783386 883363 845444 863873 851585 810348 852777 812650 857045 839073 844853 791155 853644 800686 810854 776078 766967 823433 874695 823098 847965 818684 823742 801743 778779 813001 807629 836181 857209 887351 866721 802883 789195 818060 827236 839579 843862 877043 861357 810223 841638 854820 834778 872648 844985 849035 870233 831199 846264 831973 864040 872367 836044 793661 807629 827591 879795 812848 877736 852448 865340 845175 855195 879205 813647 820904 897649 823096 848231 861966 800883 874339 879165 807987 836440 840173 814736 834126 925441 820353 875275 860979 824487 828680 824937 823104 838560 861179 753198 845105 792374 841564 814358 848425 874296 869673 919834 829845 888618 876866 814597 817066 831703 761061 868575 808884 870978 793674 888521 898187 895296 821753 882399 813698 848720 831290 903026 777698 822360 856673 837482 845900 859201 861176 877046 796830 841780 896868 825935 857685 827421 856425 839760 832248 860902 834520 862838 788950 831627 878120 784657 882797 853022 824860 852297 832408 849870 852092 846022 829796 879953 791269 780365 852376 836093 822110 839266 896265 853969 828648 843383 830801 807118 876719 805757 896415 914931 891738 868630 821101 840786 863274 906357 800114 838557 915145 831183 823492 841795 852532 848742 775757 925905 799176 821811 810264 802645 825400 761525 875042 814245 875045 832108 824722 878617 811594 798858 844614 833129 784053 887699 834942 820644 766174 815246 782182 851936 872178 818371 800647 835109 846988 858575 823886 780847 841203 820039 872153 827761 840408 844712 841840 825620 886475 843700 868408 845823 852384 824832 854298 832039 795003 828924 900821 828839 774485 843878 859021 867406 838279 821398 865138 837891 816871 887324 814659 866826 807511 834948 835058 861855 867357 810621 823374 878167 845935 820126 840154 870829 847592 790114 830329 848185 802711 830181 795231 865687 838442 847850 847983 851315 876617 874660 839642 841735 897034 836597 769502 853679 756571 807773 806669 847901 841550 817397 823242 858319 816263 812603 813555 847492 822154 793945 795648 759204 864564 897205 804519 827999 816236 840665 835430 858974 819104 858565 873182 839209 824605 861758 843647 844591 841509 827080 843783 855584 867459 856755 779505 800387 871035 822714 802516 820540 834765 825370 874566 826795 790387 907295 901911 847425 826768 814086 805291 823794 828054 870378 830516 820189 823903 767145 804287 856271 879545 873381 899173 819168 856387 844525 858543 817103 827085 855218 859805 843029 793460 836354 800614 850673 859482 818090 863810 882470 832492 838695 811147 822378 803856 860998 
807372 852067 823635 795667 783418 823757 826621 753801 843950 814227 832316 851185 818981 801678 795659 789994 801313 797390 757422 832027 788125 788425 769616 767175 833214 838873 822597 794078 777878 792503 770544 778896 778463 814923 809568 833855 846953 833311 780683 757135 793667 816281 833487 799942 850468 847676 812375 806422 796706 817607 863281 814354 825448 836332 796013 819532 788608 860469 843051 793637 771429 798164 800234 814594 814676 822605 789267 811844 814268 811843 832300 795147 784274 853856 808188 859191 827130 779420 832786 852662 795968 845563 787976 794941 785831 879068 816512 833491 850586 798566 802322 786480 779458 808441 818136 715388 804477 783593 803412 830765 816063 847075 816770 876791 805356 850755 857242 798471 783621 817155 774632 832236 799910 830518 755997 842552 847317 842901 843861 824289 822802 854415 832557 847163 796437 792571 830737 788027 788930 851362 850383 806672 766039 801859 837349 792694 841684 859662 843170 815791 826331 835544 787683 804301 801254 805088 853850 778999 855255 815673 772249 815184 823638 804282 823183 793359 790183 821812 785066 748337 814148 814673 813605 806077 860114 802836 802656 796169 818871 785501 858047 785140 832799 847212 864731 830564 774506 798992 842401 852557 770749 813964 870687 826367 835868 796572 832323 822985 761076 844785 803239 766204 800363 794016 811495 772558 837219 819147 860839 802377 794550 862312 774806 779977 801941 819963 771926 857593 803900 841921 768530 805143 758796 838536 853156 812516 793262 834444 855284 848045 769772 756113 790551 841121 838261 804637 839032 816337 863308 786667 867704 810535 819186 808271 823059 810277 829342 802107 775543 810608 871308 805607 754685 811555 833231 818772 789333 812832 848068 837384 771726 819162 781750 827574 813515 824848 824714 833755 825387 795382 813514 856337 801794 774794 809584 849185 820142 762122 822024 825335 773548 753509 788630 821371 813327 831171 821903 828351 840520 850887 794259 780637 858636 827175 761007 825415 758202 778276 785259 816647 791971 793769 813702 805691 790312 816282 797979 852979 791551 788744 828596 753723 837084 840498 786034 839411 823948 768167 820913 815508 762292 824704 848114 818167 791637 796125 815453 829329 816838 791390 804848 823095 820668 823485 751869 765915 841759 802245 796357 828128 815437 801524 854732 793966 791444 841230 826639 809957 809749 794109 776567 808950 808801 814306 792297 789904 811257 751002 742169 825453 834419 866108 883834 796556 816152 813101 843162 810455 813383 789874 832110 853764 741795 811280 812642 839212 817508 770245 814067 839961 795177 791883 783599 810909 789506 840507 
780650 788756 794377 747224 768486 774454 839463 749340 798567 808391 811347 839723 753324 780678 775493 764380 791455 786314 737562 855409 755553 770677 769672 740579 831631 810086 792969 768593 755365 754545 775592 739861 768085 778788 769043 805555 793708 822729 785506 740853 787941 793287 770679 745746 793299 800149 780525 755052 775355 774653 810210 758336 791622 814259 775260 790627 774526 812096 833690 752107 724816 762679 776454 773590 783029 794495 776384 811461 802536 807401 839217 740459 771003 820047 782643 802854 814032 733246 824828 806076 748593 813764 760538 772311 759849 847894 763253 816242 783865 765702 786422 758215 782050 810072 795222 716476 790108 778094 795193 779795 790772 811314 776827 867369 764330 827512 826541 791826 760349 752703 733226 799153 764988 757598 734150 820691 821090 815511 781783 816209 769643 779954 794842 810219 754217 776075 806822 758498 802716 799219 832225 789309 778749 765902 798118 758149 778035 826496 813710 786419 807414 804367 772123 794525 739378 778620 779807 758712 839071 790700 779947 806123 778027 766672 806608 773080 786579 799934 761745 721837 801596 777052 752649 783260 789839 810556 801651 802910 778107 771940 832419 780772 804810 802423 839358 810114 747259 765071 786064 813749 767746 852915 842260 758368 745263 756612 807273 808433 744420 828227 802461 763550 775685 753011 762260 702745 793864 779610 800828 810619 734447 843603 762632 741171 771126 774825 740673 848569 793281 783129 742269 779263 765801 798866 816445 766321 778882 778792 805374 811675 775487 738907 758884 799055 782115 789896 791892 747716 833723 764293 827800 792811 783285 816107 816927 766394 792691 762132 726282 776926 850271 772655 724187 773972 781977 791322 774688 790883 813109 785870 739699 859125 772991 817709 778779 776938 773740 803143 789818 763606 813144 841691 788158 754598 814967 806519 790280 724456 801195 777596 783461 739830 763969 784088 820559 783187 795859 814095 814931 787724 759994 780847 771724 798304 722286 798206 765991 729736 758810 786236 779803 769746 810639 786912 779194 785133 758256 825526 781594 737590 749570 727533 801876 818312 775768 803929 769851 781896 782990 797684 737196 808173 811526 808330 765400 767546 809341 752289 780847 753526 764147 743723 805786 791263 755894 704574 785592 779477 778061 802981 785065 778336 832598 761623 769824 815837 824698 770629 765838 759150 730097 781025 787018 773676 761136 751360 796458 736929 710406 766347 837083 829141 826110 765477 775988 801084 812496 795740 777724 775562 800395 783637 736931 781297 789845 828082 721161 728491 771055 849396 788629 789045 766378 801167 800957 814241 
808271 816699 834444 764119 790836 811616 855226 766054 842858 821911 831250 834529 786029 788870 803337 788731 826363 765543 745203 826385 791146 794088 778593 777392 835824 829734 830812 807028 815083 800811 786081 775998 819909 800041 796728 831039 852304 855868 785528 773729 770805 807197 788456 813935 833249 854104 801215 797867 799228 767153 853638 816321 820339 870892 789050 833987 791808 864258 849163 771389 768276 789368 786346 830801 790284 820688 829966 809840 800935 829991 858938 761347 762963 868496 809891 823805 827391 771162 851329 847498 778430 828627 799693 795738 790721 885263 804779 843217 820755 813314 807126 808767 786536 816685 847745 769847 813544 783628 791146 801340 832764 864965 806496 885438 793102 865123 851846 801625 786657 764436 759025 851923 806651 821895 778144 881465 842557 854451 807329 871859 805960 830019 811907 846003 792389 796191 827478 792835 813029 859311 844405 787844 796133 824998 835445 794300 824839 864648 850666 825584 819856 872615 780190 788623 782271 801034 840898 774546 865357 836956 795843 833012 808101 804154 826234 786726 836825 848685 766503 734145 818995 795745 783668 804549 856617 810607 810213 791456 797842 776903 851036 788960 840921 832480 881413 827645 814798 823408 809751 845826 769627 838023 883789 808873 829965 778158 839162 838067 787866 880926 814665 778652 819236 796874 796052 736167 846882 838399 842015 824819 793767 839297 770633 781018 792950 807022 785861 870705 813427 853144 756748 799614 767100 806686 853651 803855 798847 790888 826389 879758 794523 769958 778097 786610 813853 791170 821751 816627 858165 797174 855910 828058 844962 811773 862066 828443 780244 824564 778810 794060 849392 800843 735000 818397 810649 827249 816840 811140 852404 826319 793790 856417 813953 826381 806157 829877 818208 848282 834147 791712 809035 852251 836628 812335 821638 841744 837406 780325 804946 837428 783383 764459 822618 823354 821294 820845 813954 822551 802214 824740 800664 795221 867675 824756 764057 813459 767205 767688 775811 825678 818742 807610 815866 833674 814419 820912 814981 847968 791320 761593 815357 756327 834767 822382 769941 818749 790979 808355 837868 808928 800808 864226 839891 834463 832679 785700 850397 800889 806610 820784 814787 807917 802213 821351 777529 776747 833466 788467 795731 828333 785251 801948 839008 822764 802093 824707 816204 812833 823642 787313 794061 807289 788210 842355 817101 806868 810334 770168 760567 817310 859606 846724 875176 800541 834545 828664 854683 821636 794662 839004 832553 815603 758683 779965 779408 841683 807478 770078 820940 849596 778974 822432 785730 813681 813385 860863 
818376 830248 810666 772475 802441 840428 834837 735360 833245 828208 821678 819649 788040 817527 817735 811061 820409 819126 757114 880100 780065 777371 781652 784023 838135 823127 815227 788794 805238 788394 789296 761735 776523 791370 810639 860948 854832 812600 793021 776805 787103 777442 779402 784764 825281 827296 804825 786136 825320 787434 848649 807404 840172 852833 816261 801797 780097 820039 845788 792173 735165 810765 787073 792168 797385 843192 814423 814669 827457 794873 826563 741695 775150 868102 790449 804289 816087 754751 837572 860999 783853 847552 781678 781828 767373 870133 803502 850938 846472 796582 792572 789189 779206 794892 797710 746360 811288 759305 788374 801781 812096 876555 801754 888479 768129 843892 827340 822476 794921 785080 750404 806003 794102 834199 757658 846467 857908 840713 798713 828035 811831 848245 804013 862166 792777 789025 841290 805697 832142 839500 834698 782146 771072 834419 854549 790111 833924 840122 815761 817073 822076 849613 797232 805501 765779 817486 857058 794653 822120 816988 807015 825688 786517 781437 805702 787658 843744 854646 769818 772749 798419 821368 779859 827529 885976 809344 797894 796011 805776 775227 830673 787574 855401 832511 873475 834844 783340 836444 841331 850040 768401 833788 887733 813476 801882 776994 813322 815196 777074 872540 775074 775822 823862 801679 781034 773435 826659 828137 834865 824078 750111 872213 765600 780023 795255 823966 763869 860737 781255 800235 750924 847094 776488 820834 885769 843212 802999 812695 791811 867862 762034 749084 758405 808012 811950 768844 809279 799667 832576 777087 851463 793420 823423 825345 867819 795436 784513 784673 774829 791050 844133 810246 761434 843369 811876 809228 798873 765411 851625 820863 786373 853370 761251 845806 825621 817892 804377 826255 841461 800820 786994 844252 794337 769313 810167 831231 838921 802728 804697 802920 805032 801750 798478 817708 775655 841919 830490 821179 847432 834328 783602 801004 867002 810783 783165 836117 762833 750207 737654 803892 808352 830885 799791 791274 784606 776892 842292 852553 803240 753611 787213 767536 821797 836794 817023 812794 814467 804783 825121 814472 788906 838656 849190 819213 785345 783795 829438 812624 808620 798267 781234 824105 819851 810909 756774 752167 817617 769313 768165 820131 819617 810944 850348 808212 796572 844081 832109 820717 817097 800959 765285 806196 799844 786492 807509 806010 808447 784271 740590 843416 837334 846064 890839 783181 808343 829001 852708 793493 801641 804667 833078 816836 753801 783696 769965 825126 793784 789427 804554 857416 769201 797916 775566 788997 809947 820890 
870343 845340 823681 803015 832189 856642 899036 778966 858094 865274 877191 866524 785128 852622 821263 827558 838692 843594 782612 863479 842640 820614 803196 801014 882800 866988 841603 796604 838701 813598 826324 796040 819491 820441 843814 858276 879433 844828 803798 790995 821717 841945 834637 813932 866527 855197 838290 842051 822645 812831 878272 832089 865320 863440 857997 835870 817446 878279 883451 825583 772124 841064 846991 864660 813307 846910 839883 842979 844324 813311 867835 780877 796905 883931 809226 866885 841891 813744 915905 888768 826082 845945 830289 806859 841388 892670 839947 862872 867569 833791 853209 810164 796420 838873 851995 801956 830324 803665 868119 828118 845262 879743 823453 890708 841032 887492 881096 849725 837979 802983 808312 859728 875065 858271 787660 889590 858143 896126 810119 878549 850575 865932 848335 904123 819078 848164 841912 808346 838498 878180 888788 835942 813193 826438 868103 843246 869723 906983 875527 865213 857392 874676 830064 841766 783619 848695 890240 814095 878294 859711 833022 854161 812561 869800 865591 815320 843011 856006 808975 778500 834966 834863 811350 832526 904013 858476 828854 806612 843914 826736 878469 831294 869433 886949 887668 851072 819403 837699 841730 900982 811739 850422 899145 860698 852795 847882 846889 848024 777534 894689 854486 811842 840719 831388 831457 772399 879060 834625 892398 832474 828036 860366 832085 814518 818908 854449 794036 925972 831696 841238 791426 833989 805660 862779 907629 832081 804878 807463 839852 882015 828150 789363 812622 825796 832314 791210 852121 841157 880662 806660 887821 846179 843868 860076 866307 839475 853276 849671 775966 825208 859236 822107 787073 853460 868869 834686 856628 838961 892338 837361 783388 878590 833039 852134 821781 847994 858369 855769 836668 822580 839869 886520 809575 819063 849102 852806 839870 811202 841277 856078 833427 811899 805764 870002 816728 842850 860968 841165 845527 857305 812004 826202 879823 843551 777173 836238 789974 768321 823181 824685 838809 822579 839074 839480 807403 844161 846180 871448 820381 798645 827765 782643 867260 881153 817552 871629 838647 841263 845506 850886 802865 854967 868327 852173 815820 831401 863602 821872 822950 839736 820801 845435 865758 839542 767287 796425 828213 828856 805489 844105 837869 844428 904163 821041 832398 885971 862963 836659 825736 796609 805234 820423 847981 871321 833825 836996 849506 793896 780121 866504 889418 872343 894072 820927 879555 847913 910587 815441 851884 840496 849477 849245 785773 801894 809429 853275 823516 851571 845250 856006 825156 812159 821879 825316 848329 880648 
810975 831039 833209 816133 807069 826092 855317 749448 833984 790042 846204 814631 758395 798853 837597 788366 829562 789728 726841 825770 807965 785361 785328 783339 819594 809758 787735 788930 776065 772479 780516 775702 801814 752188 812803 822641 833458 839934 784588 743299 796104 807591 785377 792818 820131 855375 761867 767446 808624 785156 828762 778783 820280 840106 810291 801956 762963 852744 825889 761803 739546 783440 807926 784985 770188 794892 788478 791357 806388 796661 817518 755105 779057 848274 811416 809284 806861 751627 849631 813234 788374 803785 788492 795034 785930 894148 800836 837102 825753 795773 789609 789737 774692 784200 828415 751911 794474 789464 786560 783059 813463 829237 780249 858092 771094 829014 837901 815318 773464 771711 769318 839667 810268 822019 752523 826166 819756 810709 788492 847332 791575 802495 809037 835203 767142 830410 806455 801582 799588 813784 827156 825201 789278 790211 858259 789131 800474 834164 835552 792273 807626 850154 793915 772358 730382 787240 792305 790422 825332 834391 810860 813585 771306 776916 794380 768403 799159 797012 747807 736182 793472 776710 790602 772949 843715 800016 768458 810946 809858 763225 818382 796128 865014 839559 845855 836534 783850 817901 801378 833136 771049 823736 858230 807215 805563 794179 808981 825519 786238 843048 813849 805125 795957 795850 818738 742930 804718 801110 843139 821285 774046 858283 766352 778013 808900 803896 756150 870385 781690 805722 764862 824781 752491 805656 855761 787626 781515 812967 813677 831623 745962 762532 756705 812140 807105 793902 818028 776544 845062 771143 888290 797312 795759 808012 848176 781779 769147 778423 771347 792215 858990 798903 740143 807561 821358 814049 808572 804320 832852 808055 786331 837816 775711 820918 810214 829391 823437 827443 805357 784755 799123 861847 788764 780554 807018 831432 781577 791289 808927 782612 795894 768423 802888 813088 803043 779712 804400 812261 810005 848726 805508 798560 842951 816077 723766 810281 753709 767771 788034 823663 821125 797845 778955 821509 830284 817718 780466 834610 764188 755272 798357 726392 819695 820932 760070 810980 789465 764041 823117 794624 742803 838159 855148 785076 830510 800835 840676 781257 807865 792605 790141 821053 797222 820718 745183 760752 841415 784271 756500 808385 788612 810016 856867 768568 795170 830388 823673 817148 783592 770269 803153 816945 796611 809487 786497 784225 836887 722964 760326 775345 838899 834957 858721 801650 828384 846277 847167 805967 801900 781473 822065 811437 773789 767224 793524 815973 810023 770918 791184 852129 793043 790322 756421 806812 797949 853167 
867321 827137 828614 792236 820351 835073 854413 799417 851414 852795 832674 851802 839289 820192 818332 830780 850711 839558 791379 856672 801856 816865 789590 787866 833539 865478 846648 807073 809612 798755 799985 764890 794274 813631 835837 857284 881201 875440 822728 788464 807722 812268 814467 810452 849424 860373 815110 846068 826259 834548 853084 854873 871368 860458 862197 863530 812049 876155 882149 789751 779077 816646 816559 854994 819529 846050 845621 835184 855542 806244 863432 792766 820954 888370 805941 825199 891150 787543 898762 850616 770289 853200 806151 817860 829281 936277 814525 866609 858755 831748 812504 823006 817113 858686 873790 783103 801997 801787 832389 852118 867104 871135 831502 925224 798982 882933 888085 815768 820398 798905 802753 863158 826905 823961 765267 885285 867665 863051 837367 885028 851097 822302 843273 895679 772807 865209 838618 841730 837622 854771 863475 882368 810746 853033 883536 804241 850318 894791 864812 833298 845216 873001 834793 819357 799037 821246 862128 803950 874486 860841 822580 837907 837214 833214 850948 817159 874595 862771 801313 784951 848950 829488 821941 794018 887479 839903 800726 831801 856958 815799 831093 831905 840900 862602 899937 819657 828854 829731 838218 870447 804407 883020 890423 847899 827124 805508 830930 856133 787017 885258 814364 817397 813859 810746 839520 770363 874807 829649 880461 847759 791537 894526 832245 815588 814460 874653 785077 855891 817689 875260 793821 851586 807904 838437 885254 843108 820235 810725 848268 883766 808524 775824 789787 834994 841938 807486 855900 845547 871890 790968 874462 817832 842480 843888 866301 814016 831619 835349 796600 848126 893513 807620 771307 823840 855738 869500 831077 823302 891009 859578 823485 863271 801557 857311 831772 850251 825807 847750 874244 828299 843363 879954 829846 824950 828125 835486 881210 826848 829360 843187 838194 823271 819179 855050 832139 829066 858015 839096 863058 870108 827984 813064 852520 841045 787141 832159 781125 797259 810931 871463 843132 808773 868283 851406 845808 824577 852763 845154 797330 790022 833591 784769 871956 862606 835788 819267 831948 831013 808930 829593 791041 862376 872186 860341 855630 855000 837416 866596 813436 855362 843395 845877 857095 857499 784306 792509 840736 816681 832263 833524 845847 820007 894393 803233 843138 858659 853260 856548 801246 811450 773465 841330 802063 828268 823709 848102 846216 768905 774149 819545 872609 837617 859446 831743 864100 833666 895457 832363 839928 841323 859322 825743 786028 811974 814577 853168 821739 807736 832517 873821 817926 836710 816302 849675 818833 877475 
779714 769933 768616 734640 798272 770546 804860 734056 819054 778319 784440 811430 746909 788562 752344 776320 784949 758207 720463 779710 784487 740855 730896 738417 779943 774578 770472 760889 761329 751578 736036 746469 764938 746773 779276 756779 805326 788272 762413 728688 745446 751377 744649 732244 821724 766438 752334 766749 762829 736078 814219 761859 796301 814858 758371 783489 750148 802051 843594 739841 720040 733131 754479 788261 719995 784573 770586 777847 770577 772665 788207 730585 737588 813506 754676 802807 786558 728168 826205 768579 747264 781507 764485 724940 754376 834341 750436 805330 795814 755484 769188 753707 746468 788212 763532 725343 752116 740292 773273 753545 791754 817432 777155 840997 758601 800067 795858 790815 743319 763697 731301 797498 781255 775964 687535 813589 796628 800691 751238 828585 768252 795075 763875 796246 752937 774900 790500 761896 813898 811464 815712 775460 754761 768643 784497 776493 777484 816177 792094 780872 763194 815501 780655 743386 726730 739471 788398 725476 807257 788146 763227 737831 748021 783820 793337 727657 790841 789507 698960 698713 774670 741088 746044 766717 796088 773329 761703 793908 749781 712969 804664 783494 791440 784751 815796 803717 784439 774922 797705 820131 735619 823047 799803 773194 758447 735781 788919 784859 711762 817714 733585 741113 787231 758807 790145 717435 810466 749511 785244 801706 731537 813289 717377 746173 754925 772692 716086 834921 749275 798148 734712 790485 729529 763439 813369 748188 768895 733937 771994 823792 746699 718997 730834 765321 761186 744329 761668 740881 792848 751356 785631 758288 778071 760643 812827 748282 772111 754921 724864 751423 851657 757379 727532 781387 796320 772178 760643 734952 811598 760590 745929 792677 761891 788156 749892 774626 769689 803941 774104 718120 762764 811906 780869 741372 791183 807396 779293 715351 768239 764771 748840 742041 755716 807321 766609 763403 766555 791873 764431 789427 731695 763135 809900 775835 723957 782081 731083 721612 761216 757470 761847 755719 762689 767845 768722 795773 774366 800863 755508 743189 747340 713555 778008 789321 748589 797013 764194 719651 790089 792510 768112 830253 811559 772730 788177 783719 794661 758203 754270 787232 736750 766707 781987 781666 726924 708978 801372 752581 757950 777571 755875 752557 817936 771068 746613 783554 794904 782569 753383 753776 764602 774182 780955 795886 795268 789567 787372 711690 719636 759922 793709 788351 809246 783893 783917 773936 794975 773387 753267 798849 780346 779757 723088 718428 776961 814207 775404 742511 792946 776864 760136 755806 737851 764562 784628 823295 
783884 755344 801324 742884 764835 769824 766576 724982 787339 796883 785512 782086 703012 768948 746079 768798 763334 733652 708938 791617 762778 731928 739347 735704 791434 786975 732099 746402 756152 744444 751430 714208 771152 744984 771852 777835 783802 792117 744690 701856 751912 746084 749340 752891 803207 766765 749615 742435 806457 722746 815730 722452 786362 808220 775600 765336 730345 790620 789093 750337 708626 771421 751608 801645 744286 779471 741643 799224 749504 731761 803845 723430 746662 788849 764254 816053 776102 718315 829669 776432 730183 791886 749397 745997 753284 838171 762884 805509 774432 761458 759720 744747 761196 746528 774333 690005 766340 730697 773926 778751 750021 820059 774818 819259 742661 827469 776399 788223 728585 750558 713142 780333 744794 780030 737960 828638 787160 768758 759486 812241 768530 776058 779325 830521 733609 757591 805079 763351 786080 833371 786836 761844 749059 746155 770904 735233 796668 801313 776828 775157 781135 802305 770467 765472 725808 743938 783409 729228 813061 765245 778420 828967 742265 758747 759479 778063 790456 816399 729773 706611 777752 769342 737726 780747 811431 780726 740071 770446 750739 703241 814170 755907 796902 806273 832503 790890 771303 788657 777107 840435 741189 782342 820685 778698 751687 768034 800780 766690 726625 810464 745976 759884 762976 752881 758029 712504 774304 750024 796734 789010 777382 818438 739517 744805 731385 763550 722650 830688 761070 773920 735508 775589 705909 785647 819244 768906 760427 770424 776265 776184 747955 738796 759453 777453 762825 744773 768858 766592 802265 733654 794782 773844 765966 748492 802454 763438 720243 802826 709833 735442 800032 768588 703655 772447 805566 741786 775458 767481 804750 783346 739923 775106 749131 797287 769982 784406 771814 805324 794741 738886 749488 816177 749189 757588 754124 777519 805619 722971 749928 776971 777008 732815 750404 788440 754041 768740 773622 780312 776994 761166 783818 779500 789462 760913 731923 751488 727832 718029 769113 784926 750614 777154 769847 763281 732576 799186 761018 781652 754930 729392 731742 689511 771604 776898 734181 771062 770908 737785 772715 777724 742721 767373 810939 783369 783215 783821 782773 750083 776352 743927 740682 765223 752489 775781 716573 718134 783797 759093 754910 765986 765162 767411 834203 773073 790384 837504 772117 764988 789942 740111 737886 730118 789579 802231 742782 731003 764002 698717 743858 781938 786584 789299 841076 733851 783758 754848 792259 770495 771643 740531 794277 778861 708726 734511 769745 794422 734355 722544 775789 785834 748362 759027 745461 778498 760833 801543 
811490 810071 782298 776431 778341 782713 813424 760267 825805 763591 818207 818527 745906 802150 768652 762078 796094 746085 752031 807246 754517 787665 758106 772100 776880 783524 759116 786713 718914 764953 740321 731537 755750 756148 761589 805403 820458 807557 731863 754878 753756 785895 778896 774178 769407 765371 761097 783107 766148 760869 828203 761572 790216 825723 786304 813009 754004 832787 804222 751266 733323 784970 773486 799814 738810 795734 772299 804612 781650 743154 845424 745002 780831 796271 777498 806488 783795 748958 809566 814487 751831 801549 786835 754202 755872 819870 798069 817735 778734 736855 760318 790997 758675 769632 806217 764983 811237 742658 788180 775599 806106 806236 772149 822335 731647 805389 801239 802355 760165 743476 770177 844611 795445 803115 753439 812739 799789 821566 779610 828013 765472 784099 813246 851808 769273 810015 823708 744753 756279 808464 795105 790864 759647 766307 813188 755618 812586 844011 819135 796052 807851 797640 754626 770099 737251 776546 793934 724347 816702 786930 784075 804303 770769 735456 784492 779844 775627 775076 745146 734671 776191 775536 766015 749877 810528 804161 760251 789906 770032 753289 836868 767392 797485 812848 857103 797759 762899 785162 775992 838971 722724 808230 860061 778641 758728 768070 797867 797081 753186 814947 797941 762909 767405 755754 770634 753176 811083 772535 808707 799103 757833 831996 783676 722213 776850 828261 740940 825944 775206 798162 734235 790311 715547 772846 861392 788731 743822 790266 768794 782734 731135 751440 780982 770781 794767 794837 823114 762400 820965 738000 812554 772370 767579 763982 797689 752296 762598 785554 728127 788127 825306 738525 703684 794803 795251 790176 779509 762259 843060 814217 759373 811780 754665 828122 755611 779528 792688 795005 806498 773064 789288 820108 775588 755330 757843 778459 786860 756492 789505 790098 795138 700670 789467 793987 773947 810037 805590 789102 828023 812582 757960 784995 793230 780212 729180 791936 719162 734965 739348 785334 771171 794310 780546 797899 810109 806898 775759 828423 714963 768518 738253 722081 794377 813444 765208 787756 785855 756776 803925 779190 746348 784486 811999 776677 791175 808300 796026 789219 773808 769285 781037 766212 834887 813724 716806 716026 787614 770561 771265 790818 796162 793588 844544 743283 775471 804316 794904 797597 741302 777855 765299 777035 776798 778080 773684 747846 782556 711945 716814 766506 789011 795612 850880 755244 789753 776200 800900 792095 780321 775658 807912 777514 722666 755608 774965 803919 740033 725790 764318 824711 744273 760744 741103 816543 796872 835183 
781719 801751 798969 759962 794856 814130 828358 746676 806821 797542 808705 812275 758162 792078 793408 773913 772378 748852 723914 829772 758736 759343 776401 776062 804363 807946 753046 765146 779905 739499 751906 770104 761659 780419 772183 818708 837226 816685 768431 729611 777360 785191 803948 783749 778834 792319 746415 774558 778055 769137 825611 793147 801682 825386 778585 785204 769478 803621 843430 779750 733435 779632 791986 787638 751293 817483 797090 808659 789813 790740 826725 750288 769387 818886 748693 839317 768100 738902 841475 801690 757132 789599 744390 772694 766606 856227 768686 830720 828770 782038 760292 776519 752640 776825 824743 705021 771407 759303 772164 769876 781460 826367 789202 850548 749534 836595 833707 815226 756579 772036 726590 835116 783661 801951 739020 809209 808974 790786 784604 819949 783151 818642 777772 857077 788701 774934 767716 790774 803174 810731 803896 809510 763484 767627 819280 760966 795210 820276 852270 808501 812499 831794 794981 779156 745813 776986 807158 754036 832599 791248 784964 802389 757911 789933 809918 795258 778338 821622 777770 709727 771913 756666 764190 802883 823198 808985 785696 766517 795647 773694 789496 779545 798193 838912 899040 840290 740458 824239 796662 820841 740365 828925 857119 778413 783909 752480 805678 797271 769514 842567 764400 748866 792306 762650 785687 721440 804827 809264 813326 757723 782530 802593 769857 729098 797900 770767 763829 838043 748766 796922 778473 793213 751665 791057 840210 809269 766446 790845 805026 837738 757556 764321 757252 791335 813167 773003 794714 773328 845817 751656 831105 794622 812070 811825 819718 759934 772673 814707 751927 786299 832201 790553 702401 794795 789662 839655 802582 794440 815942 786284 774445 830741 760986 792662 775063 757222 811409 837383 811621 765443 781755 854963 776440 765613 801462 815795 799392 779591 783671 793213 819343 747076 771330 802786 794968 792215 786851 789944 818969 801229 765556 777833 827622 798540 712968 815617 731768 741774 769286 813278 795225 785404 803980 789460 759038 836690 763335 819535 740680 757088 790609 712657 791268 810756 756259 784808 777053 792930 780619 798904 763432 809282 860763 807262 782060 794693 828406 777009 809153 772106 791022 793692 789213 836464 731406 741913 788382 750007 759027 787110 793264 794444 803080 774444 769437 837215 800333 795384 747801 752913 762495 761531 787282 791655 762560 786010 778942 745760 736807 801023 820040 796570 900114 794528 810268 796525 801291 815991 788844 782456 805189 789751 762033 758190 752817 822520 754490 752828 777125 836283 795927 779081 759702 780933 779724 830512 
834809 824802 830811 815256 817289 830781 871147 781018 842713 830931 852360 829231 799300 855113 830852 822755 832408 797903 784574 827598 812237 817315 805417 755260 857563 833771 808974 809952 803495 793982 817470 795462 820760 778317 842178 830891 846249 870652 820534 768112 815087 802126 814745 810218 873172 835844 813559 820357 838438 809911 854745 834836 840317 822575 830694 851381 801879 885710 839942 780860 780168 805493 797557 820471 819584 803868 834086 822550 815373 793667 869282 813646 809316 871740 815515 864212 866920 811559 886636 846484 803877 868097 816799 804521 789268 921139 834996 870715 842870 830235 805309 799507 799337 843658 841598 767636 837452 797642 837534 811222 820140 838221 827584 879117 796319 865418 882640 845045 764774 818597 803462 862061 836309 841250 798263 847586 862121 853098 781674 859664 845237 856446 836918 886854 803087 809887 846372 816624 827467 865783 865316 815451 813334 801219 861065 810682 802355 829248 857204 828034 858048 857374 815847 817635 804256 847399 839029 782825 875944 830769 844502 823810 800380 843559 834707 802161 822940 861964 790146 755870 827611 788715 822007 825328 861704 846916 802076 855967 819942 782076 855967 834120 840750 859171 844568 828362 798455 848400 813935 886993 776510 836092 875003 845625 793034 808747 873906 841460 804267 845865 850167 804718 851292 822900 793620 738180 858085 820521 846162 827912 799571 889421 812678 784939 795604 808266 770300 856645 816980 839309 777411 843338 764831 818021 908014 849723 799294 816171 843528 847180 807185 807940 794760 820285 810811 818660 833458 825903 852830 790057 889358 836955 826709 810905 832043 787762 789609 821228 807823 814311 871200 818824 753937 816945 845694 846771 832932 820448 889325 816867 806348 825839 794305 837724 831852 804178 846271 852094 823873 813073 834272 883136 801925 802322 825028 839052 841916 810766 807359 805974 812559 783966 810729 830759 809729 841402 844345 832548 838045 860589 844147 819451 857530 826830 776701 807093 792838 778084 820041 826138 819911 813782 838091 837813 817955 856816 778527 859974 837884 793044 779087 744714 839427 831084 799287 814617 844043 793089 821092 827497 794451 841854 858384 815174 846670 836306 828522 852830 816843 806710 822242 844863 864876 835310 774641 764239 841705 826916 816035 839384 838510 798164 880621 790997 842727 890778 823211 847654 824636 807211 791772 823846 834025 839195 792806 790540 835631 754237 780276 796786 851103 852044 868917 842197 841057 847915 851043 837166 838467 815376 830574 814323 758100 804939 820598 853951 813501 802864 846100 838561 827783 821663 814436 818203 852649 839371 
837898 819685 849714 813423 829573 855024 855062 777033 863354 846751 859236 863858 814911 834937 830851 826252 844603 824741 791603 877548 797631 775568 784464 774468 863232 868152 819480 830864 815446 834439 801263 789123 815144 801406 837537 857662 861955 886208 782217 785507 841085 828795 803447 797680 874059 845165 799486 803389 853831 792698 842522 843897 864623 850965 847188 857947 829515 867756 880176 859795 768776 820948 825767 845676 820468 858958 833864 858830 832767 841154 868155 798468 809338 860568 800266 853252 867439 786254 892793 824508 800738 843792 795080 798373 808314 910501 824808 875461 876284 842080 846964 826777 815628 851884 837652 779723 845195 807969 839089 829773 830011 874257 838035 896430 812912 864765 855225 845881 810496 795079 759044 858590 828862 829124 799234 860465 881934 866910 849617 868298 819669 816899 848419 899645 801812 831856 843859 818867 818280 856691 839727 829887 836742 828808 857737 807124 865812 862953 838886 821432 830103 857221 834881 837994 791168 836887 848643 801651 873445 844164 834970 857189 820364 820648 865067 828507 801804 879566 809247 774782 819007 804943 816012 826173 890927 837054 848978 821891 828684 811743 869575 829406 845701 846907 896869 866379 797447 842361 828992 908006 815530 848875 873722 829904 802315 829541 856788 864594 804053 896689 838024 810899 838442 811325 802893 778995 812719 842510 875498 826941 782606 897488 813266 765669 853559 851284 790409 911008 823713 851044 793905 806527 785832 834302 903240 854437 786914 855693 822918 891557 814670 776461 808264 822393 861421 818817 825985 802745 854807 818323 870184 830585 870606 802699 844424 823267 833492 830679 792029 820427 904415 836315 778808 837450 851199 848583 866451 794316 855446 832627 795319 886187 782189 862008 836675 818213 844763 840596 856595 830105 827191 893651 819063 809707 829648 855100 869233 786591 834911 859048 828977 805681 811100 855095 831781 842841 836143 842685 876639 875736 825722 826476 841881 866016 792399 857386 792080 797360 804840 861319 877062 846119 850424 867010 861719 828229 838269 861723 816492 802009 807395 787200 859083 864788 809204 850125 825348 817981 866195 865833 786439 872048 875398 825967 825755 826588 878335 839685 821147 797509 832017 837325 864319 861462 765119 792647 872368 810981 818685 812920 814103 829438 865575 821674 842182 883877 854683 850604 824557 812043 783939 840962 834471 856523 816389 825137 804070 769293 792158 856047 883220 826510 869172 822150 857380 845046 860640 809047 872407 819137 866579 823056 798382 848148 807924 850481 791793 812664 841626 885724 832055 822944 773394 824513 843856 857444 
775707 786361 799296 788902 779842 800823 816754 749592 824041 800522 840923 831859 744613 780277 789176 763034 795983 773981 708124 793935 762858 757101 765378 749252 777503 826415 787459 779463 760419 739672 737616 776800 766227 784044 781105 806075 797478 808342 752339 725107 802455 769567 796027 757116 826530 794791 767326 779209 785113 755397 827165 787170 839561 814599 786343 792898 758646 809291 842064 739163 717892 760638 773450 785713 767008 780835 807820 791782 793052 814309 816276 745433 773171 835044 803019 812005 803107 746458 820186 789817 758170 785972 766575 771245 775531 859780 791581 836520 813434 763082 775873 780403 755796 793600 809816 724895 790557 748355 778514 795344 806781 822840 808995 871273 744956 813831 816518 779662 735075 756627 754461 825912 785039 801499 743972 836064 820888 847496 786852 841793 785719 792871 797954 825784 747755 803929 783145 776064 793502 844835 830032 807998 784313 776416 788013 763643 790746 795872 799406 794088 797072 829307 814738 782904 726776 763271 804941 744677 820791 782690 806688 789279 779904 780919 782768 781627 774839 820941 762257 717804 782548 793417 761987 782172 817629 793754 795163 765094 772731 733435 808798 767571 831771 833800 835960 818401 771006 801116 794789 841178 766805 804670 864367 799027 824333 779130 816045 801366 767770 847982 769446 740947 782237 802398 767178 720187 820972 784600 865435 762773 762716 854468 767231 775261 775015 785443 785368 834348 767137 800844 754644 767459 757331 801578 848693 781971 763797 787242 784675 830393 783193 727436 786370 776389 801030 769150 792447 770929 808200 769538 838990 789028 781195 763317 799971 763571 778429 769144 744081 780726 846312 773324 743303 791087 806945 820905 799257 774013 834906 791691 751820 835289 768940 808225 756658 785374 794534 822889 811524 744657 792098 825837 800735 802014 768065 806981 805100 754804 790446 775563 753007 759446 746856 793596 803447 776156 783078 780233 833664 815366 799578 770991 838803 779350 748488 788529 747785 751624 778417 761773 801095 785224 777924 823553 814974 783028 771615 813324 769326 724867 768912 728739 826682 815966 744742 780023 784187 775468 790782 808890 746351 828063 840013 770239 779073 797704 819986 788865 795893 797130 767482 771737 791132 821567 711019 746422 820831 789559 743040 790083 771961 793448 828228 774105 767259 850205 812271 785354 770624 760854 776120 774626 778819 795005 742657 788030 799209 699519 745249 794679 831410 824870 876278 793365 801738 798793 800931 778698 792993 789090 791875 790565 761230 747931 777564 786544 811267 762721 810147 791510 776559 784112 748246 749556 786356 808472 
845548 840992 845534 798440 825129 828686 874165 784803 850768 857471 843026 847341 793945 827863 802046 821448 832211 835949 766446 886475 802866 785589 796835 786348 835521 858298 831517 791792 801116 811216 804407 780400 806439 792940 838505 858315 871904 835652 782371 771258 840933 826084 812349 787446 852297 865697 808864 828726 806122 833303 866661 836398 850902 867247 816512 847121 811195 839587 878466 814820 776754 816794 813715 821165 795616 846421 821338 816188 831367 842092 856597 788760 819347 887293 827336 856558 834668 788161 853806 845580 793617 814232 818586 807452 822708 929982 851515 868660 852812 827225 849400 835738 795331 833853 838822 746981 819129 827778 798331 817711 817167 857796 816664 892439 815041 865624 888010 832198 787315 805335 778643 852564 835813 826907 764118 877424 858685 871407 836041 866627 828168 845546 838484 872035 808423 829292 848120 819378 834733 850287 866931 847048 799402 838953 877882 812400 817145 844134 868104 852236 865615 877976 849933 833513 788752 811510 828175 787937 862953 836019 822905 861980 846417 822516 844168 853222 810481 869712 771235 761462 835357 817382 807337 826252 861457 853120 848691 810489 822716 804033 870653 862233 841485 845713 907586 834309 793972 841897 835280 856574 783736 879285 879983 853410 846343 833860 843445 838675 774057 876936 786223 804702 826991 805428 819793 778882 814165 881017 860436 830864 776145 871899 808218 773149 826150 858457 774259 891325 829436 852412 800153 813022 811094 846285 863297 824024 799636 824134 841002 851515 826877 784896 814430 812660 849104 824901 840974 781345 857879 811646 890339 833133 826079 840267 843887 803005 840741 805479 810354 832018 888780 806191 770978 838880 824506 846523 826626 798667 861983 855589 793624 876568 797512 839802 820910 843608 841068 855036 853570 805242 828394 874626 843011 828368 836819 843836 817118 760538 826023 839828 788531 776648 791023 853489 818119 848107 845445 835091 851740 837193 797592 831828 856756 839599 781635 797991 759928 758829 813335 837195 843030 816165 796372 817929 821607 830029 810061 893014 831396 775317 834211 762679 851037 854349 774547 836787 803755 828686 832594 828035 798533 841200 864519 853078 820865 826888 843963 823695 822247 837712 816959 809545 851898 868426 775558 799792 829197 803956 803595 821897 820152 840381 869099 820856 788548 852219 820481 828301 818752 792249 792989 817458 833960 853761 789457 814118 847792 773381 769619 834128 878006 876591 876451 811937 832478 852127 858177 832136 799260 816764 850512 844424 766580 814290 831587 859464 817976 762633 819000 856429 822386 816104 797877 842322 805140 862342 
834990 814751 828147 817457 779036 804008 848061 760705 846230 818198 839119 833793 793191 834211 834917 771085 816328 800530 734825 817425 786536 797129 793994 812001 841409 843828 797889 822669 782728 794256 791939 769334 800023 794871 829962 821928 809680 853467 796129 770051 781834 801826 786606 781073 819916 849699 810076 789722 815226 792353 846727 829791 862939 884245 796305 806085 804774 859118 868384 802124 740530 786292 806953 845394 808133 819238 804481 823370 824676 831652 874012 773492 785958 824361 818838 863611 852327 760886 879218 821941 774108 820409 807650 800865 816354 898358 788310 852986 839949 826024 804214 795256 828188 821924 845964 766541 806791 789357 831956 832416 837254 843173 813221 909966 832849 845930 851327 802034 795056 790536 767865 844437 827497 825661 789315 866370 834608 848207 816902 857965 844782 818407 826546 856498 795238 822002 819622 813163 835529 857143 837774 807375 821520 785151 831502 791646 825988 875111 853139 833414 835574 863247 814856 819669 780456 797708 851803 778045 877967 834253 800389 835359 809344 810987 820531 794616 786788 845243 758505 762711 820950 803627 818396 807959 854177 817533 797442 807258 811903 791259 851586 812659 829704 829644 873593 838727 808648 829774 826645 883243 799208 839765 846785 816787 800802 807724 845698 821055 804907 866241 819879 831433 826439 789100 814888 801169 811473 825916 857722 829168 793101 865154 808346 781780 813607 820551 787862 887687 834047 841938 816647 826705 780481 846164 891252 831087 783755 820220 829712 861687 787027 748502 764537 827946 883289 813283 852623 806651 825242 776291 850853 804003 814036 786379 835387 827910 831260 806864 781810 808489 879373 798196 764307 813312 820738 812777 803050 755257 844039 819772 778054 829386 761881 833218 817332 779145 810300 848327 862047 800600 839400 869788 793622 784695 833118 852795 852828 786745 816236 810842 804481 776291 812978 826926 804695 819758 839167 816267 827051 852225 812014 838067 880642 817944 739260 802155 790427 772965 808955 856480 819953 813713 817456 813627 799924 800612 830951 833310 815748 772766 804587 751052 859473 842521 796925 795223 796147 799257 836199 818292 781132 861841 855527 802881 806422 793322 842360 810089 795746 796957 833643 796307 840615 846488 763995 758501 857237 806104 779289 832496 797411 814572 832526 797844 828847 863514 809123 835906 808615 794267 816774 822436 809629 851430 801812 781679 808267 767270 763847 789907 835897 834134 888834 812204 815621 850946 841980 831732 821650 829020 825169 816254 753061 833217 797467 843305 797550 775974 833481 842191 796347 789763 796189 818499 825729 861234 
832141 833655 832834 799237 813918 839150 853801 791218 844783 828832 858755 850111 777597 832797 800378 803506 828860 775002 769588 821838 811283 759650 789169 787721 824178 816340 802171 799816 818695 812489 789574 763398 807021 778532 824644 866692 836061 838038 798668 766207 807556 795844 776204 800111 837063 828202 807775 812316 852634 807658 838023 795064 840714 835517 775566 828108 802267 861273 877179 806754 750189 803187 790858 835079 808295 838930 827914 814062 815814 776059 877413 764187 800167 849725 819565 841616 817624 767174 864963 834198 801346 811249 818313 789286 801251 872388 775657 852719 831254 814601 804000 815167 801333 792945 827347 729137 831443 763223 818895 846820 848605 845909 780288 855833 786321 878927 842773 812265 804487 839483 768143 848425 803024 836885 779405 850897 867213 847845 811657 874605 816596 830748 803197 870006 793937 823237 853122 799416 809209 839629 860201 814340 796625 817783 854741 761771 842927 833616 838700 833231 830559 851369 814304 815959 762514 793080 853920 760986 855609 799188 805432 816375 790541 815519 811431 822488 822571 856312 751789 736430 830172 811538 789471 777441 897225 820746 795448 798468 799933 798152 861002 813497 845573 839992 857347 848494 780814 799561 853227 867021 789686 810318 860762 800340 798397 808963 827943 842282 757235 865546 798783 767131 810265 804710 788870 723193 816862 821725 857217 816348 809332 848197 775712 753551 817359 790556 785190 894150 822327 802857 783061 815705 748877 810010 884317 824165 798395 819048 816054 855615 786626 743741 840698 821747 860288 788424 833882 808991 859418 793391 849087 820509 859886 814386 828660 808981 806262 802241 791075 813899 847741 805282 730640 837397 811233 846939 805658 793592 863098 821071 780682 830156 773311 821778 820948 827994 815244 849876 829658 795206 796360 866041 836869 799332 833645 806934 825645 781614 807066 815407 821798 765593 800596 831677 810105 818336 839132 816731 873325 824172 818095 803266 841863 802850 746028 793238 757605 777943 801547 842340 813159 825318 831795 821836 825313 837134 808825 854100 788254 756015 819341 745897 826713 855222 771066 814058 801107 802766 827142 843469 810668 851621 843121 817536 821643 814459 849011 800681 810078 776657 794077 817184 824854 842907 772929 762352 833235 794570 793937 805185 794048 809123 867659 845593 817749 874283 865901 818266 786968 826069 788771 793287 818841 847668 811808 790011 810811 750726 758780 815000 851986 843581 866680 796660 828173 816187 861610 821247 785538 806638 856286 814550 752957 812955 809423 831693 786837 783706 832807 842696 792472 825328 776233 835234 822401 808130 
802084 803591 819722 810208 816023 821506 830522 764150 846199 827978 843462 865562 813434 803937 818220 818266 781785 826832 756972 862902 770537 798066 786610 770415 823112 858177 806456 809856 789144 789562 784071 739521 796686 795587 798347 834120 817783 853562 788427 766088 805800 790179 808079 821433 823708 855980 825092 785197 809945 794240 835745 836340 861824 838230 827118 836128 794809 895070 853423 806385 762992 805719 837717 828322 794640 839174 805169 843189 821334 803886 839335 779634 803999 824639 795644 849061 809432 766404 849064 813305 791825 834397 808840 810957 795427 899977 794479 845905 823838 783019 787556 798152 798264 817611 831727 775701 834045 798651 823762 802078 835753 891421 800725 907206 779282 856730 882139 794497 807239 811738 763552 854732 806802 806208 790586 849007 867875 860618 811036 845694 832785 810967 839151 891048 800851 817613 814580 817313 788878 827366 857186 830438 784152 788104 847741 793413 827762 857969 835303 822336 833415 863746 812653 800263 769687 811134 839767 780411 856303 839848 801729 837344 795789 801753 847611 810167 810544 849778 782884 763533 844235 811196 813550 790630 867108 829667 798224 828258 826022 778240 853345 800457 842244 826778 864019 841998 793540 825717 844237 875523 809205 822017 890741 832124 807409 789979 823960 834709 783021 869484 816989 792670 805476 792263 809855 760851 821992 805448 869908 818640 804471 875432 785912 776290 813274 820145 766093 878112 810017 836175 755891 817376 764561 827835 866833 809884 792675 816628 842912 881356 801749 754558 773695 807390 850978 817881 831609 818250 850582 784837 857861 806919 821049 799854 841831 793082 811878 802088 793117 811908 833061 798941 726854 841262 845127 812099 804950 806369 891458 817982 795457 831758 778797 833974 818300 788931 803264 843456 843883 821929 812767 870372 822415 785645 818074 848495 826252 780940 829702 812199 798264 765756 789607 812522 817234 835232 828662 815034 843484 861860 826754 799271 829605 835925 750522 791739 751656 781623 775999 826779 808178 844643 806803 859269 827970 817286 832289 861525 783808 762665 802628 771063 841774 844125 791491 821558 808484 786771 819983 820170 788654 836674 856317 828094 833581 823331 827627 837888 821639 810726 834681 828543 839011 835720 755614 771903 830269 786480 785669 821940 833137 801252 894148 832166 812740 865659 829900 825056 803036 801866 780227 818641 799806 830692 793396 804382 814327 759988 759977 822801 830579 831191 841523 800937 814748 840363 846806 835060 818848 810279 870004 835041 759787 823421 811068 844795 815734 774783 827099 829548 798522 808309 815946 822808 811544 855860 
810997 797927 818416 782389 788880 800258 850976 764994 838553 811193 804508 817295 766211 793430 774332 763023 817463 762992 715390 834449 779553 735894 762887 745539 788309 812294 772040 793754 754668 775631 768373 788379 792416 745960 800894 796766 806156 803316 753598 763652 760942 777920 768479 768317 822290 792162 782246 784669 783548 790622 841678 771554 825721 825450 783435 820144 758694 832482 832227 775400 730855 764537 787355 794207 768922 783580 793517 806694 785296 779536 850418 752168 755547 835103 773788 814404 798740 756870 864162 828431 800127 781274 785904 778512 782907 871620 803246 838239 818087 774611 745316 792874 768283 810154 787686 756702 783948 778418 796107 783760 799487 829109 774333 826778 785397 841197 825056 809226 760797 755042 758480 839439 787299 812487 751375 831094 835160 831725 795495 814967 763817 781896 817834 829546 791353 797125 812095 796064 793276 803238 823572 779940 791219 780632 837853 768343 814663 829794 834011 804749 806220 848907 778366 783722 763510 768103 798120 763235 846174 796490 798943 813684 791668 812690 801121 782545 814321 793144 754512 716053 794666 773270 750498 758571 859117 799832 777606 781077 763325 754333 797279 814470 817505 830297 844845 813086 780402 800787 821745 858651 745123 831864 860592 792784 787631 746552 814454 837603 775312 839013 816248 775387 814189 770920 773217 718510 811319 809743 818116 791977 757497 813923 764770 722706 803526 795042 761031 871150 769564 767837 757534 807011 746927 794375 882914 788191 758087 796040 813783 825969 793736 739614 787453 793524 783831 777549 817646 779111 843558 758326 812120 795312 799533 759706 824637 767112 801020 784046 735906 780961 824799 785489 739210 825101 809310 800312 794975 759842 849073 789467 746902 817517 758316 816913 760986 801079 813637 795887 840427 757714 795566 849588 781557 786546 803591 787841 812158 748315 780299 792696 769090 752015 781388 803621 812126 786733 802929 805388 802685 818311 783040 797118 815373 802736 720568 776954 756215 741893 765732 787038 785992 800515 780613 825666 796689 792594 786496 833206 775106 757115 791145 748493 820227 830470 755565 802529 817653 762976 808141 828679 767770 813208 843443 792079 790259 796203 820788 781546 758314 780093 774249 805006 810370 788743 763846 735046 830869 795694 754359 761276 776672 795750 836655 796415 782670 817313 829437 784787 777564 743907 755411 783778 799360 790762 770901 765396 767703 724288 750218 798728 801384 815100 845369 774441 828719 792025 806111 800936 786289 806786 831532 776489 762320 733078 790734 768790 789394 748047 803811 830480 790933 787692 754702 763623 813488 803295 
847767 843397 845979 825176 844683 835980 877604 800736 882861 868270 883692 863059 792759 844177 834367 831940 838108 824744 793238 864091 818640 802526 796082 791537 846110 877542 830781 790644 811239 842495 793222 778820 819917 829534 834097 846817 890298 877195 816639 791615 823633 829919 814067 792446 890106 831656 818475 844470 848785 812927 872499 807191 868296 867288 868061 851986 808604 862722 866430 832390 784035 836387 822648 851295 825208 832649 836678 845853 834141 841365 855039 810329 816443 885904 784432 855065 881180 775319 885551 858151 807614 840157 836621 812836 835558 913290 839860 898466 860161 845141 792216 851884 821033 849251 868872 764345 806002 817035 804125 836258 821935 885287 838477 887555 838959 869390 873018 833580 822419 817942 793008 841932 863505 844358 813777 881359 881607 865382 819778 864960 857970 838422 838731 900012 805956 817674 824132 832708 862091 861487 856361 834650 786333 830939 871950 796199 850318 877874 868346 840049 842890 877167 858320 841523 825535 842153 886733 804158 894306 864055 816726 868566 829961 874752 820000 846974 796141 872780 792155 774700 825735 841728 808658 844032 873319 846181 833814 836177 827971 791676 874951 845438 865824 877897 887695 865204 785971 840870 862615 898024 809057 870816 890054 831864 845294 820736 879092 836502 804459 916167 799509 813763 836555 809251 804708 767773 857721 866080 870690 840473 800516 883268 795859 802131 840236 840831 827933 908800 811240 846372 802411 867367 799000 836737 905783 836563 820853 817845 845074 872585 836088 780540 815279 857793 855134 820428 847191 836567 866441 817969 854291 841943 833354 843033 872233 828145 849386 834287 809740 848211 885399 834066 766375 841881 830313 865574 864791 821165 889540 838980 825351 886619 801390 881801 839753 847945 853945 846457 895897 810461 841684 893649 852353 820541 835536 842723 852227 828473 827112 835035 845693 811490 810323 857098 856935 895820 849613 834593 859077 855007 822819 826319 883558 833374 780854 804889 793901 796665 824749 860866 858385 848687 846165 835668 812052 829605 832663 879707 831477 773519 833001 783458 851633 887167 827175 851990 853956 848178 860048 852005 799114 854547 899469 841445 833971 845810 864417 832618 822769 819422 830531 848941 863642 870650 753946 800377 846617 836359 815062 833167 820802 847066 871068 819028 839733 874331 840406 863519 797809 805201 812915 806223 828845 849294 817454 822750 829781 769593 762612 845580 867729 859333 907672 846862 840947 832217 903722 828524 834336 825627 871274 824582 789142 817567 821679 865103 819357 809483 836831 863333 846267 814987 814571 827664 845723 860801 
809326 818855 814312 775126 782348 806457 848712 764490 819402 807473 822340 836980 788497 802196 800641 775022 789303 773567 754112 852044 767562 793607 777824 789557 808302 819949 799874 806871 775285 780944 756773 716649 778313 767836 796480 824556 848189 845657 786947 757540 792181 774422 771028 794299 826995 827546 780073 770140 821071 763173 840130 795983 829038 809519 777518 823161 784229 824995 870413 779339 728324 780102 830823 805187 776682 804952 813011 837097 815138 805261 844198 744149 778417 840690 780376 816307 799726 743146 850594 829745 774973 810114 788737 775107 823154 853936 835288 844754 847681 792309 787731 786395 789150 819595 828465 749746 812815 781186 785881 787907 814836 819655 790920 854407 746408 819130 843127 797249 812316 780335 780046 828047 830421 793219 749328 841372 836565 831576 795075 844723 821704 822823 804920 828304 788842 811154 804173 791713 823700 834542 832975 814537 779890 795283 806553 798104 802684 826444 835325 821164 793055 862219 817023 796787 756671 823385 834162 766496 833951 827622 790421 840086 804683 782791 843887 781616 815804 853308 771523 779531 783841 801133 816092 792067 854900 806115 801075 756291 798595 781114 839620 821209 833297 833459 855965 817447 758038 804775 820188 846843 761822 844589 893141 805164 815215 781554 789560 836938 767785 862235 812277 785125 794302 805209 794271 747259 824900 810947 814944 815845 769302 871331 754836 749640 788006 828504 780962 854722 770560 816194 781939 818446 756216 790416 840655 799400 810678 783668 821723 833278 766399 759336 773582 787870 818763 748525 815120 801978 831041 813007 829653 787789 810504 815791 833751 760816 804140 811615 774383 827075 862838 801364 741934 831038 813193 847414 802844 815211 856640 822205 770904 840521 778365 818951 825078 799954 780108 856196 820527 758711 805584 841903 811727 739212 814388 807813 835049 801543 797509 797889 794680 785184 808519 797950 769129 823203 823315 816786 846613 830501 810268 789199 834985 840432 732260 817878 723081 764867 750553 812939 803201 794777 795987 817305 803750 797147 805250 822305 778113 772111 806982 727698 822137 832145 802210 795417 825252 789471 814123 818006 790593 818036 834772 787269 816864 789854 817815 760834 781687 803412 785379 799051 804888 841462 738750 771720 825934 781458 793581 815309 801463 785714 869667 797346 790261 835718 824703 833143 798202 785116 754213 838081 804274 795123 813016 779041 792661 755113 746149 799079 843272 812722 875607 818173 815729 803956 814207 808841 782557 800292 815593 791142 736344 774016 801834 841586 794663 771875 806547 829240 769225 765691 763386 810768 765855 833050 
822291 796828 811855 777833 812791 831725 825754 784730 848963 809767 847736 858271 794828 815269 817994 825471 824939 821031 769611 823825 777064 811729 790638 822332 834626 835538 807909 799291 795738 802762 798400 781368 792806 802269 826194 802350 865178 836020 778063 757572 776561 791038 785255 787293 840401 810747 802986 800295 819938 763241 855416 806257 821955 847777 828675 809701 802761 886606 861648 810618 710787 790377 839033 827407 783372 788831 811348 830234 820264 795927 853774 752161 808811 827506 818605 874786 848899 779661 861291 815755 799002 830648 787762 787224 797404 872243 829444 855712 825549 799222 831139 792175 778268 826940 800278 776551 815569 786388 795277 802366 821200 872183 794679 887194 791190 827533 827929 794964 811075 780742 778592 810025 820491 782461 776905 846570 864966 839467 833960 852296 827417 840937 832213 849795 800787 834681 827890 812741 788384 865365 851687 828842 791062 793016 831510 829532 817811 851586 881250 817038 824305 850252 809353 793621 750672 781188 826051 778208 852195 842050 813824 791789 801044 799461 854039 794733 832388 838700 775384 782537 804734 781445 783729 809572 846369 799231 779101 816348 807142 773924 838378 803697 847543 846726 863068 843059 775842 797295 822167 859066 800789 826494 891750 828667 809573 795646 794601 806410 792045 851684 838665 795529 808045 812031 807232 748216 834890 786285 850057 813440 794573 821194 789052 762568 803030 809479 760675 848235 798878 840835 777836 843135 753084 820116 884478 822103 781969 801692 828866 850532 788953 777422 797738 819899 841059 807278 811397 777257 842873 766300 847105 811187 853196 811998 820063 815378 824728 824880 778408 798910 835536 805333 745441 791896 826822 794530 791337 790518 851555 819627 751801 848055 795516 822973 832716 810989 799300 811133 806170 807153 812693 885354 769976 781120 804315 839398 825286 771418 796452 813660 802669 774708 792514 824913 827217 831640 822090 838279 837206 814975 803007 810032 823482 828759 799411 830669 741533 779773 788407 795631 815266 816414 814092 843457 820074 823414 814926 855890 808624 776579 786301 764716 853232 834842 792859 812171 799482 789464 840904 836227 765391 827210 850402 801733 855512 791727 825644 809631 789980 810310 810078 824092 835032 809593 731601 776706 833992 775731 794599 787597 794037 790192 867123 796596 809254 863200 823126 847745 810709 775126 776641 838388 807695 849714 792562 795517 812861 757536 782459 819512 842706 841668 867342 821808 834779 823048 845516 823994 814856 811053 816821 803616 787149 762772 771187 841461 807231 803033 809297 836164 836362 818397 766498 853003 832320 839880 
833964 820418 838292 797519 802490 853165 836993 805547 848441 852341 849073 858029 807069 843547 835701 813786 816101 776972 765568 856860 807971 807535 816624 799775 826060 842812 811642 790556 779715 807961 773091 782102 797745 794286 813526 848487 853826 852133 812921 778888 822932 806798 791362 767067 881973 824280 816326 812959 838587 805534 841438 817295 843650 831889 848388 849835 817547 849719 871256 818895 764100 811879 807101 831633 786712 840071 848976 838876 840121 794879 850285 794214 788342 852967 820001 827610 849070 776765 833550 809408 799975 832288 819801 792011 835608 909704 831225 876675 856680 805941 812888 813658 812243 844221 812114 784640 840504 801185 829535 822763 821038 870915 832414 884047 820424 846010 856140 824950 819339 818086 769876 843591 827095 834785 763154 854656 848187 864605 810179 868694 842628 806966 828505 862601 805140 822011 830590 769433 817699 902588 843242 855408 774646 804752 873352 771086 836770 826088 838756 834703 792073 827700 835928 841512 757231 811000 848448 782250 856230 833836 817214 801238 834288 814064 809907 819713 807014 847396 778647 789500 827437 796767 788015 807771 882194 835189 799836 822134 817026 801589 841011 833406 844951 853102 845686 839008 808016 835971 809472 876917 816069 866823 893472 810097 812529 786900 833040 841790 770122 876605 831556 772205 819030 791740 808607 728114 828484 828726 872997 806263 787600 863025 794258 782509 816773 827973 776097 901120 806649 817135 796464 820278 791805 852005 884281 787125 825073 813284 817224 838317 794818 798486 809621 817998 837812 810892 807344 828226 876189 804571 871540 842590 828388 817361 855448 809520 841285 803496 814750 827068 861666 803539 728382 829577 847271 858406 834378 835831 857753 816111 780833 892433 803833 858023 841484 814755 828183 852214 839174 775191 801748 866807 820430 789985 821711 837842 841786 809947 812929 818147 815908 781844 794773 819494 824705 862647 831247 830918 891001 822253 819523 816609 870306 829816 742469 806919 777362 785405 816494 831214 856692 836800 813638 827083 818336 839300 830993 851282 805810 800963 815836 757906 837399 886530 769445 812859 808000 804150 803627 845333 791043 856552 843353 811168 830716 817054 865985 827758 787158 821246 824793 814293 827588 847999 796190 772711 810727 815530 817667 810380 800631 809916 882504 818783 818256 862259 843200 822451 829240 801495 798099 811260 804993 846779 806543 834653 842697 745063 774374 836188 866223 839985 866722 836118 815354 831472 835264 835469 799278 826228 838024 821014 768759 763588 790575 853637 802444 789432 852644 854193 801899 822716 819909 811156 830430 847083 
839886 808812 855785 782745 826669 835675 831833 802470 857190 846083 849586 837566 795119 870334 835571 841929 820269 811590 755084 837891 790490 797830 813082 780813 834595 825707 795153 814805 807249 804647 794054 774953 811184 785097 814134 835428 863331 851891 804794 746913 805414 799803 789246 793524 875012 821038 803845 846201 812148 813258 834115 828386 838179 837670 800795 844715 800121 884301 899787 809247 772383 814370 797769 823491 788430 828844 829326 851729 806250 807551 866528 787067 800696 863399 789510 852834 851696 772080 877631 849210 796128 847271 843947 768592 803877 901833 817579 870026 834365 801358 828600 813594 810985 847294 832722 770849 860974 796826 853259 830729 847739 857610 804696 877224 815262 815607 861843 830785 792954 816522 762275 860574 832362 819331 775534 881062 851039 881491 814404 872886 837531 828062 815323 892715 776001 812526 851286 850047 832904 876562 872533 833778 790898 805074 836398 801782 832770 842545 848502 838077 841400 866216 863210 818159 772446 811454 834781 751356 872559 822871 811858 824138 805152 836129 837197 825205 829146 862696 790595 801641 844355 815110 790519 806869 864380 824520 847724 825606 808690 799208 853454 844218 857741 865493 894133 856545 815728 837314 837656 875287 797203 845860 872947 810954 824035 850464 854171 842862 805668 872555 803511 801560 837264 815764 814594 751943 831335 826477 873682 837995 792704 890701 811986 799656 823932 857805 770016 851939 828605 855213 792236 827414 777355 849282 878141 832391 792364 802768 832164 838861 823768 775329 789261 831037 829710 786853 818060 801626 856661 784494 863333 828732 829006 804150 831961 786809 852054 807124 816558 830467 893097 825727 747150 826747 812698 845820 822911 803806 871499 844761 814685 869847 789186 851959 829992 816974 847946 813003 858631 814795 839232 872031 822654 797924 833802 834792 855747 789936 827060 833271 815939 779230 795359 843746 841927 840117 838822 835828 884185 868280 850506 832786 835214 826233 761601 812523 784461 786922 779223 815518 825127 805798 839733 850600 818200 817408 813542 860084 827164 800611 820682 746402 849598 855285 776762 811800 830917 813239 835719 869647 811265 849287 858050 819932 831758 817434 800155 821749 805894 828530 818291 824979 869848 890384 747693 755060 825522 817874 816872 829183 805932 823425 879660 810480 800345 863879 849343 811345 797240 809784 810943 832284 845255 856679 790931 815092 841446 759482 767661 825717 846514 836347 871740 817750 826421 820110 876611 809256 804742 830461 860480 813586 759107 806431 800558 846169 816997 805635 849374 851999 824636 820212 800059 849013 817066 855602 
845256 833098 809642 816933 808507 855887 879541 792793 855180 849469 854665 854306 801759 858112 819678 829434 813028 810162 778859 861772 779071 822029 801773 807995 848213 862492 820618 841705 843946 784580 818568 809872 827184 829992 845415 853735 872217 820125 803378 781970 824021 826650 828157 813032 843464 837984 814895 867905 844398 839421 848436 849924 847806 833844 832016 850202 801432 874713 843697 803362 779484 789312 818447 843964 819016 826172 834179 821761 858490 800643 861911 791817 804961 839596 831023 854038 855507 808179 885278 886436 801930 833798 833489 792095 822297 879247 838693 888422 849874 853473 805964 800138 836126 870487 856717 744598 810694 809129 826214 852283 825257 885014 816807 895274 810817 856600 879842 855524 792865 826409 772750 844878 819394 839571 799819 865258 871403 889280 839686 870457 812193 856865 826808 882870 804218 848119 851355 824447 829296 867923 856545 818968 820350 833468 886698 817872 800617 882607 906499 833447 859587 894926 819883 831143 784902 799354 868001 791195 862699 835114 853973 823226 816882 800933 851918 818235 846834 863884 797205 781136 844345 822049 820619 833673 894473 822183 827116 838795 821319 788772 870324 833541 885711 840652 886915 868134 819935 842838 804937 880055 806372 858670 850186 834245 845469 794127 835992 840116 803262 865377 835003 802070 842146 806807 823893 737719 844254 833942 841800 808719 816394 874753 796583 778742 812232 810528 770652 883327 825456 814324 816368 847374 808828 870110 912986 862997 784696 821996 820883 871935 796139 800928 803746 854197 835513 819047 835143 840074 856313 814917 906129 818892 841166 829586 829315 818810 838843 812418 830813 839010 878360 859128 769860 854187 817477 840140 829740 809332 864005 835585 775402 865992 813312 838051 817453 836974 828784 817548 840720 802223 809182 899330 814591 802223 827730 849421 866417 802246 844284 821211 814938 780953 832371 844697 860333 822515 831918 845413 862592 854283 833434 824224 866943 843120 764555 827546 780080 786174 814294 843961 830973 840780 864985 851300 802940 807769 837839 865675 820316 776319 839164 768409 856423 900250 800063 837765 858954 813737 825264 838136 788615 877021 872886 827805 822169 824623 859864 838958 810531 853007 834511 845120 869724 828587 803435 754113 848274 821690 796814 839442 803678 833031 890318 811981 848543 890429 842901 824668 840511 793292 810124 837657 843500 836213 811972 806112 806806 788666 766815 828216 875599 899823 883959 828428 840760 842920 855597 848898 848475 810450 869099 824356 768242 813986 823059 846695 822784 817303 852381 837198 820572 825381 799670 816916 827270 830531 
803283 787251 793103 768905 794389 803111 818089 748489 835691 825664 847153 849306 749582 817260 810490 793398 783823 794181 753394 805147 777767 738454 777104 777650 814822 809216 779501 780309 784110 769647 768319 750624 804017 762540 808974 801117 831658 833649 766169 736914 780614 771801 766399 776181 831383 817595 773060 798315 792757 763003 832421 828369 820051 830973 817700 826653 789891 829548 833922 780550 723991 768868 810451 829080 819744 798692 806226 801866 792270 804681 812058 762372 784107 822488 775586 834859 808806 771366 856299 798905 738331 787064 789756 762075 774080 894667 786038 855800 803946 785188 800087 793086 773862 805126 822315 720401 797769 756233 815607 795221 772535 830154 777609 835915 771150 839147 796964 797681 792416 781890 753759 822631 820634 798300 759804 845664 824283 810674 781293 830571 847581 826880 782286 853666 783812 828383 803681 781729 816468 823756 814398 811803 793469 753714 851090 776160 811621 821513 810709 810517 805242 846158 791922 819344 740635 790567 815849 757648 830491 800270 805192 782990 776289 797459 802677 806778 800269 811584 734477 754105 806504 790179 781785 789563 850405 829901 794553 779233 811922 746322 826493 814027 833823 811349 863382 810281 773710 795324 803397 831908 761618 834668 873597 815120 789384 785576 810591 806642 751043 876960 801851 773706 798037 758813 760821 712803 825107 794739 862162 791983 747515 818537 756936 736717 786867 798393 778014 831937 790285 811254 742972 814352 772976 787202 861193 828368 762626 788835 808076 818716 767349 756966 797275 792613 807347 779837 806184 790902 829563 770227 806886 803440 791868 813015 801980 770937 767336 814649 778059 768102 833725 773368 699713 774082 808955 818719 793113 802138 840906 786194 777712 849224 752699 817222 809493 798656 843742 812370 806662 786125 773242 832572 803845 784322 812334 786648 834971 767182 805246 798252 823612 769739 781374 789086 809312 802001 804580 812300 842968 781879 767202 801126 822124 825825 736192 793734 703214 778281 779247 821491 780922 770866 798004 809999 797066 789890 800485 805573 761293 785347 783252 742448 807482 828542 769305 800269 791011 789627 798354 839008 780224 805894 844021 811160 816912 799789 815069 789999 774378 796556 806412 774576 798166 810043 719351 753673 797298 751695 779373 775209 783460 800096 823354 789905 749473 861537 806539 810229 789177 788563 764984 799189 818320 823864 789942 797940 800558 747284 762930 793863 853957 810071 870605 800525 822466 810624 859383 795219 801064 820870 807073 796042 737290 782456 780505 801913 771882 784953 812686 806055 810724 778675 782090 800958 786207 813268 
817621 825478 804563 802346 815462 830447 843829 781125 870986 839133 848483 856617 777513 843839 797665 817621 801746 806799 771837 832862 781665 799367 779245 800724 837855 861038 813870 822792 799815 800522 799966 780552 800121 798474 831999 824133 858254 851175 792346 788779 800256 816993 765569 790687 850679 831766 805476 794694 827356 790234 812986 809352 839836 832783 806320 836877 788667 860103 901345 776643 759213 810713 829003 838388 806785 822806 818919 821260 816340 839719 849675 781479 792100 836426 773665 859614 820321 761057 899531 833433 808494 800803 804851 777319 804759 913082 819281 839596 841801 814167 834718 807683 826509 814040 852412 786635 810950 803894 811219 806767 811236 876837 811754 882851 804797 850539 859457 816235 779926 788967 783067 863754 827053 799278 755213 865586 851259 868027 816449 880088 796673 834292 822747 857792 820833 824452 866875 822972 850437 833081 820927 828708 800003 797209 839134 815731 839380 879136 869911 828734 842416 876029 833917 803712 777402 811568 834480 778438 863371 831281 822306 847016 796128 808366 833209 826740 850164 876720 749235 725518 856857 833432 779968 799481 850269 823711 815188 812436 799929 777501 851257 847365 846820 859516 907661 851152 812882 835186 827282 881552 780044 849512 858159 827861 827358 786166 847251 831011 788231 860844 808436 801532 828015 801790 797740 770772 838544 830301 851473 820515 782968 850691 802329 789309 788105 803493 794553 850069 799680 814918 801875 823552 777935 834483 869035 834036 804638 816941 838722 847294 811621 766237 787423 835174 829114 813089 838868 819090 851058 806252 868657 843475 817583 805035 815311 788910 809028 815402 765328 809116 877109 794414 753488 834931 813906 839786 822090 803815 876561 825627 788795 839702 795367 837142 806790 784384 814512 840056 827401 797474 811857 869120 806557 805798 805850 841934 847786 772797 810452 834063 809862 770497 827655 848561 796597 841110 827493 831148 837837 846066 788542 804871 841859 818295 755953 799910 774582 776028 818350 842430 806135 803586 800166 852629 807727 835578 795859 858668 794793 777490 795919 747695 831321 817806 790199 831915 801984 804909 864907 828175 777466 843216 849088 807948 821591 804827 825836 813281 815271 832136 811863 811453 807305 849491 750374 770962 811696 767984 795866 809061 783753 794328 828665 795219 822631 868568 831892 822530 807101 790073 795900 813549 802707 820686 798807 806999 809999 765605 752189 830763 829765 826286 888170 825949 837776 825577 836872 817131 819598 812923 844408 816215 780339 826153 794501 844878 797603 774854 799928 833342 806180 806681 800308 831714 822131 871269 
874368 821755 861265 814756 814624 833760 870955 816774 861997 860789 871545 860399 812764 818852 809146 810637 838054 789335 775245 894977 819929 825572 779869 796704 821525 842945 829471 817321 797226 832822 807014 792501 828047 818823 826247 872042 859468 855395 798073 791325 805680 826369 809812 821491 867031 843622 825334 813107 823718 819412 861741 833383 865541 872352 816552 837841 801946 861791 888078 796102 776178 831475 792881 862773 783549 848784 833790 853942 846221 848157 879910 783118 817852 870781 828229 858211 850964 805465 891065 872406 819220 859164 844112 813371 806978 883085 811727 860754 831586 836786 811650 813496 824600 833466 861471 761548 856484 799957 848098 838643 857859 847803 811085 887634 820840 872312 866297 847405 816946 841770 804832 891245 834188 861848 793764 873148 875328 855161 808019 887220 844390 825535 844057 894321 811206 839125 858767 815580 866805 865878 866655 878509 805314 846439 856916 814120 845464 882995 885321 856520 832998 844645 830969 849919 773743 839257 865802 783001 866707 819815 800141 854804 812009 803497 853678 832787 832255 860974 808618 759591 834247 798540 803837 810606 854294 816491 840406 833235 821106 842552 869790 827784 857500 887842 892617 829341 817822 800583 835831 865787 791528 856684 902278 858487 828481 853628 877109 870944 789292 875245 850318 772742 823375 834720 822176 767663 861634 842448 895218 833075 806066 897696 802877 798270 833284 838168 755684 883661 818286 876882 798362 834288 824089 842265 874015 824223 793964 811227 852261 868477 826636 789473 821014 821346 816954 812265 854503 798356 876484 808456 896928 824743 851050 825339 850795 797650 839730 842046 786092 821308 889962 844724 781441 836025 849179 845777 842906 816206 840041 840945 823790 884255 822782 861035 810564 840184 834948 832577 871646 810671 852567 893769 866398 805450 835920 860658 834515 801179 806071 814146 813487 781675 828479 863016 832690 832652 831134 843569 862107 874634 828447 834433 860030 821009 776967 829960 769579 808692 797181 835424 829642 822911 842858 838998 814191 827935 810326 860633 821265 786003 827045 751496 813471 851078 802356 843560 841559 840822 851041 876985 798994 851482 876487 826135 836687 824592 828997 805002 826599 824063 839490 845064 828555 854092 766972 800395 850122 819319 821364 808611 819868 826609 889843 835675 839967 864229 876875 807203 812633 803170 803130 827049 833370 827657 812102 846209 823335 774032 772571 806039 870784 870116 916090 824283 851132 823638 861536 812224 841212 829577 875689 838050 782092 815323 818754 851919 846048 801501 851806 869594 805483 840321 804403 853503 817818 850454 
794965 786080 821330 771068 771509 814829 820234 798318 842670 808034 833290 843142 769740 809486 817357 783062 804311 756947 753595 827017 787712 790426 779099 751787 814850 797701 798687 808467 789994 765791 741991 752144 793159 794953 804175 830689 844483 850353 799094 761443 808015 777275 804447 790858 828770 820849 796822 780099 811009 782048 832805 797443 834778 820255 809915 815067 784532 848776 862889 758115 704826 792461 820782 830103 787465 800351 807355 828300 824140 781448 835260 759989 787315 823510 789713 853302 829880 745090 854274 824753 802546 861888 778150 778108 792729 893581 802284 853374 834304 775589 783177 788643 793841 803398 793153 755736 808694 744813 829981 800948 825132 846722 782971 877211 771456 834982 875368 805043 777443 778657 773269 837773 758976 788276 766471 840467 832743 831514 792467 833858 780541 799538 781896 874034 758965 811852 794843 827055 806656 840405 827290 822197 785640 766905 833606 790736 809631 840088 813813 815225 809019 842442 805966 780503 752429 790108 838356 785732 845670 819156 803386 790413 812169 791228 806925 794118 831293 836272 776716 747244 822092 812254 792422 775880 856039 803310 811455 808128 792032 759711 837788 793483 845332 823442 861802 861056 792766 837676 825304 846030 772114 832502 865243 829089 797106 772180 828348 849007 776912 872826 791292 778050 809028 807610 801270 751287 846151 788203 825739 816696 786911 846006 798000 783158 801119 832613 797367 871399 802125 794945 781918 812510 772404 827060 831315 805240 808450 770737 822556 809475 768124 755319 779148 820943 813717 755993 795339 801009 829147 770962 891199 803886 804332 807594 864556 753578 777636 816124 766027 797659 864547 809311 734586 810918 816765 804777 766788 751914 838384 813700 784028 827397 783957 842822 805774 816529 829362 820293 827067 796514 757360 865848 789948 778067 828836 830766 811034 793318 817495 784949 766201 797351 793354 815156 834595 795554 809649 804871 849257 841327 810511 802765 833639 796552 725452 792726 776022 770044 804306 816041 802301 809933 810659 839201 811316 828660 789950 847169 752099 763480 803352 749005 845386 836965 782761 811121 788206 789419 800334 841971 793938 833795 848772 785007 808714 825563 806487 820944 795642 798287 798108 788058 818401 826273 731424 785596 835325 816474 779243 809671 820947 782727 858836 810194 791474 855855 816470 807039 813102 787920 805137 828586 787462 827233 789686 773030 808404 742066 745355 802374 850439 824382 828544 818299 806495 840911 843099 815586 817657 803134 820983 804958 799845 768195 790375 816153 772928 787117 820142 824898 786565 814152 775710 806269 803973 835211 
723673 717890 761559 711275 713359 729357 783861 712995 752112 759937 765138 737820 704803 747270 725977 719630 740988 705455 677196 753801 709165 723407 688436 670616 760440 783017 724919 718304 702517 702385 749489 680801 719693 716150 756201 746792 758924 765906 701498 706272 725094 740783 700264 710264 747444 763691 720413 692134 747893 709123 764971 736257 740241 741138 747001 751845 714919 767951 760540 715112 677549 726129 717446 745399 716295 737703 743110 767621 751095 722682 746384 678996 681881 799646 715477 728957 733539 692477 800185 749140 710785 757149 728880 733627 704416 793538 728329 790400 763137 735336 722834 731939 700946 756900 770475 656913 741242 688839 732202 743502 733715 740600 724642 761958 719202 771110 784504 735117 708682 724275 697424 730852 728562 747562 701534 815501 778993 769596 719298 798935 724266 747919 731206 795571 711109 733456 744698 745492 765853 762109 775433 746073 687495 723916 790785 730546 754107 764300 761988 738757 771928 790354 759116 751779 690445 726593 756037 752923 785296 746938 762600 778544 739718 735936 746357 714456 736955 761252 676129 671644 720620 717260 732073 712831 767734 739587 744336 696643 759692 696432 724676 724114 783599 765825 803710 759107 725262 764058 725111 805218 704399 746127 771873 744855 710881 696370 746437 763529 692523 783661 749203 706392 738837 696256 747224 638466 750450 749317 734070 724815 712633 804295 687826 708372 723364 732313 699319 779194 725118 740838 723923 737715 674963 732065 793473 763888 726774 738432 731532 762558 726435 689545 717167 720560 757192 713617 721863 727308 768233 712384 778282 728145 757223 754181 754642 716310 718334 744485 712205 703920 789857 742630 687221 727717 738480 720937 729311 715418 768572 731523 735636 787959 709540 736955 702590 747930 735806 766248 749532 711349 763822 784333 731417 704353 764935 750184 742468 695794 752148 731873 745114 711043 703709 759159 739399 749350 749572 749232 761974 756421 708957 722814 785414 736464 691326 708560 685868 700290 736137 745074 717024 740487 739259 738532 722944 749520 740471 755713 712088 683901 717154 685347 728448 766159 729113 757145 732540 740491 739454 725718 717199 756858 766277 733132 740963 742665 758386 676199 732862 707476 707379 747685 743604 756084 674232 705051 770975 719250 711743 740722 732128 742697 783014 730381 720527 780634 779883 738427 709062 723997 698006 710483 737640 768546 737665 727420 757771 678845 679507 753049 786712 735341 761038 698943 771158 737659 768765 723161 733160 699312 746794 743817 696123 699547 730806 733081 727123 709860 758480 790585 727501 722077 708996 731690 718989 755907 
814600 787534 815149 794976 793649 811503 809585 758748 813759 821535 823229 801443 765492 788944 790216 786950 798476 776353 731867 834446 764877 769571 769482 759695 807040 802877 793914 787833 774091 786241 753537 767552 785771 780481 800580 810865 824549 800604 751253 741742 766288 802935 768130 790089 819813 788557 801612 780836 792928 774527 796776 825234 845557 844090 783034 794099 783541 861358 844088 777122 728654 783121 806932 807259 782683 817226 787802 803639 805128 773348 843231 760265 762350 835419 805558 824614 802865 746430 846907 806383 773229 825222 786489 756909 751256 858356 789462 830433 807373 782816 797085 796448 779746 794281 801111 718802 799304 777964 814650 790746 837948 843893 766906 856174 768269 822957 830157 787883 772632 804080 738880 836793 793296 804313 754690 840136 839473 820050 788847 860953 799139 791540 790328 877932 766245 806807 812922 797866 834743 819491 834031 793107 781130 812568 816190 761110 808076 826998 814432 796628 803494 838771 799512 805795 754947 769882 800210 772961 837432 826511 801325 800400 782029 800927 800445 750642 809002 807582 743957 737143 801405 799811 776559 784786 816362 801908 794038 792255 786492 779303 846894 797568 826713 845500 846817 819652 770832 792534 807030 843378 780737 847726 853270 790079 799247 769258 796607 810739 769499 839714 807455 786735 807823 803393 814872 743470 801357 797728 841323 790350 779681 865633 795025 782504 815289 831491 748581 841104 783087 807947 748427 820529 784375 781583 860195 805731 759084 789548 810393 809336 803125 755816 774403 811321 802281 775806 817289 794004 833303 750203 845354 792222 795340 773329 832932 802771 783295 792057 755275 777488 859698 788586 731155 816321 808998 791505 791159 758243 857827 788932 764924 842507 773919 811479 786642 798540 802302 817918 805250 766986 801723 849437 801407 789815 806789 824579 823383 755788 794308 804867 775928 750985 764940 825363 798208 819531 783458 822824 821916 788027 808909 784832 822673 791046 743139 790671 750612 773856 790872 774929 799085 808579 801062 839676 791533 786654 818688 830641 770462 747359 780669 753017 807122 815301 786581 799635 802069 793798 799466 801477 780365 822527 831851 798920 832697 795653 821366 759439 811984 766757 793588 778249 827594 808393 747862 743015 833082 764126 771429 809252 801062 791014 886249 795288 806771 823645 822254 795061 775226 768335 777624 803136 825726 807562 794083 798922 778970 705010 749815 791773 851151 826409 842445 775992 829110 811266 847321 810325 797311 783057 819270 778136 731253 760023 775981 817090 801682 741814 808489 837712 788597 788343 753884 817590 823296 834284 
744433 732423 762563 701419 728188 761417 783934 707347 763399 755020 786789 780236 702946 743327 762801 709866 755974 736376 706967 765737 716175 722731 698565 708338 752909 763410 732801 730374 723541 719334 720276 714335 719043 725859 771353 759193 781960 764927 719179 691372 722470 708208 725701 719587 769412 794011 726524 723772 746321 708271 783691 752076 782738 759894 725785 745357 730461 794838 795785 725176 692659 718517 746897 731898 717206 763978 765791 773920 745212 749232 762176 692621 724909 783498 710251 754338 763552 713126 790933 769140 747613 760154 750420 714698 769560 789276 751390 784930 754003 747927 755983 735007 738373 749670 764063 705452 761904 698851 753865 727392 743843 808329 725523 818989 688331 799604 746704 730715 717491 749681 718872 792562 758019 736823 718970 802106 783763 789631 737884 789516 744064 758418 738084 796339 736608 764498 763557 733243 739207 774359 772935 754588 703660 713835 734710 735308 751757 806134 788065 731925 763060 812964 734657 725672 696724 731491 769719 709725 789527 751995 728619 787400 739865 716512 740482 738137 764909 770394 708673 697362 751471 751003 712636 733356 793580 762011 737914 746590 762309 700152 758085 688461 759463 796000 809072 751625 754501 752144 757581 784536 698260 730857 827817 754882 739416 739243 742003 721667 713423 795113 744943 748265 730546 730503 729459 689351 758740 743280 795648 737910 720099 801249 739899 696938 760950 736419 717638 755160 729872 757581 726269 754094 704202 773246 801799 757634 732163 732977 733329 795824 721857 709946 710391 772350 736297 720489 741241 734423 770306 723896 780184 734457 758957 739958 737626 739064 747565 759042 724656 754556 765626 722018 696839 729797 751304 759876 753782 749766 768954 765454 740540 762855 706631 725282 710239 731272 726456 777961 756310 734666 785177 760674 741954 739352 752292 770942 753626 706854 743371 727743 743992 695129 713940 752584 718774 738196 753926 755834 756760 776854 735313 726941 793681 732403 701709 753171 678687 729181 724829 729553 746382 754091 749869 774772 748494 762143 732726 768352 734065 689655 702947 687357 760636 765335 703552 746152 742266 733880 747401 764984 734457 766907 787148 741408 750389 748792 769614 749934 726511 743446 713202 781137 759285 757379 706879 701732 746587 711256 716386 750622 748189 716878 785010 752187 751353 783873 771507 751595 740974 720100 739665 736719 739287 766888 720146 732178 745807 662151 693546 757945 770200 777552 816069 746065 765126 745834 809946 739126 727562 734891 754406 734278 688155 727486 711409 753499 737113 746052 731020 790525 716044 761035 715301 750343 747939 776776 
875583 845139 857213 805419 779658 856532 848547 793774 823665 853003 869190 860296 786503 804235 837573 821858 839160 812422 778374 878422 795743 806368 784885 791154 834141 874093 815559 807572 788482 816443 817213 780049 802011 826149 825746 857978 871296 846719 796960 800107 791910 806279 802809 825745 855411 856459 815215 805194 823828 795012 872799 817873 865010 874178 843966 824662 807145 872407 874811 808158 777453 813574 843639 841531 815207 846061 840221 847838 865084 835543 883671 764417 807639 884914 791561 847131 866980 769109 883875 854020 816570 800924 833253 794522 786796 923180 825744 861215 834470 797663 812425 823756 788484 843323 844357 755685 837158 817482 795544 815373 834428 851987 807332 860954 800835 835124 867180 820820 796542 829042 740226 871108 807565 853030 780620 869129 867110 865713 810937 902408 830046 852208 837035 881488 806862 856982 837080 807207 831390 857995 864947 847677 790213 806679 880063 792872 854056 859655 866052 845484 822826 870688 855759 864462 800640 830893 871978 796742 876799 839173 836128 855556 848914 832782 844490 823786 861022 852596 785797 737740 835319 789873 786329 809792 881014 826223 808427 821984 824662 793936 834652 823978 825962 879675 881439 872173 786959 856643 840914 890991 797369 858321 891212 832773 828312 821085 863422 890610 789249 865236 842785 815738 829653 797146 825608 756770 833205 852153 875419 804745 782030 850960 820645 764798 840258 864546 791079 893306 823919 856128 787909 833936 811219 813112 913012 809530 762519 834119 846847 843336 800851 795949 806109 827301 861504 797786 871014 788487 866734 792487 892257 827017 820138 849150 834138 814586 838714 806730 764066 856849 864417 823229 775867 820934 826944 849009 834753 824740 860950 849091 818660 890432 779289 847892 814838 809690 838516 845949 846869 791912 838517 908319 838414 799015 813974 846690 862144 783722 799026 806785 817638 800631 827280 844463 844191 853599 846216 829159 872454 851952 812620 824836 860730 839885 781625 815868 798555 792016 794492 854594 840433 817747 810978 838986 814578 813804 832821 841390 839869 777736 813683 758084 834310 845148 800569 821397 802153 837678 856466 866249 802190 828722 870711 818527 837342 847680 842400 808421 826134 808455 817278 846055 849860 817598 777771 787454 838014 812355 823276 828873 838616 826985 847416 833840 837195 885077 867317 842311 769079 799999 789185 819024 810492 835730 827442 824045 843784 784942 762009 852263 874063 845375 874535 848841 859583 853568 862048 810628 823286 828689 829000 819235 795452 819145 807571 844499 808480 822602 844874 872611 820516 802463 803332 841981 838490 837768 
748314 757048 751719 748619 751509 757255 787365 725673 793592 760921 775732 774244 738112 753137 757538 746009 761621 743553 679734 765770 743463 729094 753818 712710 761005 785801 745336 723167 745292 727033 720249 728432 752604 722280 750182 757331 754521 783501 728039 679979 759419 729348 730641 728072 785614 758150 751947 752411 773582 738028 786141 745910 772161 796008 746430 770594 739536 798014 808235 738510 714501 728598 755844 758317 729622 752449 745363 769604 772015 731472 789033 728933 732028 788961 733938 796867 750762 704693 789790 768425 733047 757727 733295 750064 725678 851134 741083 812168 758356 758166 755608 758422 707021 748735 756316 703808 776785 722950 771590 759510 783061 799066 761260 814441 747722 821218 817427 761938 746680 730537 737823 793516 768340 780756 698519 787793 778383 806172 749831 791072 757366 772699 761149 821053 719251 766904 766659 761523 757834 794220 786011 777112 735583 743062 778152 724284 745264 758962 792503 745349 774472 801279 788705 759514 729231 767886 768597 749616 777679 755849 775974 759271 760836 759589 776263 726951 767013 808279 712001 695460 758800 745848 740108 760196 809785 781531 710911 740055 752037 724140 803189 719780 801575 776180 823390 773827 734706 765391 795981 826169 752207 787324 831370 762939 775935 728254 775834 779320 707589 792020 768716 742375 720977 750459 750069 691705 786001 760161 788617 744585 747133 796984 722997 717414 772845 758668 730915 804213 753544 735293 697523 768202 736942 782020 819419 751426 723251 758402 763960 778284 735716 728208 728544 784614 794461 750825 780461 745879 812786 721043 817081 787647 797102 762805 790585 773247 758469 746851 711020 759478 798074 758181 704336 778533 784997 777862 733735 718054 803505 772600 727528 769401 726167 768409 756546 775052 765561 801302 782020 745552 759991 798444 755709 724839 777919 762788 777466 710840 768696 787366 760760 718961 766457 761767 751100 772664 785981 762954 774881 792601 767604 775839 770774 757763 696927 766891 694843 719032 771621 754544 769892 764723 746550 750455 767533 757416 742848 774467 719509 733892 743418 713429 797049 788442 735377 764449 721472 744025 758749 770515 724304 765615 800955 763608 763710 754932 758948 782391 744783 766537 738247 762970 774910 772421 713209 689880 790632 739855 727424 768795 781476 761705 816503 731516 741964 790660 788003 751179 756250 727522 713222 726230 753756 756674 732149 732880 743367 709217 718683 778410 777741 812045 792038 744714 787760 792892 794539 776739 748651 733012 765204 752990 713310 725702 730024 780493 737162 708243 771510 802220 776870 726657 741993 750621 774414 782841 
827805 836999 826450 767439 797547 841384 866449 800962 841408 832992 870000 841783 771967 856789 825159 832020 830583 805897 776100 832788 801907 799994 766024 799008 828517 872093 794938 779466 802132 811780 782006 817054 808848 797605 831164 833918 836737 856442 782697 764098 808627 836232 823198 793251 816320 822564 813224 819903 818468 794894 852130 821055 823209 854633 825787 838075 807541 874099 838590 809712 808160 801640 820490 846121 792778 820785 812635 821521 838760 804483 822410 779589 803375 878714 841714 854470 838958 784726 880669 840498 793915 826779 823441 813249 823794 879270 823048 873460 832693 810584 831254 809438 802179 824371 833592 773523 828177 782277 816641 819819 802219 838138 855583 886329 789476 874292 863542 815678 809850 797688 754680 846552 840967 817103 777086 864575 835741 874433 784408 891895 801032 826590 807469 877568 796399 821081 833896 810701 818195 831609 845250 839624 780351 793577 856451 803006 830396 883486 860153 840117 834045 861369 837616 811245 762564 802056 837997 782752 869711 828426 834897 841175 798602 833482 832931 800610 805741 863440 770167 758213 820135 835039 797226 819475 833475 847112 820988 820576 809235 789992 868760 796620 868328 895507 891042 890994 815926 843105 828106 854052 800062 855405 873632 806047 811758 817369 842304 852365 766952 868898 830526 807190 810319 777682 800169 742244 857432 800276 847376 805908 783674 871471 787919 814617 834487 811848 793936 882954 812361 822172 780850 815240 777683 815649 884530 811234 779764 829353 821556 865817 808538 758050 779163 800026 849006 796088 836584 851483 845518 804334 865244 849419 837544 812001 848093 821638 815794 791777 763013 815562 867488 816443 731765 834715 826497 821692 846410 817289 858154 842825 796187 873303 794029 851036 823689 821750 824380 844540 846708 785462 826699 877207 796302 787140 833950 848604 848685 784677 818675 812817 831163 784090 804745 840390 852945 819456 819868 829797 834931 845396 821776 818047 868379 854081 759964 798261 770007 772422 798930 809078 837019 825465 849989 841114 824231 804265 778762 844396 801621 782536 814716 775451 840431 848522 781428 815770 801707 837854 862959 821363 791614 855088 858281 810820 839527 801101 832456 811814 809736 857974 839881 809901 847587 833263 764763 777573 854808 796441 789746 809535 828281 799988 885377 796015 831103 858401 848358 816625 836844 786987 798116 828859 835257 825258 795219 803265 817386 750212 763157 830823 843846 873575 892127 808848 846219 854693 853362 832459 802698 792270 830428 811792 743327 790535 787388 844651 803205 782477 834289 850604 792236 820836 780893 836140 828359 853605 
809518 830533 829049 788198 858628 838698 871219 809372 875324 843936 891198 861990 799489 854272 847824 817843 864099 840840 772309 869956 792741 804308 809176 807196 832838 871306 824385 852888 836455 827117 806748 791522 821233 803551 838041 841217 883345 879996 811014 775227 810840 827199 824378 833680 877596 866555 802174 839609 807918 832373 878510 826995 870579 869573 822827 833530 824179 874564 874828 832095 763168 820414 824136 829036 814836 860627 821735 842904 828969 849702 895081 780596 791449 877982 820827 865053 815476 815931 898059 878006 823732 848851 834988 790202 879191 888389 858248 871430 855580 800223 821329 823951 817503 853617 851686 763854 822064 811860 816309 825391 861664 902723 842424 915083 805828 893255 853412 848986 827986 787349 807905 859632 821159 857534 765028 892803 863385 905948 831107 870169 843204 830409 844506 885214 804124 871930 835145 825949 873966 853073 876782 845386 826530 834935 879255 842747 859926 887110 884178 827874 840917 867385 825038 808886 768252 831744 862310 789925 869783 836998 819288 843921 821056 833273 853914 832906 855383 872611 780682 787887 853542 848235 799314 840628 873786 839219 844505 854632 836313 811245 888001 811628 877549 856466 915584 864289 829530 844544 823213 870425 817953 864903 904906 837278 858655 830696 842161 841872 792673 904126 844198 801953 820288 824520 846400 763999 875085 841366 888601 852843 812466 865326 826141 806561 837051 829909 800912 889292 808614 843217 830341 871352 796333 873470 881889 867132 810091 787152 859173 900579 826976 792396 829044 866580 858995 790420 851023 821351 863550 819393 880633 818278 845727 832815 899794 839422 846820 831795 786191 850960 893876 841692 780231 863226 843400 832417 833859 805959 862974 849714 806187 898092 830723 847446 805277 815863 836721 857192 864916 802626 829241 879156 815615 794104 851391 845887 854260 826573 836362 842590 800606 807706 825607 855347 839152 842171 867158 836261 839774 860754 811183 819539 865193 827098 770605 850452 785208 780425 815120 840541 833888 860644 831510 867478 828419 837820 851319 892385 835487 783720 818737 791296 860983 886091 826239 856867 853791 839576 852447 838646 830446 873221 853678 847091 863976 860671 854740 843112 809942 827319 847637 837209 886124 855380 801743 789729 840162 808023 784997 845460 808104 851862 891851 850516 834814 890879 862925 837666 836160 816398 803664 846924 851098 845545 829258 812536 846459 792107 764580 822210 861885 862898 903399 844027 844620 845611 884067 855374 843513 838659 853937 836368 822146 807768 790901 855811 841614 823514 822763 858122 819969 854906 782896 846743 836422 907126 
832322 787112 832989 765523 801603 835090 840536 784753 874509 846043 896847 858723 794007 840961 817975 809570 836972 782910 804896 842851 793783 815080 813550 787448 800924 844323 791308 804918 773209 802934 794488 789296 787322 783517 824113 826137 856757 847365 782412 783557 791377 812643 800224 820708 853543 841413 786539 812284 829661 788201 861972 832105 849979 858364 801377 849842 806274 850833 856504 784620 746905 796991 803535 847932 816547 826779 810013 846938 819768 827944 853566 787538 790174 846272 832111 839750 821981 826404 857211 806011 795331 826322 798320 813538 831564 886803 832635 865662 834178 807876 804657 838979 804133 826261 822178 762884 817973 802477 836793 795721 861640 851529 826978 871665 792327 832644 853917 829927 797677 789246 763746 855559 804234 839593 768210 844245 858559 852247 825317 859598 839711 826886 819842 906742 778204 817581 803321 811645 830849 851351 857971 819836 770468 785926 818172 782802 829865 837860 847256 839954 839649 863494 825947 821349 791838 794988 817302 820003 854860 835653 779153 819309 834541 837003 814779 797965 831019 837003 780398 742560 840718 829661 823117 786186 871409 812685 802215 803363 830665 792955 840699 795211 857001 848829 866397 866588 820910 828488 836458 873066 779122 856986 875222 809547 819023 766089 822729 857974 803742 893834 819268 779953 817063 818425 838851 753942 851496 812554 840500 832467 770684 862544 790508 785837 839308 825802 792628 850495 831327 839191 762741 824104 766716 834665 872171 811015 812825 810659 844451 840345 819324 777031 802439 829957 845908 799436 837571 819595 886571 799127 876916 816678 830528 813085 843356 784547 810640 829811 788501 825838 864223 789278 703125 841541 827298 813464 805627 798235 893036 830593 784467 845501 798061 842719 812765 809253 828089 838341 816648 800943 808684 859405 828406 795895 842646 859103 859163 778578 820590 824608 802711 788319 821824 850268 811246 831866 806826 834367 870965 853275 822083 812726 841134 824028 757348 806469 729975 783489 809794 814980 806818 819122 802053 812897 806351 810622 811167 855421 761753 756522 812077 765326 838482 864990 782045 814985 805389 808071 821315 821836 784006 880187 834007 812042 840103 837747 837130 820157 808269 849120 831395 837308 836303 829060 768863 781621 847844 803562 798666 804384 811359 803589 874297 802170 818151 852867 862776 836065 806155 794277 759014 827475 786262 840737 822278 803391 817057 755158 786541 847252 850691 867468 858699 825688 854181 856892 860137 824560 835441 815714 838401 801618 765595 763386 793884 840795 798006 786624 875355 871323 800996 808876 778754 854470 820468 843498 
845522 847767 842503 817786 815318 848410 878604 796219 871842 836757 871246 859548 793690 839875 836279 825141 860134 811569 794975 858740 830600 802259 816519 779817 826088 834761 816894 852470 830536 825387 817085 802556 788960 787464 837547 847132 863065 874036 814822 815493 804158 828068 794806 811741 851813 834810 804231 849365 805612 780743 861641 828383 859125 859131 822853 869564 819351 846938 860495 790649 761648 825329 817267 829957 822972 869689 837954 816849 828231 834688 901559 781239 814274 868045 815058 855672 827775 765878 908616 851217 807108 859456 808378 790507 796407 902864 829128 876573 834190 827292 805955 853292 809494 822398 823563 786742 856366 807616 832777 811055 851303 847066 813466 901614 791465 848556 894316 837231 805884 771892 791796 875762 846283 841097 801889 858551 905454 879631 813124 864769 832102 837316 835930 854399 830259 838864 859644 834982 834729 852081 852184 844855 812047 807736 881645 807852 823990 881915 882671 857319 851865 871123 825541 848451 779282 842833 847173 777079 875931 843182 858001 807574 791790 822512 829904 812207 874770 857300 819835 761345 829197 826217 812498 836312 845497 831811 806564 828423 830744 800966 873176 817162 870613 860571 908577 855988 815076 854052 844281 849169 815910 832606 887494 841540 839549 852086 838549 862206 804828 865218 841524 786357 819183 791444 823954 770637 857369 811205 856806 827208 819264 851086 792559 805997 804369 842906 776567 881481 822506 828800 763969 828970 804644 816546 909180 842979 825895 812565 838076 864120 825836 769386 810484 835863 841955 813600 846610 810908 844097 808027 868913 829993 820240 846905 873947 794261 812184 853488 795926 795585 892385 839975 748920 815331 829825 840550 840041 812380 881218 831785 799353 896039 785126 854467 834100 778491 835996 819513 814924 823182 851939 903187 843552 799033 813018 854386 876911 809322 828571 865444 847054 784734 820455 860509 808473 824116 854775 820368 878729 844426 796246 808749 843693 834986 765421 817742 781814 788560 816576 817801 824367 821720 850456 852382 839318 846599 809731 866937 815876 793850 818970 758550 847487 882889 777376 844598 844408 827663 833464 848196 808923 874765 827062 835046 863393 828732 852974 849896 835216 804002 824570 817625 857144 855375 781631 776401 834347 805619 804472 807303 846858 814254 847909 791977 829217 864807 847467 842000 802683 787836 795834 836938 832580 856809 801200 808178 824029 768621 782458 826926 845106 876315 889103 802096 859577 850913 883104 840246 821389 786105 833436 840039 759962 815776 802867 863797 808072 767602 824054 840187 828587 826130 816997 805964 836945 861453 
796426 799359 787587 749528 793535 828583 824943 759627 805291 830293 820004 838241 772646 821759 802103 754542 802300 773597 765311 828358 793838 772010 786276 742384 801415 793111 766213 778737 801406 782404 779119 749894 778581 772455 807069 801367 829525 829375 796078 712217 799563 782008 733306 776315 827805 796454 766651 792379 812406 761408 800880 823804 818497 818286 793479 803114 792249 837397 834420 799453 772051 784131 779431 795803 759328 807593 808003 802953 787631 809764 840678 755465 789724 828530 770058 844570 823804 745274 842104 802803 750486 827955 792425 760934 778168 868607 781070 838683 805785 789306 797781 794081 755459 819926 810157 748710 820751 773642 787005 764206 812289 807174 785149 893243 768003 810125 828213 807781 768057 785124 785568 816298 813937 804456 761002 830352 819897 823480 764696 831870 784406 843218 804167 853496 785319 787161 791957 778898 808487 830992 820913 796403 779283 774681 809357 769113 798945 835970 805432 826367 816683 869768 774355 775755 761782 778565 820629 737656 866143 797900 799500 815058 779239 792841 783885 819424 797831 789913 752765 758810 795702 781577 764426 759626 834712 812678 796671 797600 809315 761018 854558 794711 814864 824247 866614 803740 786857 787199 812450 835659 787304 800270 839000 804185 781842 792827 789094 821993 766809 856036 792906 768819 791333 773621 778884 733672 800105 788220 837638 786854 786790 811305 755435 763193 778707 794260 768254 805285 778668 802308 759001 804258 745441 798345 865290 818016 754165 777428 812284 842109 768677 729536 792801 768151 815007 766996 808761 786396 819038 774319 837607 791289 799392 801420 819473 787584 781147 769754 759154 789146 833714 753190 725562 806824 762570 806654 818619 766312 831074 802657 749982 845077 762511 810808 788654 785842 803306 777105 811059 810048 781696 829964 795750 796878 835011 804741 792145 757927 771666 794069 776245 756997 765486 797690 804392 782285 810721 787681 837041 809913 764686 799363 820905 815771 720999 793600 746544 768641 746549 758929 755286 773276 805364 809972 787244 799332 775864 809236 771230 733506 784810 727222 837747 816328 763790 835942 828535 764447 792509 812438 754103 825147 830444 802013 807633 771124 831548 816634 811876 781584 799969 803277 846233 807006 775494 736254 806843 783378 756215 774370 786103 785904 840013 762810 770205 846509 807556 811078 762788 802100 762520 781355 807473 803204 761512 789156 784645 743343 734883 771626 830892 818963 835515 788656 826919 842200 828694 793970 759627 785099 813963 796238 708311 770822 764180 798473 767843 783408 802859 803212 809385 813451 772570 814995 805307 838610 
824678 827914 849003 792414 801190 871416 854828 781384 843887 837043 840938 856900 818667 816587 782393 812931 834548 767726 751156 828142 790726 767176 788995 765056 817080 854502 794627 813043 777243 764380 792823 788826 799545 806391 813630 834830 853083 842597 800350 750920 787597 785692 774624 792111 838385 833944 787947 799619 822737 809166 839143 818034 825102 850012 817732 843987 799471 867506 871545 795810 762455 802889 844942 846521 775777 830844 827228 867891 829467 812562 862561 780711 821964 854370 809405 861403 853996 784378 862329 854760 791176 823947 801047 821929 779518 892152 782186 864944 834798 791070 772000 795508 787193 829968 848749 750960 818994 777535 856084 808876 844895 849151 826167 869585 804024 864527 856867 833211 801693 792547 782992 869414 796918 828627 760812 859980 841141 862969 819595 875766 803201 833259 797128 872452 806107 826132 854208 808688 802527 872346 841628 822263 788589 826475 854894 779524 828884 887795 858338 826718 839769 852919 825564 808682 772437 793682 808439 788647 862734 821841 828121 826249 787032 812037 840991 803856 842651 818643 795787 759296 823690 808262 788898 764690 902908 832340 797469 851014 804135 789784 819414 809630 880707 866853 885562 831599 806879 812592 816538 882691 782535 844843 843182 823228 797239 773717 815515 831266 775466 868596 793222 783362 796653 786623 797270 763042 836897 806888 817501 842413 809769 848363 812231 771506 818856 801908 791181 831090 776390 795267 809045 811279 767062 829905 866429 813127 809026 798004 823282 850530 801776 743078 799508 839099 848590 807751 827161 800447 875863 778535 836596 810262 839073 798185 847231 789380 807326 816601 782160 808237 867045 810060 734557 822021 819321 819246 814506 793943 846576 834185 769919 823746 803078 825904 804433 832875 813809 825439 835282 817149 801874 890001 812235 789960 832888 820490 832630 781214 811106 817963 809965 774226 790358 837134 797759 820253 838873 809958 841738 863210 840968 833089 843230 832396 760355 823869 750003 767346 807687 829592 788515 805908 829507 822118 810356 841848 812747 868501 780803 774112 812922 752163 820553 828603 816156 809603 820207 803349 811676 833656 754386 828144 842977 817783 811367 840381 816820 807019 789051 822467 820770 833121 812806 833560 771278 751422 836321 778589 788849 808906 809427 804314 849785 818631 826306 872827 858420 821040 788219 765325 784432 804673 807294 836182 815150 794109 833134 752823 778218 805278 856659 849262 860595 812287 825122 824865 863769 807944 799807 813557 828915 807353 772318 768964 781144 848465 830251 805949 827065 853868 788012 788384 787706 840069 833174 845843 
MPI running time: 0.00783506 Seconds
